WARNING - 2025-12-04 00:39:48 --> [DEPRECATED] Passing lowercase HTTP method "get" is deprecated. Use uppercase HTTP method like "GET". in SYSTEMPATH\Router\RouteCollection.php on line 1026.
 1 SYSTEMPATH\Router\RouteCollection.php(1026): trigger_error('Passing lowercase HTTP method "get" is deprecated. Use uppercase HTTP method like "GET".', 16384)
 2 APPPATH\Config\Routes.php(101): CodeIgniter\Router\RouteCollection->match([...], 'sms/gateway', 'SmsController::gateway')
 3 SYSTEMPATH\Router\RouteCollection.php(339): require('D:\\xampp\\htdocs\\FloodGuard\\app\\Config\\Routes.php')
 4 SYSTEMPATH\CodeIgniter.php(821): CodeIgniter\Router\RouteCollection->loadRoutes()
 5 SYSTEMPATH\CodeIgniter.php(455): CodeIgniter\CodeIgniter->tryToRouteIt(null)
 6 SYSTEMPATH\CodeIgniter.php(354): CodeIgniter\CodeIgniter->handleRequest(null, Object(Config\Cache), false)
 7 SYSTEMPATH\Boot.php(334): CodeIgniter\CodeIgniter->run()
 8 SYSTEMPATH\Boot.php(67): CodeIgniter\Boot::runCodeIgniter(Object(CodeIgniter\CodeIgniter))
 9 FCPATH\index.php(59): CodeIgniter\Boot::bootWeb(Object(Config\Paths))
WARNING - 2025-12-04 00:39:48 --> [DEPRECATED] Passing lowercase HTTP method "post" is deprecated. Use uppercase HTTP method like "POST". in SYSTEMPATH\Router\RouteCollection.php on line 1026.
 1 SYSTEMPATH\Router\RouteCollection.php(1026): trigger_error('Passing lowercase HTTP method "post" is deprecated. Use uppercase HTTP method like "POST".', 16384)
 2 APPPATH\Config\Routes.php(101): CodeIgniter\Router\RouteCollection->match([...], 'sms/gateway', 'SmsController::gateway')
 3 SYSTEMPATH\Router\RouteCollection.php(339): require('D:\\xampp\\htdocs\\FloodGuard\\app\\Config\\Routes.php')
 4 SYSTEMPATH\CodeIgniter.php(821): CodeIgniter\Router\RouteCollection->loadRoutes()
 5 SYSTEMPATH\CodeIgniter.php(455): CodeIgniter\CodeIgniter->tryToRouteIt(null)
 6 SYSTEMPATH\CodeIgniter.php(354): CodeIgniter\CodeIgniter->handleRequest(null, Object(Config\Cache), false)
 7 SYSTEMPATH\Boot.php(334): CodeIgniter\CodeIgniter->run()
 8 SYSTEMPATH\Boot.php(67): CodeIgniter\Boot::runCodeIgniter(Object(CodeIgniter\CodeIgniter))
 9 FCPATH\index.php(59): CodeIgniter\Boot::bootWeb(Object(Config\Paths))
DEBUG - 2025-12-04 00:39:48 --> Session: Class initialized using 'CodeIgniter\Session\Handlers\FileHandler' driver.
WARNING - 2025-12-04 00:39:51 --> [DEPRECATED] Passing lowercase HTTP method "get" is deprecated. Use uppercase HTTP method like "GET". in SYSTEMPATH\Router\RouteCollection.php on line 1026.
 1 SYSTEMPATH\Router\RouteCollection.php(1026): trigger_error('Passing lowercase HTTP method "get" is deprecated. Use uppercase HTTP method like "GET".', 16384)
 2 APPPATH\Config\Routes.php(101): CodeIgniter\Router\RouteCollection->match([...], 'sms/gateway', 'SmsController::gateway')
 3 SYSTEMPATH\Router\RouteCollection.php(339): require('D:\\xampp\\htdocs\\FloodGuard\\app\\Config\\Routes.php')
 4 SYSTEMPATH\CodeIgniter.php(821): CodeIgniter\Router\RouteCollection->loadRoutes()
 5 SYSTEMPATH\CodeIgniter.php(455): CodeIgniter\CodeIgniter->tryToRouteIt(null)
 6 SYSTEMPATH\CodeIgniter.php(354): CodeIgniter\CodeIgniter->handleRequest(null, Object(Config\Cache), false)
 7 SYSTEMPATH\Boot.php(334): CodeIgniter\CodeIgniter->run()
 8 SYSTEMPATH\Boot.php(67): CodeIgniter\Boot::runCodeIgniter(Object(CodeIgniter\CodeIgniter))
 9 FCPATH\index.php(59): CodeIgniter\Boot::bootWeb(Object(Config\Paths))
WARNING - 2025-12-04 00:39:51 --> [DEPRECATED] Passing lowercase HTTP method "post" is deprecated. Use uppercase HTTP method like "POST". in SYSTEMPATH\Router\RouteCollection.php on line 1026.
 1 SYSTEMPATH\Router\RouteCollection.php(1026): trigger_error('Passing lowercase HTTP method "post" is deprecated. Use uppercase HTTP method like "POST".', 16384)
 2 APPPATH\Config\Routes.php(101): CodeIgniter\Router\RouteCollection->match([...], 'sms/gateway', 'SmsController::gateway')
 3 SYSTEMPATH\Router\RouteCollection.php(339): require('D:\\xampp\\htdocs\\FloodGuard\\app\\Config\\Routes.php')
 4 SYSTEMPATH\CodeIgniter.php(821): CodeIgniter\Router\RouteCollection->loadRoutes()
 5 SYSTEMPATH\CodeIgniter.php(455): CodeIgniter\CodeIgniter->tryToRouteIt(null)
 6 SYSTEMPATH\CodeIgniter.php(354): CodeIgniter\CodeIgniter->handleRequest(null, Object(Config\Cache), false)
 7 SYSTEMPATH\Boot.php(334): CodeIgniter\CodeIgniter->run()
 8 SYSTEMPATH\Boot.php(67): CodeIgniter\Boot::runCodeIgniter(Object(CodeIgniter\CodeIgniter))
 9 FCPATH\index.php(59): CodeIgniter\Boot::bootWeb(Object(Config\Paths))
DEBUG - 2025-12-04 00:39:51 --> Session: Class initialized using 'CodeIgniter\Session\Handlers\FileHandler' driver.
WARNING - 2025-12-04 00:39:51 --> [DEPRECATED] Passing lowercase HTTP method "get" is deprecated. Use uppercase HTTP method like "GET". in SYSTEMPATH\Router\RouteCollection.php on line 1026.
 1 SYSTEMPATH\Router\RouteCollection.php(1026): trigger_error('Passing lowercase HTTP method "get" is deprecated. Use uppercase HTTP method like "GET".', 16384)
 2 APPPATH\Config\Routes.php(101): CodeIgniter\Router\RouteCollection->match([...], 'sms/gateway', 'SmsController::gateway')
 3 SYSTEMPATH\Router\RouteCollection.php(339): require('D:\\xampp\\htdocs\\FloodGuard\\app\\Config\\Routes.php')
 4 SYSTEMPATH\CodeIgniter.php(821): CodeIgniter\Router\RouteCollection->loadRoutes()
 5 SYSTEMPATH\CodeIgniter.php(455): CodeIgniter\CodeIgniter->tryToRouteIt(null)
 6 SYSTEMPATH\CodeIgniter.php(354): CodeIgniter\CodeIgniter->handleRequest(null, Object(Config\Cache), false)
 7 SYSTEMPATH\Boot.php(334): CodeIgniter\CodeIgniter->run()
 8 SYSTEMPATH\Boot.php(67): CodeIgniter\Boot::runCodeIgniter(Object(CodeIgniter\CodeIgniter))
 9 FCPATH\index.php(59): CodeIgniter\Boot::bootWeb(Object(Config\Paths))
WARNING - 2025-12-04 00:39:51 --> [DEPRECATED] Passing lowercase HTTP method "post" is deprecated. Use uppercase HTTP method like "POST". in SYSTEMPATH\Router\RouteCollection.php on line 1026.
 1 SYSTEMPATH\Router\RouteCollection.php(1026): trigger_error('Passing lowercase HTTP method "post" is deprecated. Use uppercase HTTP method like "POST".', 16384)
 2 APPPATH\Config\Routes.php(101): CodeIgniter\Router\RouteCollection->match([...], 'sms/gateway', 'SmsController::gateway')
 3 SYSTEMPATH\Router\RouteCollection.php(339): require('D:\\xampp\\htdocs\\FloodGuard\\app\\Config\\Routes.php')
 4 SYSTEMPATH\CodeIgniter.php(821): CodeIgniter\Router\RouteCollection->loadRoutes()
 5 SYSTEMPATH\CodeIgniter.php(455): CodeIgniter\CodeIgniter->tryToRouteIt(null)
 6 SYSTEMPATH\CodeIgniter.php(354): CodeIgniter\CodeIgniter->handleRequest(null, Object(Config\Cache), false)
 7 SYSTEMPATH\Boot.php(334): CodeIgniter\CodeIgniter->run()
 8 SYSTEMPATH\Boot.php(67): CodeIgniter\Boot::runCodeIgniter(Object(CodeIgniter\CodeIgniter))
 9 FCPATH\index.php(59): CodeIgniter\Boot::bootWeb(Object(Config\Paths))
WARNING - 2025-12-04 00:46:30 --> [DEPRECATED] Passing lowercase HTTP method "get" is deprecated. Use uppercase HTTP method like "GET". in SYSTEMPATH\Router\RouteCollection.php on line 1026.
 1 SYSTEMPATH\Router\RouteCollection.php(1026): trigger_error('Passing lowercase HTTP method "get" is deprecated. Use uppercase HTTP method like "GET".', 16384)
 2 APPPATH\Config\Routes.php(101): CodeIgniter\Router\RouteCollection->match([...], 'sms/gateway', 'SmsController::gateway')
 3 SYSTEMPATH\Router\RouteCollection.php(339): require('D:\\xampp\\htdocs\\FloodGuard\\app\\Config\\Routes.php')
 4 SYSTEMPATH\CodeIgniter.php(821): CodeIgniter\Router\RouteCollection->loadRoutes()
 5 SYSTEMPATH\CodeIgniter.php(455): CodeIgniter\CodeIgniter->tryToRouteIt(null)
 6 SYSTEMPATH\CodeIgniter.php(354): CodeIgniter\CodeIgniter->handleRequest(null, Object(Config\Cache), false)
 7 SYSTEMPATH\Boot.php(334): CodeIgniter\CodeIgniter->run()
 8 SYSTEMPATH\Boot.php(67): CodeIgniter\Boot::runCodeIgniter(Object(CodeIgniter\CodeIgniter))
 9 FCPATH\index.php(59): CodeIgniter\Boot::bootWeb(Object(Config\Paths))
WARNING - 2025-12-04 00:46:30 --> [DEPRECATED] Passing lowercase HTTP method "post" is deprecated. Use uppercase HTTP method like "POST". in SYSTEMPATH\Router\RouteCollection.php on line 1026.
 1 SYSTEMPATH\Router\RouteCollection.php(1026): trigger_error('Passing lowercase HTTP method "post" is deprecated. Use uppercase HTTP method like "POST".', 16384)
 2 APPPATH\Config\Routes.php(101): CodeIgniter\Router\RouteCollection->match([...], 'sms/gateway', 'SmsController::gateway')
 3 SYSTEMPATH\Router\RouteCollection.php(339): require('D:\\xampp\\htdocs\\FloodGuard\\app\\Config\\Routes.php')
 4 SYSTEMPATH\CodeIgniter.php(821): CodeIgniter\Router\RouteCollection->loadRoutes()
 5 SYSTEMPATH\CodeIgniter.php(455): CodeIgniter\CodeIgniter->tryToRouteIt(null)
 6 SYSTEMPATH\CodeIgniter.php(354): CodeIgniter\CodeIgniter->handleRequest(null, Object(Config\Cache), false)
 7 SYSTEMPATH\Boot.php(334): CodeIgniter\CodeIgniter->run()
 8 SYSTEMPATH\Boot.php(67): CodeIgniter\Boot::runCodeIgniter(Object(CodeIgniter\CodeIgniter))
 9 FCPATH\index.php(59): CodeIgniter\Boot::bootWeb(Object(Config\Paths))
DEBUG - 2025-12-04 00:46:30 --> Session: Class initialized using 'CodeIgniter\Session\Handlers\FileHandler' driver.
WARNING - 2025-12-04 00:46:35 --> [DEPRECATED] Passing lowercase HTTP method "get" is deprecated. Use uppercase HTTP method like "GET". in SYSTEMPATH\Router\RouteCollection.php on line 1026.
 1 SYSTEMPATH\Router\RouteCollection.php(1026): trigger_error('Passing lowercase HTTP method "get" is deprecated. Use uppercase HTTP method like "GET".', 16384)
 2 APPPATH\Config\Routes.php(101): CodeIgniter\Router\RouteCollection->match([...], 'sms/gateway', 'SmsController::gateway')
 3 SYSTEMPATH\Router\RouteCollection.php(339): require('D:\\xampp\\htdocs\\FloodGuard\\app\\Config\\Routes.php')
 4 SYSTEMPATH\CodeIgniter.php(821): CodeIgniter\Router\RouteCollection->loadRoutes()
 5 SYSTEMPATH\CodeIgniter.php(455): CodeIgniter\CodeIgniter->tryToRouteIt(null)
 6 SYSTEMPATH\CodeIgniter.php(354): CodeIgniter\CodeIgniter->handleRequest(null, Object(Config\Cache), false)
 7 SYSTEMPATH\Boot.php(334): CodeIgniter\CodeIgniter->run()
 8 SYSTEMPATH\Boot.php(67): CodeIgniter\Boot::runCodeIgniter(Object(CodeIgniter\CodeIgniter))
 9 FCPATH\index.php(59): CodeIgniter\Boot::bootWeb(Object(Config\Paths))
WARNING - 2025-12-04 00:46:35 --> [DEPRECATED] Passing lowercase HTTP method "post" is deprecated. Use uppercase HTTP method like "POST". in SYSTEMPATH\Router\RouteCollection.php on line 1026.
 1 SYSTEMPATH\Router\RouteCollection.php(1026): trigger_error('Passing lowercase HTTP method "post" is deprecated. Use uppercase HTTP method like "POST".', 16384)
 2 APPPATH\Config\Routes.php(101): CodeIgniter\Router\RouteCollection->match([...], 'sms/gateway', 'SmsController::gateway')
 3 SYSTEMPATH\Router\RouteCollection.php(339): require('D:\\xampp\\htdocs\\FloodGuard\\app\\Config\\Routes.php')
 4 SYSTEMPATH\CodeIgniter.php(821): CodeIgniter\Router\RouteCollection->loadRoutes()
 5 SYSTEMPATH\CodeIgniter.php(455): CodeIgniter\CodeIgniter->tryToRouteIt(null)
 6 SYSTEMPATH\CodeIgniter.php(354): CodeIgniter\CodeIgniter->handleRequest(null, Object(Config\Cache), false)
 7 SYSTEMPATH\Boot.php(334): CodeIgniter\CodeIgniter->run()
 8 SYSTEMPATH\Boot.php(67): CodeIgniter\Boot::runCodeIgniter(Object(CodeIgniter\CodeIgniter))
 9 FCPATH\index.php(59): CodeIgniter\Boot::bootWeb(Object(Config\Paths))
DEBUG - 2025-12-04 00:46:35 --> Session: Class initialized using 'CodeIgniter\Session\Handlers\FileHandler' driver.
WARNING - 2025-12-04 00:46:36 --> [DEPRECATED] Passing lowercase HTTP method "get" is deprecated. Use uppercase HTTP method like "GET". in SYSTEMPATH\Router\RouteCollection.php on line 1026.
 1 SYSTEMPATH\Router\RouteCollection.php(1026): trigger_error('Passing lowercase HTTP method "get" is deprecated. Use uppercase HTTP method like "GET".', 16384)
 2 APPPATH\Config\Routes.php(101): CodeIgniter\Router\RouteCollection->match([...], 'sms/gateway', 'SmsController::gateway')
 3 SYSTEMPATH\Router\RouteCollection.php(339): require('D:\\xampp\\htdocs\\FloodGuard\\app\\Config\\Routes.php')
 4 SYSTEMPATH\CodeIgniter.php(821): CodeIgniter\Router\RouteCollection->loadRoutes()
 5 SYSTEMPATH\CodeIgniter.php(455): CodeIgniter\CodeIgniter->tryToRouteIt(null)
 6 SYSTEMPATH\CodeIgniter.php(354): CodeIgniter\CodeIgniter->handleRequest(null, Object(Config\Cache), false)
 7 SYSTEMPATH\Boot.php(334): CodeIgniter\CodeIgniter->run()
 8 SYSTEMPATH\Boot.php(67): CodeIgniter\Boot::runCodeIgniter(Object(CodeIgniter\CodeIgniter))
 9 FCPATH\index.php(59): CodeIgniter\Boot::bootWeb(Object(Config\Paths))
WARNING - 2025-12-04 00:46:36 --> [DEPRECATED] Passing lowercase HTTP method "post" is deprecated. Use uppercase HTTP method like "POST". in SYSTEMPATH\Router\RouteCollection.php on line 1026.
 1 SYSTEMPATH\Router\RouteCollection.php(1026): trigger_error('Passing lowercase HTTP method "post" is deprecated. Use uppercase HTTP method like "POST".', 16384)
 2 APPPATH\Config\Routes.php(101): CodeIgniter\Router\RouteCollection->match([...], 'sms/gateway', 'SmsController::gateway')
 3 SYSTEMPATH\Router\RouteCollection.php(339): require('D:\\xampp\\htdocs\\FloodGuard\\app\\Config\\Routes.php')
 4 SYSTEMPATH\CodeIgniter.php(821): CodeIgniter\Router\RouteCollection->loadRoutes()
 5 SYSTEMPATH\CodeIgniter.php(455): CodeIgniter\CodeIgniter->tryToRouteIt(null)
 6 SYSTEMPATH\CodeIgniter.php(354): CodeIgniter\CodeIgniter->handleRequest(null, Object(Config\Cache), false)
 7 SYSTEMPATH\Boot.php(334): CodeIgniter\CodeIgniter->run()
 8 SYSTEMPATH\Boot.php(67): CodeIgniter\Boot::runCodeIgniter(Object(CodeIgniter\CodeIgniter))
 9 FCPATH\index.php(59): CodeIgniter\Boot::bootWeb(Object(Config\Paths))
WARNING - 2025-12-04 00:46:36 --> [DEPRECATED] Passing lowercase HTTP method "get" is deprecated. Use uppercase HTTP method like "GET". in SYSTEMPATH\Router\RouteCollection.php on line 1026.
 1 SYSTEMPATH\Router\RouteCollection.php(1026): trigger_error('Passing lowercase HTTP method "get" is deprecated. Use uppercase HTTP method like "GET".', 16384)
 2 APPPATH\Config\Routes.php(101): CodeIgniter\Router\RouteCollection->match([...], 'sms/gateway', 'SmsController::gateway')
 3 SYSTEMPATH\Router\RouteCollection.php(339): require('D:\\xampp\\htdocs\\FloodGuard\\app\\Config\\Routes.php')
 4 SYSTEMPATH\CodeIgniter.php(821): CodeIgniter\Router\RouteCollection->loadRoutes()
 5 SYSTEMPATH\CodeIgniter.php(455): CodeIgniter\CodeIgniter->tryToRouteIt(null)
 6 SYSTEMPATH\CodeIgniter.php(354): CodeIgniter\CodeIgniter->handleRequest(null, Object(Config\Cache), false)
 7 SYSTEMPATH\Boot.php(334): CodeIgniter\CodeIgniter->run()
 8 SYSTEMPATH\Boot.php(67): CodeIgniter\Boot::runCodeIgniter(Object(CodeIgniter\CodeIgniter))
 9 FCPATH\index.php(59): CodeIgniter\Boot::bootWeb(Object(Config\Paths))
WARNING - 2025-12-04 00:46:36 --> [DEPRECATED] Passing lowercase HTTP method "post" is deprecated. Use uppercase HTTP method like "POST". in SYSTEMPATH\Router\RouteCollection.php on line 1026.
 1 SYSTEMPATH\Router\RouteCollection.php(1026): trigger_error('Passing lowercase HTTP method "post" is deprecated. Use uppercase HTTP method like "POST".', 16384)
 2 APPPATH\Config\Routes.php(101): CodeIgniter\Router\RouteCollection->match([...], 'sms/gateway', 'SmsController::gateway')
 3 SYSTEMPATH\Router\RouteCollection.php(339): require('D:\\xampp\\htdocs\\FloodGuard\\app\\Config\\Routes.php')
 4 SYSTEMPATH\CodeIgniter.php(821): CodeIgniter\Router\RouteCollection->loadRoutes()
 5 SYSTEMPATH\CodeIgniter.php(455): CodeIgniter\CodeIgniter->tryToRouteIt(null)
 6 SYSTEMPATH\CodeIgniter.php(354): CodeIgniter\CodeIgniter->handleRequest(null, Object(Config\Cache), false)
 7 SYSTEMPATH\Boot.php(334): CodeIgniter\CodeIgniter->run()
 8 SYSTEMPATH\Boot.php(67): CodeIgniter\Boot::runCodeIgniter(Object(CodeIgniter\CodeIgniter))
 9 FCPATH\index.php(59): CodeIgniter\Boot::bootWeb(Object(Config\Paths))
WARNING - 2025-12-04 00:46:36 --> [DEPRECATED] Passing lowercase HTTP method "get" is deprecated. Use uppercase HTTP method like "GET". in SYSTEMPATH\Router\RouteCollection.php on line 1026.
 1 SYSTEMPATH\Router\RouteCollection.php(1026): trigger_error('Passing lowercase HTTP method "get" is deprecated. Use uppercase HTTP method like "GET".', 16384)
 2 APPPATH\Config\Routes.php(101): CodeIgniter\Router\RouteCollection->match([...], 'sms/gateway', 'SmsController::gateway')
 3 SYSTEMPATH\Router\RouteCollection.php(339): require('D:\\xampp\\htdocs\\FloodGuard\\app\\Config\\Routes.php')
 4 SYSTEMPATH\CodeIgniter.php(821): CodeIgniter\Router\RouteCollection->loadRoutes()
 5 SYSTEMPATH\CodeIgniter.php(455): CodeIgniter\CodeIgniter->tryToRouteIt(null)
 6 SYSTEMPATH\CodeIgniter.php(354): CodeIgniter\CodeIgniter->handleRequest(null, Object(Config\Cache), false)
 7 SYSTEMPATH\Boot.php(334): CodeIgniter\CodeIgniter->run()
 8 SYSTEMPATH\Boot.php(67): CodeIgniter\Boot::runCodeIgniter(Object(CodeIgniter\CodeIgniter))
 9 FCPATH\index.php(59): CodeIgniter\Boot::bootWeb(Object(Config\Paths))
WARNING - 2025-12-04 00:46:36 --> [DEPRECATED] Passing lowercase HTTP method "post" is deprecated. Use uppercase HTTP method like "POST". in SYSTEMPATH\Router\RouteCollection.php on line 1026.
 1 SYSTEMPATH\Router\RouteCollection.php(1026): trigger_error('Passing lowercase HTTP method "post" is deprecated. Use uppercase HTTP method like "POST".', 16384)
 2 APPPATH\Config\Routes.php(101): CodeIgniter\Router\RouteCollection->match([...], 'sms/gateway', 'SmsController::gateway')
 3 SYSTEMPATH\Router\RouteCollection.php(339): require('D:\\xampp\\htdocs\\FloodGuard\\app\\Config\\Routes.php')
 4 SYSTEMPATH\CodeIgniter.php(821): CodeIgniter\Router\RouteCollection->loadRoutes()
 5 SYSTEMPATH\CodeIgniter.php(455): CodeIgniter\CodeIgniter->tryToRouteIt(null)
 6 SYSTEMPATH\CodeIgniter.php(354): CodeIgniter\CodeIgniter->handleRequest(null, Object(Config\Cache), false)
 7 SYSTEMPATH\Boot.php(334): CodeIgniter\CodeIgniter->run()
 8 SYSTEMPATH\Boot.php(67): CodeIgniter\Boot::runCodeIgniter(Object(CodeIgniter\CodeIgniter))
 9 FCPATH\index.php(59): CodeIgniter\Boot::bootWeb(Object(Config\Paths))
WARNING - 2025-12-04 00:46:36 --> [DEPRECATED] Passing lowercase HTTP method "get" is deprecated. Use uppercase HTTP method like "GET". in SYSTEMPATH\Router\RouteCollection.php on line 1026.
 1 SYSTEMPATH\Router\RouteCollection.php(1026): trigger_error('Passing lowercase HTTP method "get" is deprecated. Use uppercase HTTP method like "GET".', 16384)
 2 APPPATH\Config\Routes.php(101): CodeIgniter\Router\RouteCollection->match([...], 'sms/gateway', 'SmsController::gateway')
 3 SYSTEMPATH\Router\RouteCollection.php(339): require('D:\\xampp\\htdocs\\FloodGuard\\app\\Config\\Routes.php')
 4 SYSTEMPATH\CodeIgniter.php(821): CodeIgniter\Router\RouteCollection->loadRoutes()
 5 SYSTEMPATH\CodeIgniter.php(455): CodeIgniter\CodeIgniter->tryToRouteIt(null)
 6 SYSTEMPATH\CodeIgniter.php(354): CodeIgniter\CodeIgniter->handleRequest(null, Object(Config\Cache), false)
 7 SYSTEMPATH\Boot.php(334): CodeIgniter\CodeIgniter->run()
 8 SYSTEMPATH\Boot.php(67): CodeIgniter\Boot::runCodeIgniter(Object(CodeIgniter\CodeIgniter))
 9 FCPATH\index.php(59): CodeIgniter\Boot::bootWeb(Object(Config\Paths))
WARNING - 2025-12-04 00:46:36 --> [DEPRECATED] Passing lowercase HTTP method "post" is deprecated. Use uppercase HTTP method like "POST". in SYSTEMPATH\Router\RouteCollection.php on line 1026.
 1 SYSTEMPATH\Router\RouteCollection.php(1026): trigger_error('Passing lowercase HTTP method "post" is deprecated. Use uppercase HTTP method like "POST".', 16384)
 2 APPPATH\Config\Routes.php(101): CodeIgniter\Router\RouteCollection->match([...], 'sms/gateway', 'SmsController::gateway')
 3 SYSTEMPATH\Router\RouteCollection.php(339): require('D:\\xampp\\htdocs\\FloodGuard\\app\\Config\\Routes.php')
 4 SYSTEMPATH\CodeIgniter.php(821): CodeIgniter\Router\RouteCollection->loadRoutes()
 5 SYSTEMPATH\CodeIgniter.php(455): CodeIgniter\CodeIgniter->tryToRouteIt(null)
 6 SYSTEMPATH\CodeIgniter.php(354): CodeIgniter\CodeIgniter->handleRequest(null, Object(Config\Cache), false)
 7 SYSTEMPATH\Boot.php(334): CodeIgniter\CodeIgniter->run()
 8 SYSTEMPATH\Boot.php(67): CodeIgniter\Boot::runCodeIgniter(Object(CodeIgniter\CodeIgniter))
 9 FCPATH\index.php(59): CodeIgniter\Boot::bootWeb(Object(Config\Paths))
WARNING - 2025-12-04 00:46:36 --> [DEPRECATED] Passing lowercase HTTP method "get" is deprecated. Use uppercase HTTP method like "GET". in SYSTEMPATH\Router\RouteCollection.php on line 1026.
 1 SYSTEMPATH\Router\RouteCollection.php(1026): trigger_error('Passing lowercase HTTP method "get" is deprecated. Use uppercase HTTP method like "GET".', 16384)
 2 APPPATH\Config\Routes.php(101): CodeIgniter\Router\RouteCollection->match([...], 'sms/gateway', 'SmsController::gateway')
 3 SYSTEMPATH\Router\RouteCollection.php(339): require('D:\\xampp\\htdocs\\FloodGuard\\app\\Config\\Routes.php')
 4 SYSTEMPATH\CodeIgniter.php(821): CodeIgniter\Router\RouteCollection->loadRoutes()
 5 SYSTEMPATH\CodeIgniter.php(455): CodeIgniter\CodeIgniter->tryToRouteIt(null)
 6 SYSTEMPATH\CodeIgniter.php(354): CodeIgniter\CodeIgniter->handleRequest(null, Object(Config\Cache), false)
 7 SYSTEMPATH\Boot.php(334): CodeIgniter\CodeIgniter->run()
 8 SYSTEMPATH\Boot.php(67): CodeIgniter\Boot::runCodeIgniter(Object(CodeIgniter\CodeIgniter))
 9 FCPATH\index.php(59): CodeIgniter\Boot::bootWeb(Object(Config\Paths))
WARNING - 2025-12-04 00:46:36 --> [DEPRECATED] Passing lowercase HTTP method "post" is deprecated. Use uppercase HTTP method like "POST". in SYSTEMPATH\Router\RouteCollection.php on line 1026.
 1 SYSTEMPATH\Router\RouteCollection.php(1026): trigger_error('Passing lowercase HTTP method "post" is deprecated. Use uppercase HTTP method like "POST".', 16384)
 2 APPPATH\Config\Routes.php(101): CodeIgniter\Router\RouteCollection->match([...], 'sms/gateway', 'SmsController::gateway')
 3 SYSTEMPATH\Router\RouteCollection.php(339): require('D:\\xampp\\htdocs\\FloodGuard\\app\\Config\\Routes.php')
 4 SYSTEMPATH\CodeIgniter.php(821): CodeIgniter\Router\RouteCollection->loadRoutes()
 5 SYSTEMPATH\CodeIgniter.php(455): CodeIgniter\CodeIgniter->tryToRouteIt(null)
 6 SYSTEMPATH\CodeIgniter.php(354): CodeIgniter\CodeIgniter->handleRequest(null, Object(Config\Cache), false)
 7 SYSTEMPATH\Boot.php(334): CodeIgniter\CodeIgniter->run()
 8 SYSTEMPATH\Boot.php(67): CodeIgniter\Boot::runCodeIgniter(Object(CodeIgniter\CodeIgniter))
 9 FCPATH\index.php(59): CodeIgniter\Boot::bootWeb(Object(Config\Paths))
WARNING - 2025-12-04 00:46:41 --> [DEPRECATED] Passing lowercase HTTP method "get" is deprecated. Use uppercase HTTP method like "GET". in SYSTEMPATH\Router\RouteCollection.php on line 1026.
 1 SYSTEMPATH\Router\RouteCollection.php(1026): trigger_error('Passing lowercase HTTP method "get" is deprecated. Use uppercase HTTP method like "GET".', 16384)
 2 APPPATH\Config\Routes.php(101): CodeIgniter\Router\RouteCollection->match([...], 'sms/gateway', 'SmsController::gateway')
 3 SYSTEMPATH\Router\RouteCollection.php(339): require('D:\\xampp\\htdocs\\FloodGuard\\app\\Config\\Routes.php')
 4 SYSTEMPATH\CodeIgniter.php(821): CodeIgniter\Router\RouteCollection->loadRoutes()
 5 SYSTEMPATH\CodeIgniter.php(455): CodeIgniter\CodeIgniter->tryToRouteIt(null)
 6 SYSTEMPATH\CodeIgniter.php(354): CodeIgniter\CodeIgniter->handleRequest(null, Object(Config\Cache), false)
 7 SYSTEMPATH\Boot.php(334): CodeIgniter\CodeIgniter->run()
 8 SYSTEMPATH\Boot.php(67): CodeIgniter\Boot::runCodeIgniter(Object(CodeIgniter\CodeIgniter))
 9 FCPATH\index.php(59): CodeIgniter\Boot::bootWeb(Object(Config\Paths))
WARNING - 2025-12-04 00:46:41 --> [DEPRECATED] Passing lowercase HTTP method "post" is deprecated. Use uppercase HTTP method like "POST". in SYSTEMPATH\Router\RouteCollection.php on line 1026.
 1 SYSTEMPATH\Router\RouteCollection.php(1026): trigger_error('Passing lowercase HTTP method "post" is deprecated. Use uppercase HTTP method like "POST".', 16384)
 2 APPPATH\Config\Routes.php(101): CodeIgniter\Router\RouteCollection->match([...], 'sms/gateway', 'SmsController::gateway')
 3 SYSTEMPATH\Router\RouteCollection.php(339): require('D:\\xampp\\htdocs\\FloodGuard\\app\\Config\\Routes.php')
 4 SYSTEMPATH\CodeIgniter.php(821): CodeIgniter\Router\RouteCollection->loadRoutes()
 5 SYSTEMPATH\CodeIgniter.php(455): CodeIgniter\CodeIgniter->tryToRouteIt(null)
 6 SYSTEMPATH\CodeIgniter.php(354): CodeIgniter\CodeIgniter->handleRequest(null, Object(Config\Cache), false)
 7 SYSTEMPATH\Boot.php(334): CodeIgniter\CodeIgniter->run()
 8 SYSTEMPATH\Boot.php(67): CodeIgniter\Boot::runCodeIgniter(Object(CodeIgniter\CodeIgniter))
 9 FCPATH\index.php(59): CodeIgniter\Boot::bootWeb(Object(Config\Paths))
DEBUG - 2025-12-04 00:46:41 --> Session: Class initialized using 'CodeIgniter\Session\Handlers\FileHandler' driver.
WARNING - 2025-12-04 00:46:48 --> [DEPRECATED] Passing lowercase HTTP method "get" is deprecated. Use uppercase HTTP method like "GET". in SYSTEMPATH\Router\RouteCollection.php on line 1026.
 1 SYSTEMPATH\Router\RouteCollection.php(1026): trigger_error('Passing lowercase HTTP method "get" is deprecated. Use uppercase HTTP method like "GET".', 16384)
 2 APPPATH\Config\Routes.php(101): CodeIgniter\Router\RouteCollection->match([...], 'sms/gateway', 'SmsController::gateway')
 3 SYSTEMPATH\Router\RouteCollection.php(339): require('D:\\xampp\\htdocs\\FloodGuard\\app\\Config\\Routes.php')
 4 SYSTEMPATH\CodeIgniter.php(821): CodeIgniter\Router\RouteCollection->loadRoutes()
 5 SYSTEMPATH\CodeIgniter.php(455): CodeIgniter\CodeIgniter->tryToRouteIt(null)
 6 SYSTEMPATH\CodeIgniter.php(354): CodeIgniter\CodeIgniter->handleRequest(null, Object(Config\Cache), false)
 7 SYSTEMPATH\Boot.php(334): CodeIgniter\CodeIgniter->run()
 8 SYSTEMPATH\Boot.php(67): CodeIgniter\Boot::runCodeIgniter(Object(CodeIgniter\CodeIgniter))
 9 FCPATH\index.php(59): CodeIgniter\Boot::bootWeb(Object(Config\Paths))
WARNING - 2025-12-04 00:46:48 --> [DEPRECATED] Passing lowercase HTTP method "post" is deprecated. Use uppercase HTTP method like "POST". in SYSTEMPATH\Router\RouteCollection.php on line 1026.
 1 SYSTEMPATH\Router\RouteCollection.php(1026): trigger_error('Passing lowercase HTTP method "post" is deprecated. Use uppercase HTTP method like "POST".', 16384)
 2 APPPATH\Config\Routes.php(101): CodeIgniter\Router\RouteCollection->match([...], 'sms/gateway', 'SmsController::gateway')
 3 SYSTEMPATH\Router\RouteCollection.php(339): require('D:\\xampp\\htdocs\\FloodGuard\\app\\Config\\Routes.php')
 4 SYSTEMPATH\CodeIgniter.php(821): CodeIgniter\Router\RouteCollection->loadRoutes()
 5 SYSTEMPATH\CodeIgniter.php(455): CodeIgniter\CodeIgniter->tryToRouteIt(null)
 6 SYSTEMPATH\CodeIgniter.php(354): CodeIgniter\CodeIgniter->handleRequest(null, Object(Config\Cache), false)
 7 SYSTEMPATH\Boot.php(334): CodeIgniter\CodeIgniter->run()
 8 SYSTEMPATH\Boot.php(67): CodeIgniter\Boot::runCodeIgniter(Object(CodeIgniter\CodeIgniter))
 9 FCPATH\index.php(59): CodeIgniter\Boot::bootWeb(Object(Config\Paths))
DEBUG - 2025-12-04 00:46:48 --> Session: Class initialized using 'CodeIgniter\Session\Handlers\FileHandler' driver.
WARNING - 2025-12-04 00:46:49 --> [DEPRECATED] Passing lowercase HTTP method "get" is deprecated. Use uppercase HTTP method like "GET". in SYSTEMPATH\Router\RouteCollection.php on line 1026.
 1 SYSTEMPATH\Router\RouteCollection.php(1026): trigger_error('Passing lowercase HTTP method "get" is deprecated. Use uppercase HTTP method like "GET".', 16384)
 2 APPPATH\Config\Routes.php(101): CodeIgniter\Router\RouteCollection->match([...], 'sms/gateway', 'SmsController::gateway')
 3 SYSTEMPATH\Router\RouteCollection.php(339): require('D:\\xampp\\htdocs\\FloodGuard\\app\\Config\\Routes.php')
 4 SYSTEMPATH\CodeIgniter.php(821): CodeIgniter\Router\RouteCollection->loadRoutes()
 5 SYSTEMPATH\CodeIgniter.php(455): CodeIgniter\CodeIgniter->tryToRouteIt(null)
 6 SYSTEMPATH\CodeIgniter.php(354): CodeIgniter\CodeIgniter->handleRequest(null, Object(Config\Cache), false)
 7 SYSTEMPATH\Boot.php(334): CodeIgniter\CodeIgniter->run()
 8 SYSTEMPATH\Boot.php(67): CodeIgniter\Boot::runCodeIgniter(Object(CodeIgniter\CodeIgniter))
 9 FCPATH\index.php(59): CodeIgniter\Boot::bootWeb(Object(Config\Paths))
WARNING - 2025-12-04 00:46:49 --> [DEPRECATED] Passing lowercase HTTP method "post" is deprecated. Use uppercase HTTP method like "POST". in SYSTEMPATH\Router\RouteCollection.php on line 1026.
 1 SYSTEMPATH\Router\RouteCollection.php(1026): trigger_error('Passing lowercase HTTP method "post" is deprecated. Use uppercase HTTP method like "POST".', 16384)
 2 APPPATH\Config\Routes.php(101): CodeIgniter\Router\RouteCollection->match([...], 'sms/gateway', 'SmsController::gateway')
 3 SYSTEMPATH\Router\RouteCollection.php(339): require('D:\\xampp\\htdocs\\FloodGuard\\app\\Config\\Routes.php')
 4 SYSTEMPATH\CodeIgniter.php(821): CodeIgniter\Router\RouteCollection->loadRoutes()
 5 SYSTEMPATH\CodeIgniter.php(455): CodeIgniter\CodeIgniter->tryToRouteIt(null)
 6 SYSTEMPATH\CodeIgniter.php(354): CodeIgniter\CodeIgniter->handleRequest(null, Object(Config\Cache), false)
 7 SYSTEMPATH\Boot.php(334): CodeIgniter\CodeIgniter->run()
 8 SYSTEMPATH\Boot.php(67): CodeIgniter\Boot::runCodeIgniter(Object(CodeIgniter\CodeIgniter))
 9 FCPATH\index.php(59): CodeIgniter\Boot::bootWeb(Object(Config\Paths))
DEBUG - 2025-12-04 00:46:49 --> Session: Class initialized using 'CodeIgniter\Session\Handlers\FileHandler' driver.
WARNING - 2025-12-04 00:46:53 --> [DEPRECATED] Passing lowercase HTTP method "get" is deprecated. Use uppercase HTTP method like "GET". in SYSTEMPATH\Router\RouteCollection.php on line 1026.
 1 SYSTEMPATH\Router\RouteCollection.php(1026): trigger_error('Passing lowercase HTTP method "get" is deprecated. Use uppercase HTTP method like "GET".', 16384)
 2 APPPATH\Config\Routes.php(101): CodeIgniter\Router\RouteCollection->match([...], 'sms/gateway', 'SmsController::gateway')
 3 SYSTEMPATH\Router\RouteCollection.php(339): require('D:\\xampp\\htdocs\\FloodGuard\\app\\Config\\Routes.php')
 4 SYSTEMPATH\CodeIgniter.php(821): CodeIgniter\Router\RouteCollection->loadRoutes()
 5 SYSTEMPATH\CodeIgniter.php(455): CodeIgniter\CodeIgniter->tryToRouteIt(null)
 6 SYSTEMPATH\CodeIgniter.php(354): CodeIgniter\CodeIgniter->handleRequest(null, Object(Config\Cache), false)
 7 SYSTEMPATH\Boot.php(334): CodeIgniter\CodeIgniter->run()
 8 SYSTEMPATH\Boot.php(67): CodeIgniter\Boot::runCodeIgniter(Object(CodeIgniter\CodeIgniter))
 9 FCPATH\index.php(59): CodeIgniter\Boot::bootWeb(Object(Config\Paths))
WARNING - 2025-12-04 00:46:53 --> [DEPRECATED] Passing lowercase HTTP method "post" is deprecated. Use uppercase HTTP method like "POST". in SYSTEMPATH\Router\RouteCollection.php on line 1026.
 1 SYSTEMPATH\Router\RouteCollection.php(1026): trigger_error('Passing lowercase HTTP method "post" is deprecated. Use uppercase HTTP method like "POST".', 16384)
 2 APPPATH\Config\Routes.php(101): CodeIgniter\Router\RouteCollection->match([...], 'sms/gateway', 'SmsController::gateway')
 3 SYSTEMPATH\Router\RouteCollection.php(339): require('D:\\xampp\\htdocs\\FloodGuard\\app\\Config\\Routes.php')
 4 SYSTEMPATH\CodeIgniter.php(821): CodeIgniter\Router\RouteCollection->loadRoutes()
 5 SYSTEMPATH\CodeIgniter.php(455): CodeIgniter\CodeIgniter->tryToRouteIt(null)
 6 SYSTEMPATH\CodeIgniter.php(354): CodeIgniter\CodeIgniter->handleRequest(null, Object(Config\Cache), false)
 7 SYSTEMPATH\Boot.php(334): CodeIgniter\CodeIgniter->run()
 8 SYSTEMPATH\Boot.php(67): CodeIgniter\Boot::runCodeIgniter(Object(CodeIgniter\CodeIgniter))
 9 FCPATH\index.php(59): CodeIgniter\Boot::bootWeb(Object(Config\Paths))
DEBUG - 2025-12-04 00:46:53 --> Session: Class initialized using 'CodeIgniter\Session\Handlers\FileHandler' driver.
WARNING - 2025-12-04 00:46:56 --> [DEPRECATED] Passing lowercase HTTP method "get" is deprecated. Use uppercase HTTP method like "GET". in SYSTEMPATH\Router\RouteCollection.php on line 1026.
 1 SYSTEMPATH\Router\RouteCollection.php(1026): trigger_error('Passing lowercase HTTP method "get" is deprecated. Use uppercase HTTP method like "GET".', 16384)
 2 APPPATH\Config\Routes.php(101): CodeIgniter\Router\RouteCollection->match([...], 'sms/gateway', 'SmsController::gateway')
 3 SYSTEMPATH\Router\RouteCollection.php(339): require('D:\\xampp\\htdocs\\FloodGuard\\app\\Config\\Routes.php')
 4 SYSTEMPATH\CodeIgniter.php(821): CodeIgniter\Router\RouteCollection->loadRoutes()
 5 SYSTEMPATH\CodeIgniter.php(455): CodeIgniter\CodeIgniter->tryToRouteIt(null)
 6 SYSTEMPATH\CodeIgniter.php(354): CodeIgniter\CodeIgniter->handleRequest(null, Object(Config\Cache), false)
 7 SYSTEMPATH\Boot.php(334): CodeIgniter\CodeIgniter->run()
 8 SYSTEMPATH\Boot.php(67): CodeIgniter\Boot::runCodeIgniter(Object(CodeIgniter\CodeIgniter))
 9 FCPATH\index.php(59): CodeIgniter\Boot::bootWeb(Object(Config\Paths))
WARNING - 2025-12-04 00:46:56 --> [DEPRECATED] Passing lowercase HTTP method "post" is deprecated. Use uppercase HTTP method like "POST". in SYSTEMPATH\Router\RouteCollection.php on line 1026.
 1 SYSTEMPATH\Router\RouteCollection.php(1026): trigger_error('Passing lowercase HTTP method "post" is deprecated. Use uppercase HTTP method like "POST".', 16384)
 2 APPPATH\Config\Routes.php(101): CodeIgniter\Router\RouteCollection->match([...], 'sms/gateway', 'SmsController::gateway')
 3 SYSTEMPATH\Router\RouteCollection.php(339): require('D:\\xampp\\htdocs\\FloodGuard\\app\\Config\\Routes.php')
 4 SYSTEMPATH\CodeIgniter.php(821): CodeIgniter\Router\RouteCollection->loadRoutes()
 5 SYSTEMPATH\CodeIgniter.php(455): CodeIgniter\CodeIgniter->tryToRouteIt(null)
 6 SYSTEMPATH\CodeIgniter.php(354): CodeIgniter\CodeIgniter->handleRequest(null, Object(Config\Cache), false)
 7 SYSTEMPATH\Boot.php(334): CodeIgniter\CodeIgniter->run()
 8 SYSTEMPATH\Boot.php(67): CodeIgniter\Boot::runCodeIgniter(Object(CodeIgniter\CodeIgniter))
 9 FCPATH\index.php(59): CodeIgniter\Boot::bootWeb(Object(Config\Paths))
DEBUG - 2025-12-04 00:46:56 --> Session: Class initialized using 'CodeIgniter\Session\Handlers\FileHandler' driver.
WARNING - 2025-12-04 00:46:56 --> [DEPRECATED] Passing lowercase HTTP method "get" is deprecated. Use uppercase HTTP method like "GET". in SYSTEMPATH\Router\RouteCollection.php on line 1026.
 1 SYSTEMPATH\Router\RouteCollection.php(1026): trigger_error('Passing lowercase HTTP method "get" is deprecated. Use uppercase HTTP method like "GET".', 16384)
 2 APPPATH\Config\Routes.php(101): CodeIgniter\Router\RouteCollection->match([...], 'sms/gateway', 'SmsController::gateway')
 3 SYSTEMPATH\Router\RouteCollection.php(339): require('D:\\xampp\\htdocs\\FloodGuard\\app\\Config\\Routes.php')
 4 SYSTEMPATH\CodeIgniter.php(821): CodeIgniter\Router\RouteCollection->loadRoutes()
 5 SYSTEMPATH\CodeIgniter.php(455): CodeIgniter\CodeIgniter->tryToRouteIt(null)
 6 SYSTEMPATH\CodeIgniter.php(354): CodeIgniter\CodeIgniter->handleRequest(null, Object(Config\Cache), false)
 7 SYSTEMPATH\Boot.php(334): CodeIgniter\CodeIgniter->run()
 8 SYSTEMPATH\Boot.php(67): CodeIgniter\Boot::runCodeIgniter(Object(CodeIgniter\CodeIgniter))
 9 FCPATH\index.php(59): CodeIgniter\Boot::bootWeb(Object(Config\Paths))
WARNING - 2025-12-04 00:46:56 --> [DEPRECATED] Passing lowercase HTTP method "post" is deprecated. Use uppercase HTTP method like "POST". in SYSTEMPATH\Router\RouteCollection.php on line 1026.
 1 SYSTEMPATH\Router\RouteCollection.php(1026): trigger_error('Passing lowercase HTTP method "post" is deprecated. Use uppercase HTTP method like "POST".', 16384)
 2 APPPATH\Config\Routes.php(101): CodeIgniter\Router\RouteCollection->match([...], 'sms/gateway', 'SmsController::gateway')
 3 SYSTEMPATH\Router\RouteCollection.php(339): require('D:\\xampp\\htdocs\\FloodGuard\\app\\Config\\Routes.php')
 4 SYSTEMPATH\CodeIgniter.php(821): CodeIgniter\Router\RouteCollection->loadRoutes()
 5 SYSTEMPATH\CodeIgniter.php(455): CodeIgniter\CodeIgniter->tryToRouteIt(null)
 6 SYSTEMPATH\CodeIgniter.php(354): CodeIgniter\CodeIgniter->handleRequest(null, Object(Config\Cache), false)
 7 SYSTEMPATH\Boot.php(334): CodeIgniter\CodeIgniter->run()
 8 SYSTEMPATH\Boot.php(67): CodeIgniter\Boot::runCodeIgniter(Object(CodeIgniter\CodeIgniter))
 9 FCPATH\index.php(59): CodeIgniter\Boot::bootWeb(Object(Config\Paths))
WARNING - 2025-12-04 00:48:27 --> [DEPRECATED] Passing lowercase HTTP method "get" is deprecated. Use uppercase HTTP method like "GET". in SYSTEMPATH\Router\RouteCollection.php on line 1026.
 1 SYSTEMPATH\Router\RouteCollection.php(1026): trigger_error('Passing lowercase HTTP method "get" is deprecated. Use uppercase HTTP method like "GET".', 16384)
 2 APPPATH\Config\Routes.php(101): CodeIgniter\Router\RouteCollection->match([...], 'sms/gateway', 'SmsController::gateway')
 3 SYSTEMPATH\Router\RouteCollection.php(339): require('D:\\xampp\\htdocs\\FloodGuard\\app\\Config\\Routes.php')
 4 SYSTEMPATH\CodeIgniter.php(821): CodeIgniter\Router\RouteCollection->loadRoutes()
 5 SYSTEMPATH\CodeIgniter.php(455): CodeIgniter\CodeIgniter->tryToRouteIt(null)
 6 SYSTEMPATH\CodeIgniter.php(354): CodeIgniter\CodeIgniter->handleRequest(null, Object(Config\Cache), false)
 7 SYSTEMPATH\Boot.php(334): CodeIgniter\CodeIgniter->run()
 8 SYSTEMPATH\Boot.php(67): CodeIgniter\Boot::runCodeIgniter(Object(CodeIgniter\CodeIgniter))
 9 FCPATH\index.php(59): CodeIgniter\Boot::bootWeb(Object(Config\Paths))
WARNING - 2025-12-04 00:48:27 --> [DEPRECATED] Passing lowercase HTTP method "post" is deprecated. Use uppercase HTTP method like "POST". in SYSTEMPATH\Router\RouteCollection.php on line 1026.
 1 SYSTEMPATH\Router\RouteCollection.php(1026): trigger_error('Passing lowercase HTTP method "post" is deprecated. Use uppercase HTTP method like "POST".', 16384)
 2 APPPATH\Config\Routes.php(101): CodeIgniter\Router\RouteCollection->match([...], 'sms/gateway', 'SmsController::gateway')
 3 SYSTEMPATH\Router\RouteCollection.php(339): require('D:\\xampp\\htdocs\\FloodGuard\\app\\Config\\Routes.php')
 4 SYSTEMPATH\CodeIgniter.php(821): CodeIgniter\Router\RouteCollection->loadRoutes()
 5 SYSTEMPATH\CodeIgniter.php(455): CodeIgniter\CodeIgniter->tryToRouteIt(null)
 6 SYSTEMPATH\CodeIgniter.php(354): CodeIgniter\CodeIgniter->handleRequest(null, Object(Config\Cache), false)
 7 SYSTEMPATH\Boot.php(334): CodeIgniter\CodeIgniter->run()
 8 SYSTEMPATH\Boot.php(67): CodeIgniter\Boot::runCodeIgniter(Object(CodeIgniter\CodeIgniter))
 9 FCPATH\index.php(59): CodeIgniter\Boot::bootWeb(Object(Config\Paths))
DEBUG - 2025-12-04 00:48:27 --> Session: Class initialized using 'CodeIgniter\Session\Handlers\FileHandler' driver.
WARNING - 2025-12-04 00:48:27 --> [DEPRECATED] Passing lowercase HTTP method "get" is deprecated. Use uppercase HTTP method like "GET". in SYSTEMPATH\Router\RouteCollection.php on line 1026.
 1 SYSTEMPATH\Router\RouteCollection.php(1026): trigger_error('Passing lowercase HTTP method "get" is deprecated. Use uppercase HTTP method like "GET".', 16384)
 2 APPPATH\Config\Routes.php(101): CodeIgniter\Router\RouteCollection->match([...], 'sms/gateway', 'SmsController::gateway')
 3 SYSTEMPATH\Router\RouteCollection.php(339): require('D:\\xampp\\htdocs\\FloodGuard\\app\\Config\\Routes.php')
 4 SYSTEMPATH\CodeIgniter.php(821): CodeIgniter\Router\RouteCollection->loadRoutes()
 5 SYSTEMPATH\CodeIgniter.php(455): CodeIgniter\CodeIgniter->tryToRouteIt(null)
 6 SYSTEMPATH\CodeIgniter.php(354): CodeIgniter\CodeIgniter->handleRequest(null, Object(Config\Cache), false)
 7 SYSTEMPATH\Boot.php(334): CodeIgniter\CodeIgniter->run()
 8 SYSTEMPATH\Boot.php(67): CodeIgniter\Boot::runCodeIgniter(Object(CodeIgniter\CodeIgniter))
 9 FCPATH\index.php(59): CodeIgniter\Boot::bootWeb(Object(Config\Paths))
WARNING - 2025-12-04 00:48:27 --> [DEPRECATED] Passing lowercase HTTP method "post" is deprecated. Use uppercase HTTP method like "POST". in SYSTEMPATH\Router\RouteCollection.php on line 1026.
 1 SYSTEMPATH\Router\RouteCollection.php(1026): trigger_error('Passing lowercase HTTP method "post" is deprecated. Use uppercase HTTP method like "POST".', 16384)
 2 APPPATH\Config\Routes.php(101): CodeIgniter\Router\RouteCollection->match([...], 'sms/gateway', 'SmsController::gateway')
 3 SYSTEMPATH\Router\RouteCollection.php(339): require('D:\\xampp\\htdocs\\FloodGuard\\app\\Config\\Routes.php')
 4 SYSTEMPATH\CodeIgniter.php(821): CodeIgniter\Router\RouteCollection->loadRoutes()
 5 SYSTEMPATH\CodeIgniter.php(455): CodeIgniter\CodeIgniter->tryToRouteIt(null)
 6 SYSTEMPATH\CodeIgniter.php(354): CodeIgniter\CodeIgniter->handleRequest(null, Object(Config\Cache), false)
 7 SYSTEMPATH\Boot.php(334): CodeIgniter\CodeIgniter->run()
 8 SYSTEMPATH\Boot.php(67): CodeIgniter\Boot::runCodeIgniter(Object(CodeIgniter\CodeIgniter))
 9 FCPATH\index.php(59): CodeIgniter\Boot::bootWeb(Object(Config\Paths))
WARNING - 2025-12-04 00:50:00 --> [DEPRECATED] Passing lowercase HTTP method "get" is deprecated. Use uppercase HTTP method like "GET". in SYSTEMPATH\Router\RouteCollection.php on line 1026.
 1 SYSTEMPATH\Router\RouteCollection.php(1026): trigger_error('Passing lowercase HTTP method "get" is deprecated. Use uppercase HTTP method like "GET".', 16384)
 2 APPPATH\Config\Routes.php(101): CodeIgniter\Router\RouteCollection->match([...], 'sms/gateway', 'SmsController::gateway')
 3 SYSTEMPATH\Router\RouteCollection.php(339): require('D:\\xampp\\htdocs\\FloodGuard\\app\\Config\\Routes.php')
 4 SYSTEMPATH\CodeIgniter.php(821): CodeIgniter\Router\RouteCollection->loadRoutes()
 5 SYSTEMPATH\CodeIgniter.php(455): CodeIgniter\CodeIgniter->tryToRouteIt(null)
 6 SYSTEMPATH\CodeIgniter.php(354): CodeIgniter\CodeIgniter->handleRequest(null, Object(Config\Cache), false)
 7 SYSTEMPATH\Boot.php(334): CodeIgniter\CodeIgniter->run()
 8 SYSTEMPATH\Boot.php(67): CodeIgniter\Boot::runCodeIgniter(Object(CodeIgniter\CodeIgniter))
 9 FCPATH\index.php(59): CodeIgniter\Boot::bootWeb(Object(Config\Paths))
WARNING - 2025-12-04 00:50:00 --> [DEPRECATED] Passing lowercase HTTP method "post" is deprecated. Use uppercase HTTP method like "POST". in SYSTEMPATH\Router\RouteCollection.php on line 1026.
 1 SYSTEMPATH\Router\RouteCollection.php(1026): trigger_error('Passing lowercase HTTP method "post" is deprecated. Use uppercase HTTP method like "POST".', 16384)
 2 APPPATH\Config\Routes.php(101): CodeIgniter\Router\RouteCollection->match([...], 'sms/gateway', 'SmsController::gateway')
 3 SYSTEMPATH\Router\RouteCollection.php(339): require('D:\\xampp\\htdocs\\FloodGuard\\app\\Config\\Routes.php')
 4 SYSTEMPATH\CodeIgniter.php(821): CodeIgniter\Router\RouteCollection->loadRoutes()
 5 SYSTEMPATH\CodeIgniter.php(455): CodeIgniter\CodeIgniter->tryToRouteIt(null)
 6 SYSTEMPATH\CodeIgniter.php(354): CodeIgniter\CodeIgniter->handleRequest(null, Object(Config\Cache), false)
 7 SYSTEMPATH\Boot.php(334): CodeIgniter\CodeIgniter->run()
 8 SYSTEMPATH\Boot.php(67): CodeIgniter\Boot::runCodeIgniter(Object(CodeIgniter\CodeIgniter))
 9 FCPATH\index.php(59): CodeIgniter\Boot::bootWeb(Object(Config\Paths))
WARNING - 2025-12-04 01:02:35 --> [DEPRECATED] Passing lowercase HTTP method "get" is deprecated. Use uppercase HTTP method like "GET". in SYSTEMPATH\Router\RouteCollection.php on line 1026.
 1 SYSTEMPATH\Router\RouteCollection.php(1026): trigger_error('Passing lowercase HTTP method "get" is deprecated. Use uppercase HTTP method like "GET".', 16384)
 2 APPPATH\Config\Routes.php(101): CodeIgniter\Router\RouteCollection->match([...], 'sms/gateway', 'SmsController::gateway')
 3 SYSTEMPATH\Router\RouteCollection.php(339): require('D:\\xampp\\htdocs\\FloodGuard\\app\\Config\\Routes.php')
 4 SYSTEMPATH\CodeIgniter.php(821): CodeIgniter\Router\RouteCollection->loadRoutes()
 5 SYSTEMPATH\CodeIgniter.php(455): CodeIgniter\CodeIgniter->tryToRouteIt(null)
 6 SYSTEMPATH\CodeIgniter.php(354): CodeIgniter\CodeIgniter->handleRequest(null, Object(Config\Cache), false)
 7 SYSTEMPATH\Boot.php(334): CodeIgniter\CodeIgniter->run()
 8 SYSTEMPATH\Boot.php(67): CodeIgniter\Boot::runCodeIgniter(Object(CodeIgniter\CodeIgniter))
 9 FCPATH\index.php(59): CodeIgniter\Boot::bootWeb(Object(Config\Paths))
WARNING - 2025-12-04 01:02:35 --> [DEPRECATED] Passing lowercase HTTP method "post" is deprecated. Use uppercase HTTP method like "POST". in SYSTEMPATH\Router\RouteCollection.php on line 1026.
 1 SYSTEMPATH\Router\RouteCollection.php(1026): trigger_error('Passing lowercase HTTP method "post" is deprecated. Use uppercase HTTP method like "POST".', 16384)
 2 APPPATH\Config\Routes.php(101): CodeIgniter\Router\RouteCollection->match([...], 'sms/gateway', 'SmsController::gateway')
 3 SYSTEMPATH\Router\RouteCollection.php(339): require('D:\\xampp\\htdocs\\FloodGuard\\app\\Config\\Routes.php')
 4 SYSTEMPATH\CodeIgniter.php(821): CodeIgniter\Router\RouteCollection->loadRoutes()
 5 SYSTEMPATH\CodeIgniter.php(455): CodeIgniter\CodeIgniter->tryToRouteIt(null)
 6 SYSTEMPATH\CodeIgniter.php(354): CodeIgniter\CodeIgniter->handleRequest(null, Object(Config\Cache), false)
 7 SYSTEMPATH\Boot.php(334): CodeIgniter\CodeIgniter->run()
 8 SYSTEMPATH\Boot.php(67): CodeIgniter\Boot::runCodeIgniter(Object(CodeIgniter\CodeIgniter))
 9 FCPATH\index.php(59): CodeIgniter\Boot::bootWeb(Object(Config\Paths))
DEBUG - 2025-12-04 01:02:35 --> Session: Class initialized using 'CodeIgniter\Session\Handlers\FileHandler' driver.
WARNING - 2025-12-04 01:02:37 --> [DEPRECATED] Passing lowercase HTTP method "get" is deprecated. Use uppercase HTTP method like "GET". in SYSTEMPATH\Router\RouteCollection.php on line 1026.
 1 SYSTEMPATH\Router\RouteCollection.php(1026): trigger_error('Passing lowercase HTTP method "get" is deprecated. Use uppercase HTTP method like "GET".', 16384)
 2 APPPATH\Config\Routes.php(101): CodeIgniter\Router\RouteCollection->match([...], 'sms/gateway', 'SmsController::gateway')
 3 SYSTEMPATH\Router\RouteCollection.php(339): require('D:\\xampp\\htdocs\\FloodGuard\\app\\Config\\Routes.php')
 4 SYSTEMPATH\CodeIgniter.php(821): CodeIgniter\Router\RouteCollection->loadRoutes()
 5 SYSTEMPATH\CodeIgniter.php(455): CodeIgniter\CodeIgniter->tryToRouteIt(null)
 6 SYSTEMPATH\CodeIgniter.php(354): CodeIgniter\CodeIgniter->handleRequest(null, Object(Config\Cache), false)
 7 SYSTEMPATH\Boot.php(334): CodeIgniter\CodeIgniter->run()
 8 SYSTEMPATH\Boot.php(67): CodeIgniter\Boot::runCodeIgniter(Object(CodeIgniter\CodeIgniter))
 9 FCPATH\index.php(59): CodeIgniter\Boot::bootWeb(Object(Config\Paths))
WARNING - 2025-12-04 01:02:37 --> [DEPRECATED] Passing lowercase HTTP method "post" is deprecated. Use uppercase HTTP method like "POST". in SYSTEMPATH\Router\RouteCollection.php on line 1026.
 1 SYSTEMPATH\Router\RouteCollection.php(1026): trigger_error('Passing lowercase HTTP method "post" is deprecated. Use uppercase HTTP method like "POST".', 16384)
 2 APPPATH\Config\Routes.php(101): CodeIgniter\Router\RouteCollection->match([...], 'sms/gateway', 'SmsController::gateway')
 3 SYSTEMPATH\Router\RouteCollection.php(339): require('D:\\xampp\\htdocs\\FloodGuard\\app\\Config\\Routes.php')
 4 SYSTEMPATH\CodeIgniter.php(821): CodeIgniter\Router\RouteCollection->loadRoutes()
 5 SYSTEMPATH\CodeIgniter.php(455): CodeIgniter\CodeIgniter->tryToRouteIt(null)
 6 SYSTEMPATH\CodeIgniter.php(354): CodeIgniter\CodeIgniter->handleRequest(null, Object(Config\Cache), false)
 7 SYSTEMPATH\Boot.php(334): CodeIgniter\CodeIgniter->run()
 8 SYSTEMPATH\Boot.php(67): CodeIgniter\Boot::runCodeIgniter(Object(CodeIgniter\CodeIgniter))
 9 FCPATH\index.php(59): CodeIgniter\Boot::bootWeb(Object(Config\Paths))
DEBUG - 2025-12-04 01:02:37 --> Session: Class initialized using 'CodeIgniter\Session\Handlers\FileHandler' driver.
WARNING - 2025-12-04 01:02:37 --> [DEPRECATED] Passing lowercase HTTP method "get" is deprecated. Use uppercase HTTP method like "GET". in SYSTEMPATH\Router\RouteCollection.php on line 1026.
 1 SYSTEMPATH\Router\RouteCollection.php(1026): trigger_error('Passing lowercase HTTP method "get" is deprecated. Use uppercase HTTP method like "GET".', 16384)
 2 APPPATH\Config\Routes.php(101): CodeIgniter\Router\RouteCollection->match([...], 'sms/gateway', 'SmsController::gateway')
 3 SYSTEMPATH\Router\RouteCollection.php(339): require('D:\\xampp\\htdocs\\FloodGuard\\app\\Config\\Routes.php')
 4 SYSTEMPATH\CodeIgniter.php(821): CodeIgniter\Router\RouteCollection->loadRoutes()
 5 SYSTEMPATH\CodeIgniter.php(455): CodeIgniter\CodeIgniter->tryToRouteIt(null)
 6 SYSTEMPATH\CodeIgniter.php(354): CodeIgniter\CodeIgniter->handleRequest(null, Object(Config\Cache), false)
 7 SYSTEMPATH\Boot.php(334): CodeIgniter\CodeIgniter->run()
 8 SYSTEMPATH\Boot.php(67): CodeIgniter\Boot::runCodeIgniter(Object(CodeIgniter\CodeIgniter))
 9 FCPATH\index.php(59): CodeIgniter\Boot::bootWeb(Object(Config\Paths))
WARNING - 2025-12-04 01:02:37 --> [DEPRECATED] Passing lowercase HTTP method "post" is deprecated. Use uppercase HTTP method like "POST". in SYSTEMPATH\Router\RouteCollection.php on line 1026.
 1 SYSTEMPATH\Router\RouteCollection.php(1026): trigger_error('Passing lowercase HTTP method "post" is deprecated. Use uppercase HTTP method like "POST".', 16384)
 2 APPPATH\Config\Routes.php(101): CodeIgniter\Router\RouteCollection->match([...], 'sms/gateway', 'SmsController::gateway')
 3 SYSTEMPATH\Router\RouteCollection.php(339): require('D:\\xampp\\htdocs\\FloodGuard\\app\\Config\\Routes.php')
 4 SYSTEMPATH\CodeIgniter.php(821): CodeIgniter\Router\RouteCollection->loadRoutes()
 5 SYSTEMPATH\CodeIgniter.php(455): CodeIgniter\CodeIgniter->tryToRouteIt(null)
 6 SYSTEMPATH\CodeIgniter.php(354): CodeIgniter\CodeIgniter->handleRequest(null, Object(Config\Cache), false)
 7 SYSTEMPATH\Boot.php(334): CodeIgniter\CodeIgniter->run()
 8 SYSTEMPATH\Boot.php(67): CodeIgniter\Boot::runCodeIgniter(Object(CodeIgniter\CodeIgniter))
 9 FCPATH\index.php(59): CodeIgniter\Boot::bootWeb(Object(Config\Paths))
WARNING - 2025-12-04 01:32:38 --> [DEPRECATED] Passing lowercase HTTP method "get" is deprecated. Use uppercase HTTP method like "GET". in SYSTEMPATH\Router\RouteCollection.php on line 1026.
 1 SYSTEMPATH\Router\RouteCollection.php(1026): trigger_error('Passing lowercase HTTP method "get" is deprecated. Use uppercase HTTP method like "GET".', 16384)
 2 APPPATH\Config\Routes.php(101): CodeIgniter\Router\RouteCollection->match([...], 'sms/gateway', 'SmsController::gateway')
 3 SYSTEMPATH\Router\RouteCollection.php(339): require('D:\\xampp\\htdocs\\FloodGuard\\app\\Config\\Routes.php')
 4 SYSTEMPATH\CodeIgniter.php(821): CodeIgniter\Router\RouteCollection->loadRoutes()
 5 SYSTEMPATH\CodeIgniter.php(455): CodeIgniter\CodeIgniter->tryToRouteIt(null)
 6 SYSTEMPATH\CodeIgniter.php(354): CodeIgniter\CodeIgniter->handleRequest(null, Object(Config\Cache), false)
 7 SYSTEMPATH\Boot.php(334): CodeIgniter\CodeIgniter->run()
 8 SYSTEMPATH\Boot.php(67): CodeIgniter\Boot::runCodeIgniter(Object(CodeIgniter\CodeIgniter))
 9 FCPATH\index.php(59): CodeIgniter\Boot::bootWeb(Object(Config\Paths))
WARNING - 2025-12-04 01:32:38 --> [DEPRECATED] Passing lowercase HTTP method "post" is deprecated. Use uppercase HTTP method like "POST". in SYSTEMPATH\Router\RouteCollection.php on line 1026.
 1 SYSTEMPATH\Router\RouteCollection.php(1026): trigger_error('Passing lowercase HTTP method "post" is deprecated. Use uppercase HTTP method like "POST".', 16384)
 2 APPPATH\Config\Routes.php(101): CodeIgniter\Router\RouteCollection->match([...], 'sms/gateway', 'SmsController::gateway')
 3 SYSTEMPATH\Router\RouteCollection.php(339): require('D:\\xampp\\htdocs\\FloodGuard\\app\\Config\\Routes.php')
 4 SYSTEMPATH\CodeIgniter.php(821): CodeIgniter\Router\RouteCollection->loadRoutes()
 5 SYSTEMPATH\CodeIgniter.php(455): CodeIgniter\CodeIgniter->tryToRouteIt(null)
 6 SYSTEMPATH\CodeIgniter.php(354): CodeIgniter\CodeIgniter->handleRequest(null, Object(Config\Cache), false)
 7 SYSTEMPATH\Boot.php(334): CodeIgniter\CodeIgniter->run()
 8 SYSTEMPATH\Boot.php(67): CodeIgniter\Boot::runCodeIgniter(Object(CodeIgniter\CodeIgniter))
 9 FCPATH\index.php(59): CodeIgniter\Boot::bootWeb(Object(Config\Paths))
DEBUG - 2025-12-04 01:32:38 --> Session: Class initialized using 'CodeIgniter\Session\Handlers\FileHandler' driver.
WARNING - 2025-12-04 01:35:00 --> [DEPRECATED] Passing lowercase HTTP method "get" is deprecated. Use uppercase HTTP method like "GET". in SYSTEMPATH\Router\RouteCollection.php on line 1026.
 1 SYSTEMPATH\Router\RouteCollection.php(1026): trigger_error('Passing lowercase HTTP method "get" is deprecated. Use uppercase HTTP method like "GET".', 16384)
 2 APPPATH\Config\Routes.php(101): CodeIgniter\Router\RouteCollection->match([...], 'sms/gateway', 'SmsController::gateway')
 3 SYSTEMPATH\Router\RouteCollection.php(339): require('D:\\xampp\\htdocs\\FloodGuard\\app\\Config\\Routes.php')
 4 SYSTEMPATH\CodeIgniter.php(821): CodeIgniter\Router\RouteCollection->loadRoutes()
 5 SYSTEMPATH\CodeIgniter.php(455): CodeIgniter\CodeIgniter->tryToRouteIt(null)
 6 SYSTEMPATH\CodeIgniter.php(354): CodeIgniter\CodeIgniter->handleRequest(null, Object(Config\Cache), false)
 7 SYSTEMPATH\Boot.php(334): CodeIgniter\CodeIgniter->run()
 8 SYSTEMPATH\Boot.php(67): CodeIgniter\Boot::runCodeIgniter(Object(CodeIgniter\CodeIgniter))
 9 FCPATH\index.php(59): CodeIgniter\Boot::bootWeb(Object(Config\Paths))
WARNING - 2025-12-04 01:35:00 --> [DEPRECATED] Passing lowercase HTTP method "post" is deprecated. Use uppercase HTTP method like "POST". in SYSTEMPATH\Router\RouteCollection.php on line 1026.
 1 SYSTEMPATH\Router\RouteCollection.php(1026): trigger_error('Passing lowercase HTTP method "post" is deprecated. Use uppercase HTTP method like "POST".', 16384)
 2 APPPATH\Config\Routes.php(101): CodeIgniter\Router\RouteCollection->match([...], 'sms/gateway', 'SmsController::gateway')
 3 SYSTEMPATH\Router\RouteCollection.php(339): require('D:\\xampp\\htdocs\\FloodGuard\\app\\Config\\Routes.php')
 4 SYSTEMPATH\CodeIgniter.php(821): CodeIgniter\Router\RouteCollection->loadRoutes()
 5 SYSTEMPATH\CodeIgniter.php(455): CodeIgniter\CodeIgniter->tryToRouteIt(null)
 6 SYSTEMPATH\CodeIgniter.php(354): CodeIgniter\CodeIgniter->handleRequest(null, Object(Config\Cache), false)
 7 SYSTEMPATH\Boot.php(334): CodeIgniter\CodeIgniter->run()
 8 SYSTEMPATH\Boot.php(67): CodeIgniter\Boot::runCodeIgniter(Object(CodeIgniter\CodeIgniter))
 9 FCPATH\index.php(59): CodeIgniter\Boot::bootWeb(Object(Config\Paths))
WARNING - 2025-12-04 02:02:38 --> [DEPRECATED] Passing lowercase HTTP method "get" is deprecated. Use uppercase HTTP method like "GET". in SYSTEMPATH\Router\RouteCollection.php on line 1026.
 1 SYSTEMPATH\Router\RouteCollection.php(1026): trigger_error('Passing lowercase HTTP method "get" is deprecated. Use uppercase HTTP method like "GET".', 16384)
 2 APPPATH\Config\Routes.php(101): CodeIgniter\Router\RouteCollection->match([...], 'sms/gateway', 'SmsController::gateway')
 3 SYSTEMPATH\Router\RouteCollection.php(339): require('D:\\xampp\\htdocs\\FloodGuard\\app\\Config\\Routes.php')
 4 SYSTEMPATH\CodeIgniter.php(821): CodeIgniter\Router\RouteCollection->loadRoutes()
 5 SYSTEMPATH\CodeIgniter.php(455): CodeIgniter\CodeIgniter->tryToRouteIt(null)
 6 SYSTEMPATH\CodeIgniter.php(354): CodeIgniter\CodeIgniter->handleRequest(null, Object(Config\Cache), false)
 7 SYSTEMPATH\Boot.php(334): CodeIgniter\CodeIgniter->run()
 8 SYSTEMPATH\Boot.php(67): CodeIgniter\Boot::runCodeIgniter(Object(CodeIgniter\CodeIgniter))
 9 FCPATH\index.php(59): CodeIgniter\Boot::bootWeb(Object(Config\Paths))
WARNING - 2025-12-04 02:02:39 --> [DEPRECATED] Passing lowercase HTTP method "post" is deprecated. Use uppercase HTTP method like "POST". in SYSTEMPATH\Router\RouteCollection.php on line 1026.
 1 SYSTEMPATH\Router\RouteCollection.php(1026): trigger_error('Passing lowercase HTTP method "post" is deprecated. Use uppercase HTTP method like "POST".', 16384)
 2 APPPATH\Config\Routes.php(101): CodeIgniter\Router\RouteCollection->match([...], 'sms/gateway', 'SmsController::gateway')
 3 SYSTEMPATH\Router\RouteCollection.php(339): require('D:\\xampp\\htdocs\\FloodGuard\\app\\Config\\Routes.php')
 4 SYSTEMPATH\CodeIgniter.php(821): CodeIgniter\Router\RouteCollection->loadRoutes()
 5 SYSTEMPATH\CodeIgniter.php(455): CodeIgniter\CodeIgniter->tryToRouteIt(null)
 6 SYSTEMPATH\CodeIgniter.php(354): CodeIgniter\CodeIgniter->handleRequest(null, Object(Config\Cache), false)
 7 SYSTEMPATH\Boot.php(334): CodeIgniter\CodeIgniter->run()
 8 SYSTEMPATH\Boot.php(67): CodeIgniter\Boot::runCodeIgniter(Object(CodeIgniter\CodeIgniter))
 9 FCPATH\index.php(59): CodeIgniter\Boot::bootWeb(Object(Config\Paths))
DEBUG - 2025-12-04 02:02:39 --> Session: Class initialized using 'CodeIgniter\Session\Handlers\FileHandler' driver.
WARNING - 2025-12-04 02:02:39 --> [DEPRECATED] Passing lowercase HTTP method "get" is deprecated. Use uppercase HTTP method like "GET". in SYSTEMPATH\Router\RouteCollection.php on line 1026.
 1 SYSTEMPATH\Router\RouteCollection.php(1026): trigger_error('Passing lowercase HTTP method "get" is deprecated. Use uppercase HTTP method like "GET".', 16384)
 2 APPPATH\Config\Routes.php(101): CodeIgniter\Router\RouteCollection->match([...], 'sms/gateway', 'SmsController::gateway')
 3 SYSTEMPATH\Router\RouteCollection.php(339): require('D:\\xampp\\htdocs\\FloodGuard\\app\\Config\\Routes.php')
 4 SYSTEMPATH\CodeIgniter.php(821): CodeIgniter\Router\RouteCollection->loadRoutes()
 5 SYSTEMPATH\CodeIgniter.php(455): CodeIgniter\CodeIgniter->tryToRouteIt(null)
 6 SYSTEMPATH\CodeIgniter.php(354): CodeIgniter\CodeIgniter->handleRequest(null, Object(Config\Cache), false)
 7 SYSTEMPATH\Boot.php(334): CodeIgniter\CodeIgniter->run()
 8 SYSTEMPATH\Boot.php(67): CodeIgniter\Boot::runCodeIgniter(Object(CodeIgniter\CodeIgniter))
 9 FCPATH\index.php(59): CodeIgniter\Boot::bootWeb(Object(Config\Paths))
WARNING - 2025-12-04 02:02:39 --> [DEPRECATED] Passing lowercase HTTP method "post" is deprecated. Use uppercase HTTP method like "POST". in SYSTEMPATH\Router\RouteCollection.php on line 1026.
 1 SYSTEMPATH\Router\RouteCollection.php(1026): trigger_error('Passing lowercase HTTP method "post" is deprecated. Use uppercase HTTP method like "POST".', 16384)
 2 APPPATH\Config\Routes.php(101): CodeIgniter\Router\RouteCollection->match([...], 'sms/gateway', 'SmsController::gateway')
 3 SYSTEMPATH\Router\RouteCollection.php(339): require('D:\\xampp\\htdocs\\FloodGuard\\app\\Config\\Routes.php')
 4 SYSTEMPATH\CodeIgniter.php(821): CodeIgniter\Router\RouteCollection->loadRoutes()
 5 SYSTEMPATH\CodeIgniter.php(455): CodeIgniter\CodeIgniter->tryToRouteIt(null)
 6 SYSTEMPATH\CodeIgniter.php(354): CodeIgniter\CodeIgniter->handleRequest(null, Object(Config\Cache), false)
 7 SYSTEMPATH\Boot.php(334): CodeIgniter\CodeIgniter->run()
 8 SYSTEMPATH\Boot.php(67): CodeIgniter\Boot::runCodeIgniter(Object(CodeIgniter\CodeIgniter))
 9 FCPATH\index.php(59): CodeIgniter\Boot::bootWeb(Object(Config\Paths))
WARNING - 2025-12-04 02:20:00 --> [DEPRECATED] Passing lowercase HTTP method "get" is deprecated. Use uppercase HTTP method like "GET". in SYSTEMPATH\Router\RouteCollection.php on line 1026.
 1 SYSTEMPATH\Router\RouteCollection.php(1026): trigger_error('Passing lowercase HTTP method "get" is deprecated. Use uppercase HTTP method like "GET".', 16384)
 2 APPPATH\Config\Routes.php(101): CodeIgniter\Router\RouteCollection->match([...], 'sms/gateway', 'SmsController::gateway')
 3 SYSTEMPATH\Router\RouteCollection.php(339): require('D:\\xampp\\htdocs\\FloodGuard\\app\\Config\\Routes.php')
 4 SYSTEMPATH\CodeIgniter.php(821): CodeIgniter\Router\RouteCollection->loadRoutes()
 5 SYSTEMPATH\CodeIgniter.php(455): CodeIgniter\CodeIgniter->tryToRouteIt(null)
 6 SYSTEMPATH\CodeIgniter.php(354): CodeIgniter\CodeIgniter->handleRequest(null, Object(Config\Cache), false)
 7 SYSTEMPATH\Boot.php(334): CodeIgniter\CodeIgniter->run()
 8 SYSTEMPATH\Boot.php(67): CodeIgniter\Boot::runCodeIgniter(Object(CodeIgniter\CodeIgniter))
 9 FCPATH\index.php(59): CodeIgniter\Boot::bootWeb(Object(Config\Paths))
WARNING - 2025-12-04 02:20:00 --> [DEPRECATED] Passing lowercase HTTP method "post" is deprecated. Use uppercase HTTP method like "POST". in SYSTEMPATH\Router\RouteCollection.php on line 1026.
 1 SYSTEMPATH\Router\RouteCollection.php(1026): trigger_error('Passing lowercase HTTP method "post" is deprecated. Use uppercase HTTP method like "POST".', 16384)
 2 APPPATH\Config\Routes.php(101): CodeIgniter\Router\RouteCollection->match([...], 'sms/gateway', 'SmsController::gateway')
 3 SYSTEMPATH\Router\RouteCollection.php(339): require('D:\\xampp\\htdocs\\FloodGuard\\app\\Config\\Routes.php')
 4 SYSTEMPATH\CodeIgniter.php(821): CodeIgniter\Router\RouteCollection->loadRoutes()
 5 SYSTEMPATH\CodeIgniter.php(455): CodeIgniter\CodeIgniter->tryToRouteIt(null)
 6 SYSTEMPATH\CodeIgniter.php(354): CodeIgniter\CodeIgniter->handleRequest(null, Object(Config\Cache), false)
 7 SYSTEMPATH\Boot.php(334): CodeIgniter\CodeIgniter->run()
 8 SYSTEMPATH\Boot.php(67): CodeIgniter\Boot::runCodeIgniter(Object(CodeIgniter\CodeIgniter))
 9 FCPATH\index.php(59): CodeIgniter\Boot::bootWeb(Object(Config\Paths))
WARNING - 2025-12-04 02:32:36 --> [DEPRECATED] Passing lowercase HTTP method "get" is deprecated. Use uppercase HTTP method like "GET". in SYSTEMPATH\Router\RouteCollection.php on line 1026.
 1 SYSTEMPATH\Router\RouteCollection.php(1026): trigger_error('Passing lowercase HTTP method "get" is deprecated. Use uppercase HTTP method like "GET".', 16384)
 2 APPPATH\Config\Routes.php(101): CodeIgniter\Router\RouteCollection->match([...], 'sms/gateway', 'SmsController::gateway')
 3 SYSTEMPATH\Router\RouteCollection.php(339): require('D:\\xampp\\htdocs\\FloodGuard\\app\\Config\\Routes.php')
 4 SYSTEMPATH\CodeIgniter.php(821): CodeIgniter\Router\RouteCollection->loadRoutes()
 5 SYSTEMPATH\CodeIgniter.php(455): CodeIgniter\CodeIgniter->tryToRouteIt(null)
 6 SYSTEMPATH\CodeIgniter.php(354): CodeIgniter\CodeIgniter->handleRequest(null, Object(Config\Cache), false)
 7 SYSTEMPATH\Boot.php(334): CodeIgniter\CodeIgniter->run()
 8 SYSTEMPATH\Boot.php(67): CodeIgniter\Boot::runCodeIgniter(Object(CodeIgniter\CodeIgniter))
 9 FCPATH\index.php(59): CodeIgniter\Boot::bootWeb(Object(Config\Paths))
WARNING - 2025-12-04 02:32:36 --> [DEPRECATED] Passing lowercase HTTP method "post" is deprecated. Use uppercase HTTP method like "POST". in SYSTEMPATH\Router\RouteCollection.php on line 1026.
 1 SYSTEMPATH\Router\RouteCollection.php(1026): trigger_error('Passing lowercase HTTP method "post" is deprecated. Use uppercase HTTP method like "POST".', 16384)
 2 APPPATH\Config\Routes.php(101): CodeIgniter\Router\RouteCollection->match([...], 'sms/gateway', 'SmsController::gateway')
 3 SYSTEMPATH\Router\RouteCollection.php(339): require('D:\\xampp\\htdocs\\FloodGuard\\app\\Config\\Routes.php')
 4 SYSTEMPATH\CodeIgniter.php(821): CodeIgniter\Router\RouteCollection->loadRoutes()
 5 SYSTEMPATH\CodeIgniter.php(455): CodeIgniter\CodeIgniter->tryToRouteIt(null)
 6 SYSTEMPATH\CodeIgniter.php(354): CodeIgniter\CodeIgniter->handleRequest(null, Object(Config\Cache), false)
 7 SYSTEMPATH\Boot.php(334): CodeIgniter\CodeIgniter->run()
 8 SYSTEMPATH\Boot.php(67): CodeIgniter\Boot::runCodeIgniter(Object(CodeIgniter\CodeIgniter))
 9 FCPATH\index.php(59): CodeIgniter\Boot::bootWeb(Object(Config\Paths))
DEBUG - 2025-12-04 02:32:36 --> Session: Class initialized using 'CodeIgniter\Session\Handlers\FileHandler' driver.
WARNING - 2025-12-04 02:32:36 --> [DEPRECATED] Passing lowercase HTTP method "get" is deprecated. Use uppercase HTTP method like "GET". in SYSTEMPATH\Router\RouteCollection.php on line 1026.
 1 SYSTEMPATH\Router\RouteCollection.php(1026): trigger_error('Passing lowercase HTTP method "get" is deprecated. Use uppercase HTTP method like "GET".', 16384)
 2 APPPATH\Config\Routes.php(101): CodeIgniter\Router\RouteCollection->match([...], 'sms/gateway', 'SmsController::gateway')
 3 SYSTEMPATH\Router\RouteCollection.php(339): require('D:\\xampp\\htdocs\\FloodGuard\\app\\Config\\Routes.php')
 4 SYSTEMPATH\CodeIgniter.php(821): CodeIgniter\Router\RouteCollection->loadRoutes()
 5 SYSTEMPATH\CodeIgniter.php(455): CodeIgniter\CodeIgniter->tryToRouteIt(null)
 6 SYSTEMPATH\CodeIgniter.php(354): CodeIgniter\CodeIgniter->handleRequest(null, Object(Config\Cache), false)
 7 SYSTEMPATH\Boot.php(334): CodeIgniter\CodeIgniter->run()
 8 SYSTEMPATH\Boot.php(67): CodeIgniter\Boot::runCodeIgniter(Object(CodeIgniter\CodeIgniter))
 9 FCPATH\index.php(59): CodeIgniter\Boot::bootWeb(Object(Config\Paths))
WARNING - 2025-12-04 02:32:36 --> [DEPRECATED] Passing lowercase HTTP method "post" is deprecated. Use uppercase HTTP method like "POST". in SYSTEMPATH\Router\RouteCollection.php on line 1026.
 1 SYSTEMPATH\Router\RouteCollection.php(1026): trigger_error('Passing lowercase HTTP method "post" is deprecated. Use uppercase HTTP method like "POST".', 16384)
 2 APPPATH\Config\Routes.php(101): CodeIgniter\Router\RouteCollection->match([...], 'sms/gateway', 'SmsController::gateway')
 3 SYSTEMPATH\Router\RouteCollection.php(339): require('D:\\xampp\\htdocs\\FloodGuard\\app\\Config\\Routes.php')
 4 SYSTEMPATH\CodeIgniter.php(821): CodeIgniter\Router\RouteCollection->loadRoutes()
 5 SYSTEMPATH\CodeIgniter.php(455): CodeIgniter\CodeIgniter->tryToRouteIt(null)
 6 SYSTEMPATH\CodeIgniter.php(354): CodeIgniter\CodeIgniter->handleRequest(null, Object(Config\Cache), false)
 7 SYSTEMPATH\Boot.php(334): CodeIgniter\CodeIgniter->run()
 8 SYSTEMPATH\Boot.php(67): CodeIgniter\Boot::runCodeIgniter(Object(CodeIgniter\CodeIgniter))
 9 FCPATH\index.php(59): CodeIgniter\Boot::bootWeb(Object(Config\Paths))
CRITICAL - 2025-12-04 02:32:40 --> ErrorException: fwrite(): Write of 4485 bytes failed with errno=32 Broken pipe
[Method: GET, Route: flood/hourly/data]
in APPPATH\Controllers\FloodPredictor.php on line 257.
 1 [internal function]: CodeIgniter\Debug\Exceptions->errorHandler(8, 'fwrite(): Write of 4485 bytes failed with errno=32 Broken pipe', 'D:\\xampp\\htdocs\\FloodGuard\\app\\Controllers\\FloodPredictor.php', 257)
 2 APPPATH\Controllers\FloodPredictor.php(257): fwrite(NULL, '[{"datetime":"2025-12-03T00:00","weather_code (wmo code)":2,"rain (mm)":0,"temp (?C)":26.1,"soil_moisture_0_to_7cm (m?\\/m?)":0,"river_discharge (m?\\/s)":1.28,"wind_gusts_10m (km\\/h)":9.7},{"datetime":"2025-12-03T03:00","weather_code (wmo code)":2,"rain (mm)":0,"temp (?C)":25.9,"soil_moisture_0_to_7cm (m?\\/m?)":0,"river_discharge (m?\\/s)":1.28,"wind_gusts_10m (km\\/h)":3.2},{"datetime":"2025-12-03T06:00","weather_code (wmo code)":3,"rain (mm)":0,"temp (?C)":25,"soil_moisture_0_to_7cm (m?\\/m?)":0,"river_discharge (m?\\/s)":1.28,"wind_gusts_10m (km\\/h)":4.7},{"datetime":"2025-12-03T09:00","weather_code (wmo code)":2,"rain (mm)":0,"temp (?C)":28.4,"soil_moisture_0_to_7cm (m?\\/m?)":0,"river_discharge (m?\\/s)":1.28,"wind_gusts_10m (km\\/h)":14.4},{"datetime":"2025-12-03T12:00","weather_code (wmo code)":2,"rain (mm)":0,"temp (?C)":31.7,"soil_moisture_0_to_7cm (m?\\/m?)":0,"river_discharge (m?\\/s)":1.28,"wind_gusts_10m (km\\/h)":24.8},{"datetime":"2025-12-03T15:00","weather_code (wmo code)":3,"rain (mm)":0,"temp (?C)":32.2,"soil_moisture_0_to_7cm (m?\\/m?)":0,"river_discharge (m?\\/s)":1.28,"wind_gusts_10m (km\\/h)":24.5},{"datetime":"2025-12-03T18:00","weather_code (wmo code)":1,"rain (mm)":0,"temp (?C)":30,"soil_moisture_0_to_7cm (m?\\/m?)":0,"river_discharge (m?\\/s)":1.28,"wind_gusts_10m (km\\/h)":9.7},{"datetime":"2025-12-03T21:00","weather_code (wmo code)":2,"rain (mm)":0,"temp (?C)":28.4,"soil_moisture_0_to_7cm (m?\\/m?)":0,"river_discharge (m?\\/s)":1.28,"wind_gusts_10m (km\\/h)":6.8},{"datetime":"2025-12-04T00:00","weather_code (wmo code)":3,"rain (mm)":0,"temp (?C)":26.7,"soil_moisture_0_to_7cm (m?\\/m?)":0,"river_discharge (m?\\/s)":1.67,"wind_gusts_10m (km\\/h)":6.5},{"datetime":"2025-12-04T03:00","weather_code (wmo code)":3,"rain (mm)":0,"temp (?C)":26.3,"soil_moisture_0_to_7cm (m?\\/m?)":0,"river_discharge (m?\\/s)":1.67,"wind_gusts_10m (km\\/h)":7.9},{"datetime":"2025-12-04T06:00","weather_code (wmo code)":3,"rain (mm)":0,"temp (?C)":25.7,"soil_moisture_0_to_7cm (m?\\/m?)":0,"river_discharge (m?\\/s)":1.67,"wind_gusts_10m (km\\/h)":7.9},{"datetime":"2025-12-04T09:00","weather_code (wmo code)":3,"rain (mm)":0,"temp (?C)":29.2,"soil_moisture_0_to_7cm (m?\\/m?)":0,"river_discharge (m?\\/s)":1.67,"wind_gusts_10m (km\\/h)":21.6},{"datetime":"2025-12-04T12:00","weather_code (wmo code)":1,"rain (mm)":0,"temp (?C)":32,"soil_moisture_0_to_7cm (m?\\/m?)":0,"river_discharge (m?\\/s)":1.67,"wind_gusts_10m (km\\/h)":40.3},{"datetime":"2025-12-04T15:00","weather_code (wmo code)":0,"rain (mm)":0,"temp (?C)":31,"soil_moisture_0_to_7cm (m?\\/m?)":0,"river_discharge (m?\\/s)":1.67,"wind_gusts_10m (km\\/h)":41.8},{"datetime":"2025-12-04T18:00","weather_code (wmo code)":1,"rain (mm)":0,"temp (?C)":27.5,"soil_moisture_0_to_7cm (m?\\/m?)":0,"river_discharge (m?\\/s)":1.67,"wind_gusts_10m (km\\/h)":23.8},{"datetime":"2025-12-04T21:00","weather_code (wmo code)":1,"rain (mm)":0,"temp (?C)":25,"soil_moisture_0_to_7cm (m?\\/m?)":0,"river_discharge (m?\\/s)":1.67,"wind_gusts_10m (km\\/h)":9.7},{"datetime":"2025-12-05T00:00","weather_code (wmo code)":3,"rain (mm)":0,"temp (?C)":24,"soil_moisture_0_to_7cm (m?\\/m?)":0,"river_discharge (m?\\/s)":2.05,"wind_gusts_10m (km\\/h)":12.2},{"datetime":"2025-12-05T03:00","weather_code (wmo code)":3,"rain (mm)":0,"temp (?C)":23.2,"soil_moisture_0_to_7cm (m?\\/m?)":0,"river_discharge (m?\\/s)":2.05,"wind_gusts_10m (km\\/h)":9},{"datetime":"2025-12-05T06:00","weather_code (wmo code)":1,"rain (mm)":0,"temp (?C)":22.7,"soil_moisture_0_to_7cm (m?\\/m?)":0,"river_discharge (m?\\/s)":2.05,"wind_gusts_10m (km\\/h)":9.7},{"datetime":"2025-12-05T09:00","weather_code (wmo code)":3,"rain (mm)":0,"temp (?C)":26.7,"soil_moisture_0_to_7cm (m?\\/m?)":0,"river_discharge (m?\\/s)":2.05,"wind_gusts_10m (km\\/h)":14.8},{"datetime":"2025-12-05T12:00","weather_code (wmo code)":3,"rain (mm)":0,"temp (?C)":30.6,"soil_moisture_0_to_7cm (m?\\/m?)":0,"river_discharge (m?\\/s)":2.05,"wind_gusts_10m (km\\/h)":32},{"datetime":"2025-12-05T15:00","weather_code (wmo code)":3,"rain (mm)":0,"temp (?C)":29.7,"soil_moisture_0_to_7cm (m?\\/m?)":0,"river_discharge (m?\\/s)":2.05,"wind_gusts_10m (km\\/h)":33.8},{"datetime":"2025-12-05T18:00","weather_code (wmo code)":3,"rain (mm)":0,"temp (?C)":26.7,"soil_moisture_0_to_7cm (m?\\/m?)":0,"river_discharge (m?\\/s)":2.05,"wind_gusts_10m (km\\/h)":19.1},{"datetime":"2025-12-05T21:00","weather_code (wmo code)":3,"rain (mm)":0,"temp (?C)":24.9,"soil_moisture_0_to_7cm (m?\\/m?)":0,"river_discharge (m?\\/s)":2.05,"wind_gusts_10m (km\\/h)":9.4}]')
 3 SYSTEMPATH\CodeIgniter.php(933): App\Controllers\FloodPredictor->predict_hourly_ajax()
 4 SYSTEMPATH\CodeIgniter.php(507): CodeIgniter\CodeIgniter->runController(Object(App\Controllers\FloodPredictor))
 5 SYSTEMPATH\CodeIgniter.php(354): CodeIgniter\CodeIgniter->handleRequest(null, Object(Config\Cache), false)
 6 SYSTEMPATH\Boot.php(334): CodeIgniter\CodeIgniter->run()
 7 SYSTEMPATH\Boot.php(67): CodeIgniter\Boot::runCodeIgniter(Object(CodeIgniter\CodeIgniter))
 8 FCPATH\index.php(59): CodeIgniter\Boot::bootWeb(Object(Config\Paths))
CRITICAL - 2025-12-04 02:32:40 --> ErrorException: Uncaught CodeIgniter\Format\Exceptions\FormatException: Failed to parse JSON string. Error: Type is not supported in D:\xampp\htdocs\FloodGuard\system\Format\JSONFormatter.php:45
Stack trace:
#0 D:\xampp\htdocs\FloodGuard\system\Format\JSONFormatter.php(45): CodeIgniter\Format\Exceptions\FormatException::forInvalidJSON('Type is not sup...')
#1 D:\xampp\htdocs\FloodGuard\system\API\ResponseTrait.php(345): CodeIgniter\Format\JSONFormatter->format(Array)
#2 D:\xampp\htdocs\FloodGuard\system\API\ResponseTrait.php(103): CodeIgniter\Debug\ExceptionHandler->format(Array)
#3 D:\xampp\htdocs\FloodGuard\system\Debug\ExceptionHandler.php(85): CodeIgniter\Debug\ExceptionHandler->respond(Array, 500)
#4 D:\xampp\htdocs\FloodGuard\system\Debug\Exceptions.php(162): CodeIgniter\Debug\ExceptionHandler->handle(Object(ErrorException), Object(CodeIgniter\HTTP\IncomingRequest), Object(CodeIgniter\HTTP\Response), 500, 1)
#5 [internal function]: CodeIgniter\Debug\Exceptions->exceptionHandler(Object(ErrorException))
#6 {main}
  thrown
【Previous Exception】
ErrorException
fwrite(): Write of 4485 bytes failed with errno=32 Broken pipe
#0 [internal function]: CodeIgniter\Debug\Exceptions->errorHandler(8, 'fwrite(): Write...', 'D:\\xampp\\htdocs...', 257)
#1 D:\xampp\htdocs\FloodGuard\app\Controllers\FloodPredictor.php(257): fwrite(Resource id #182, '[{"datetime":"2...')
#2 D:\xampp\htdocs\FloodGuard\system\CodeIgniter.php(933): App\Controllers\FloodPredictor->predict_hourly_ajax()
#3 D:\xampp\htdocs\FloodGuard\system\CodeIgniter.php(507): CodeIgniter\CodeIgniter->runController(Object(App\Controllers\FloodPredictor))
#4 D:\xampp\htdocs\FloodGuard\system\CodeIgniter.php(354): CodeIgniter\CodeIgniter->handleRequest(NULL, Object(Config\Cache), false)
#5 D:\xampp\htdocs\FloodGuard\system\Boot.php(334): CodeIgniter\CodeIgniter->run()
#6 D:\xampp\htdocs\FloodGuard\system\Boot.php(67): CodeIgniter\Boot::runCodeIgniter(Object(CodeIgniter\CodeIgniter))
#7 D:\xampp\htdocs\FloodGuard\public\index.php(59): CodeIgniter\Boot::bootWeb(Object(Config\Paths))
#8 {main}
[Method: GET, Route: flood/hourly/data]
in SYSTEMPATH\Format\JSONFormatter.php on line 45.
 1 [internal function]: CodeIgniter\Debug\Exceptions->shutdownHandler()
WARNING - 2025-12-04 02:33:31 --> [DEPRECATED] Passing lowercase HTTP method "get" is deprecated. Use uppercase HTTP method like "GET". in SYSTEMPATH\Router\RouteCollection.php on line 1026.
 1 SYSTEMPATH\Router\RouteCollection.php(1026): trigger_error('Passing lowercase HTTP method "get" is deprecated. Use uppercase HTTP method like "GET".', 16384)
 2 APPPATH\Config\Routes.php(101): CodeIgniter\Router\RouteCollection->match([...], 'sms/gateway', 'SmsController::gateway')
 3 SYSTEMPATH\Router\RouteCollection.php(339): require('D:\\xampp\\htdocs\\FloodGuard\\app\\Config\\Routes.php')
 4 SYSTEMPATH\CodeIgniter.php(821): CodeIgniter\Router\RouteCollection->loadRoutes()
 5 SYSTEMPATH\CodeIgniter.php(455): CodeIgniter\CodeIgniter->tryToRouteIt(null)
 6 SYSTEMPATH\CodeIgniter.php(354): CodeIgniter\CodeIgniter->handleRequest(null, Object(Config\Cache), false)
 7 SYSTEMPATH\Boot.php(334): CodeIgniter\CodeIgniter->run()
 8 SYSTEMPATH\Boot.php(67): CodeIgniter\Boot::runCodeIgniter(Object(CodeIgniter\CodeIgniter))
 9 FCPATH\index.php(59): CodeIgniter\Boot::bootWeb(Object(Config\Paths))
WARNING - 2025-12-04 02:33:31 --> [DEPRECATED] Passing lowercase HTTP method "post" is deprecated. Use uppercase HTTP method like "POST". in SYSTEMPATH\Router\RouteCollection.php on line 1026.
 1 SYSTEMPATH\Router\RouteCollection.php(1026): trigger_error('Passing lowercase HTTP method "post" is deprecated. Use uppercase HTTP method like "POST".', 16384)
 2 APPPATH\Config\Routes.php(101): CodeIgniter\Router\RouteCollection->match([...], 'sms/gateway', 'SmsController::gateway')
 3 SYSTEMPATH\Router\RouteCollection.php(339): require('D:\\xampp\\htdocs\\FloodGuard\\app\\Config\\Routes.php')
 4 SYSTEMPATH\CodeIgniter.php(821): CodeIgniter\Router\RouteCollection->loadRoutes()
 5 SYSTEMPATH\CodeIgniter.php(455): CodeIgniter\CodeIgniter->tryToRouteIt(null)
 6 SYSTEMPATH\CodeIgniter.php(354): CodeIgniter\CodeIgniter->handleRequest(null, Object(Config\Cache), false)
 7 SYSTEMPATH\Boot.php(334): CodeIgniter\CodeIgniter->run()
 8 SYSTEMPATH\Boot.php(67): CodeIgniter\Boot::runCodeIgniter(Object(CodeIgniter\CodeIgniter))
 9 FCPATH\index.php(59): CodeIgniter\Boot::bootWeb(Object(Config\Paths))
DEBUG - 2025-12-04 02:33:31 --> Session: Class initialized using 'CodeIgniter\Session\Handlers\FileHandler' driver.
WARNING - 2025-12-04 02:33:31 --> [DEPRECATED] Passing lowercase HTTP method "get" is deprecated. Use uppercase HTTP method like "GET". in SYSTEMPATH\Router\RouteCollection.php on line 1026.
 1 SYSTEMPATH\Router\RouteCollection.php(1026): trigger_error('Passing lowercase HTTP method "get" is deprecated. Use uppercase HTTP method like "GET".', 16384)
 2 APPPATH\Config\Routes.php(101): CodeIgniter\Router\RouteCollection->match([...], 'sms/gateway', 'SmsController::gateway')
 3 SYSTEMPATH\Router\RouteCollection.php(339): require('D:\\xampp\\htdocs\\FloodGuard\\app\\Config\\Routes.php')
 4 SYSTEMPATH\CodeIgniter.php(821): CodeIgniter\Router\RouteCollection->loadRoutes()
 5 SYSTEMPATH\CodeIgniter.php(455): CodeIgniter\CodeIgniter->tryToRouteIt(null)
 6 SYSTEMPATH\CodeIgniter.php(354): CodeIgniter\CodeIgniter->handleRequest(null, Object(Config\Cache), false)
 7 SYSTEMPATH\Boot.php(334): CodeIgniter\CodeIgniter->run()
 8 SYSTEMPATH\Boot.php(67): CodeIgniter\Boot::runCodeIgniter(Object(CodeIgniter\CodeIgniter))
 9 FCPATH\index.php(59): CodeIgniter\Boot::bootWeb(Object(Config\Paths))
WARNING - 2025-12-04 02:33:31 --> [DEPRECATED] Passing lowercase HTTP method "post" is deprecated. Use uppercase HTTP method like "POST". in SYSTEMPATH\Router\RouteCollection.php on line 1026.
 1 SYSTEMPATH\Router\RouteCollection.php(1026): trigger_error('Passing lowercase HTTP method "post" is deprecated. Use uppercase HTTP method like "POST".', 16384)
 2 APPPATH\Config\Routes.php(101): CodeIgniter\Router\RouteCollection->match([...], 'sms/gateway', 'SmsController::gateway')
 3 SYSTEMPATH\Router\RouteCollection.php(339): require('D:\\xampp\\htdocs\\FloodGuard\\app\\Config\\Routes.php')
 4 SYSTEMPATH\CodeIgniter.php(821): CodeIgniter\Router\RouteCollection->loadRoutes()
 5 SYSTEMPATH\CodeIgniter.php(455): CodeIgniter\CodeIgniter->tryToRouteIt(null)
 6 SYSTEMPATH\CodeIgniter.php(354): CodeIgniter\CodeIgniter->handleRequest(null, Object(Config\Cache), false)
 7 SYSTEMPATH\Boot.php(334): CodeIgniter\CodeIgniter->run()
 8 SYSTEMPATH\Boot.php(67): CodeIgniter\Boot::runCodeIgniter(Object(CodeIgniter\CodeIgniter))
 9 FCPATH\index.php(59): CodeIgniter\Boot::bootWeb(Object(Config\Paths))
CRITICAL - 2025-12-04 02:33:35 --> ErrorException: fwrite(): Write of 4485 bytes failed with errno=32 Broken pipe
[Method: GET, Route: flood/hourly/data]
in APPPATH\Controllers\FloodPredictor.php on line 257.
 1 [internal function]: CodeIgniter\Debug\Exceptions->errorHandler(8, 'fwrite(): Write of 4485 bytes failed with errno=32 Broken pipe', 'D:\\xampp\\htdocs\\FloodGuard\\app\\Controllers\\FloodPredictor.php', 257)
 2 APPPATH\Controllers\FloodPredictor.php(257): fwrite(NULL, '[{"datetime":"2025-12-03T00:00","weather_code (wmo code)":2,"rain (mm)":0,"temp (?C)":26.1,"soil_moisture_0_to_7cm (m?\\/m?)":0,"river_discharge (m?\\/s)":1.28,"wind_gusts_10m (km\\/h)":9.7},{"datetime":"2025-12-03T03:00","weather_code (wmo code)":2,"rain (mm)":0,"temp (?C)":25.9,"soil_moisture_0_to_7cm (m?\\/m?)":0,"river_discharge (m?\\/s)":1.28,"wind_gusts_10m (km\\/h)":3.2},{"datetime":"2025-12-03T06:00","weather_code (wmo code)":3,"rain (mm)":0,"temp (?C)":25,"soil_moisture_0_to_7cm (m?\\/m?)":0,"river_discharge (m?\\/s)":1.28,"wind_gusts_10m (km\\/h)":4.7},{"datetime":"2025-12-03T09:00","weather_code (wmo code)":2,"rain (mm)":0,"temp (?C)":28.4,"soil_moisture_0_to_7cm (m?\\/m?)":0,"river_discharge (m?\\/s)":1.28,"wind_gusts_10m (km\\/h)":14.4},{"datetime":"2025-12-03T12:00","weather_code (wmo code)":2,"rain (mm)":0,"temp (?C)":31.7,"soil_moisture_0_to_7cm (m?\\/m?)":0,"river_discharge (m?\\/s)":1.28,"wind_gusts_10m (km\\/h)":24.8},{"datetime":"2025-12-03T15:00","weather_code (wmo code)":3,"rain (mm)":0,"temp (?C)":32.2,"soil_moisture_0_to_7cm (m?\\/m?)":0,"river_discharge (m?\\/s)":1.28,"wind_gusts_10m (km\\/h)":24.5},{"datetime":"2025-12-03T18:00","weather_code (wmo code)":1,"rain (mm)":0,"temp (?C)":30,"soil_moisture_0_to_7cm (m?\\/m?)":0,"river_discharge (m?\\/s)":1.28,"wind_gusts_10m (km\\/h)":9.7},{"datetime":"2025-12-03T21:00","weather_code (wmo code)":2,"rain (mm)":0,"temp (?C)":28.4,"soil_moisture_0_to_7cm (m?\\/m?)":0,"river_discharge (m?\\/s)":1.28,"wind_gusts_10m (km\\/h)":6.8},{"datetime":"2025-12-04T00:00","weather_code (wmo code)":3,"rain (mm)":0,"temp (?C)":26.7,"soil_moisture_0_to_7cm (m?\\/m?)":0,"river_discharge (m?\\/s)":1.67,"wind_gusts_10m (km\\/h)":6.5},{"datetime":"2025-12-04T03:00","weather_code (wmo code)":3,"rain (mm)":0,"temp (?C)":26.3,"soil_moisture_0_to_7cm (m?\\/m?)":0,"river_discharge (m?\\/s)":1.67,"wind_gusts_10m (km\\/h)":7.9},{"datetime":"2025-12-04T06:00","weather_code (wmo code)":3,"rain (mm)":0,"temp (?C)":25.7,"soil_moisture_0_to_7cm (m?\\/m?)":0,"river_discharge (m?\\/s)":1.67,"wind_gusts_10m (km\\/h)":7.9},{"datetime":"2025-12-04T09:00","weather_code (wmo code)":3,"rain (mm)":0,"temp (?C)":29.2,"soil_moisture_0_to_7cm (m?\\/m?)":0,"river_discharge (m?\\/s)":1.67,"wind_gusts_10m (km\\/h)":21.6},{"datetime":"2025-12-04T12:00","weather_code (wmo code)":1,"rain (mm)":0,"temp (?C)":32,"soil_moisture_0_to_7cm (m?\\/m?)":0,"river_discharge (m?\\/s)":1.67,"wind_gusts_10m (km\\/h)":40.3},{"datetime":"2025-12-04T15:00","weather_code (wmo code)":0,"rain (mm)":0,"temp (?C)":31,"soil_moisture_0_to_7cm (m?\\/m?)":0,"river_discharge (m?\\/s)":1.67,"wind_gusts_10m (km\\/h)":41.8},{"datetime":"2025-12-04T18:00","weather_code (wmo code)":1,"rain (mm)":0,"temp (?C)":27.5,"soil_moisture_0_to_7cm (m?\\/m?)":0,"river_discharge (m?\\/s)":1.67,"wind_gusts_10m (km\\/h)":23.8},{"datetime":"2025-12-04T21:00","weather_code (wmo code)":1,"rain (mm)":0,"temp (?C)":25,"soil_moisture_0_to_7cm (m?\\/m?)":0,"river_discharge (m?\\/s)":1.67,"wind_gusts_10m (km\\/h)":9.7},{"datetime":"2025-12-05T00:00","weather_code (wmo code)":3,"rain (mm)":0,"temp (?C)":24,"soil_moisture_0_to_7cm (m?\\/m?)":0,"river_discharge (m?\\/s)":2.05,"wind_gusts_10m (km\\/h)":12.2},{"datetime":"2025-12-05T03:00","weather_code (wmo code)":3,"rain (mm)":0,"temp (?C)":23.2,"soil_moisture_0_to_7cm (m?\\/m?)":0,"river_discharge (m?\\/s)":2.05,"wind_gusts_10m (km\\/h)":9},{"datetime":"2025-12-05T06:00","weather_code (wmo code)":1,"rain (mm)":0,"temp (?C)":22.7,"soil_moisture_0_to_7cm (m?\\/m?)":0,"river_discharge (m?\\/s)":2.05,"wind_gusts_10m (km\\/h)":9.7},{"datetime":"2025-12-05T09:00","weather_code (wmo code)":3,"rain (mm)":0,"temp (?C)":26.7,"soil_moisture_0_to_7cm (m?\\/m?)":0,"river_discharge (m?\\/s)":2.05,"wind_gusts_10m (km\\/h)":14.8},{"datetime":"2025-12-05T12:00","weather_code (wmo code)":3,"rain (mm)":0,"temp (?C)":30.6,"soil_moisture_0_to_7cm (m?\\/m?)":0,"river_discharge (m?\\/s)":2.05,"wind_gusts_10m (km\\/h)":32},{"datetime":"2025-12-05T15:00","weather_code (wmo code)":3,"rain (mm)":0,"temp (?C)":29.7,"soil_moisture_0_to_7cm (m?\\/m?)":0,"river_discharge (m?\\/s)":2.05,"wind_gusts_10m (km\\/h)":33.8},{"datetime":"2025-12-05T18:00","weather_code (wmo code)":3,"rain (mm)":0,"temp (?C)":26.7,"soil_moisture_0_to_7cm (m?\\/m?)":0,"river_discharge (m?\\/s)":2.05,"wind_gusts_10m (km\\/h)":19.1},{"datetime":"2025-12-05T21:00","weather_code (wmo code)":3,"rain (mm)":0,"temp (?C)":24.9,"soil_moisture_0_to_7cm (m?\\/m?)":0,"river_discharge (m?\\/s)":2.05,"wind_gusts_10m (km\\/h)":9.4}]')
 3 SYSTEMPATH\CodeIgniter.php(933): App\Controllers\FloodPredictor->predict_hourly_ajax()
 4 SYSTEMPATH\CodeIgniter.php(507): CodeIgniter\CodeIgniter->runController(Object(App\Controllers\FloodPredictor))
 5 SYSTEMPATH\CodeIgniter.php(354): CodeIgniter\CodeIgniter->handleRequest(null, Object(Config\Cache), false)
 6 SYSTEMPATH\Boot.php(334): CodeIgniter\CodeIgniter->run()
 7 SYSTEMPATH\Boot.php(67): CodeIgniter\Boot::runCodeIgniter(Object(CodeIgniter\CodeIgniter))
 8 FCPATH\index.php(59): CodeIgniter\Boot::bootWeb(Object(Config\Paths))
CRITICAL - 2025-12-04 02:33:35 --> ErrorException: Uncaught CodeIgniter\Format\Exceptions\FormatException: Failed to parse JSON string. Error: Type is not supported in D:\xampp\htdocs\FloodGuard\system\Format\JSONFormatter.php:45
Stack trace:
#0 D:\xampp\htdocs\FloodGuard\system\Format\JSONFormatter.php(45): CodeIgniter\Format\Exceptions\FormatException::forInvalidJSON('Type is not sup...')
#1 D:\xampp\htdocs\FloodGuard\system\API\ResponseTrait.php(345): CodeIgniter\Format\JSONFormatter->format(Array)
#2 D:\xampp\htdocs\FloodGuard\system\API\ResponseTrait.php(103): CodeIgniter\Debug\ExceptionHandler->format(Array)
#3 D:\xampp\htdocs\FloodGuard\system\Debug\ExceptionHandler.php(85): CodeIgniter\Debug\ExceptionHandler->respond(Array, 500)
#4 D:\xampp\htdocs\FloodGuard\system\Debug\Exceptions.php(162): CodeIgniter\Debug\ExceptionHandler->handle(Object(ErrorException), Object(CodeIgniter\HTTP\IncomingRequest), Object(CodeIgniter\HTTP\Response), 500, 1)
#5 [internal function]: CodeIgniter\Debug\Exceptions->exceptionHandler(Object(ErrorException))
#6 {main}
  thrown
【Previous Exception】
ErrorException
fwrite(): Write of 4485 bytes failed with errno=32 Broken pipe
#0 [internal function]: CodeIgniter\Debug\Exceptions->errorHandler(8, 'fwrite(): Write...', 'D:\\xampp\\htdocs...', 257)
#1 D:\xampp\htdocs\FloodGuard\app\Controllers\FloodPredictor.php(257): fwrite(Resource id #182, '[{"datetime":"2...')
#2 D:\xampp\htdocs\FloodGuard\system\CodeIgniter.php(933): App\Controllers\FloodPredictor->predict_hourly_ajax()
#3 D:\xampp\htdocs\FloodGuard\system\CodeIgniter.php(507): CodeIgniter\CodeIgniter->runController(Object(App\Controllers\FloodPredictor))
#4 D:\xampp\htdocs\FloodGuard\system\CodeIgniter.php(354): CodeIgniter\CodeIgniter->handleRequest(NULL, Object(Config\Cache), false)
#5 D:\xampp\htdocs\FloodGuard\system\Boot.php(334): CodeIgniter\CodeIgniter->run()
#6 D:\xampp\htdocs\FloodGuard\system\Boot.php(67): CodeIgniter\Boot::runCodeIgniter(Object(CodeIgniter\CodeIgniter))
#7 D:\xampp\htdocs\FloodGuard\public\index.php(59): CodeIgniter\Boot::bootWeb(Object(Config\Paths))
#8 {main}
[Method: GET, Route: flood/hourly/data]
in SYSTEMPATH\Format\JSONFormatter.php on line 45.
 1 [internal function]: CodeIgniter\Debug\Exceptions->shutdownHandler()
WARNING - 2025-12-04 02:33:50 --> [DEPRECATED] Passing lowercase HTTP method "get" is deprecated. Use uppercase HTTP method like "GET". in SYSTEMPATH\Router\RouteCollection.php on line 1026.
 1 SYSTEMPATH\Router\RouteCollection.php(1026): trigger_error('Passing lowercase HTTP method "get" is deprecated. Use uppercase HTTP method like "GET".', 16384)
 2 APPPATH\Config\Routes.php(101): CodeIgniter\Router\RouteCollection->match([...], 'sms/gateway', 'SmsController::gateway')
 3 SYSTEMPATH\Router\RouteCollection.php(339): require('D:\\xampp\\htdocs\\FloodGuard\\app\\Config\\Routes.php')
 4 SYSTEMPATH\CodeIgniter.php(821): CodeIgniter\Router\RouteCollection->loadRoutes()
 5 SYSTEMPATH\CodeIgniter.php(455): CodeIgniter\CodeIgniter->tryToRouteIt(null)
 6 SYSTEMPATH\CodeIgniter.php(354): CodeIgniter\CodeIgniter->handleRequest(null, Object(Config\Cache), false)
 7 SYSTEMPATH\Boot.php(334): CodeIgniter\CodeIgniter->run()
 8 SYSTEMPATH\Boot.php(67): CodeIgniter\Boot::runCodeIgniter(Object(CodeIgniter\CodeIgniter))
 9 FCPATH\index.php(59): CodeIgniter\Boot::bootWeb(Object(Config\Paths))
WARNING - 2025-12-04 02:33:50 --> [DEPRECATED] Passing lowercase HTTP method "post" is deprecated. Use uppercase HTTP method like "POST". in SYSTEMPATH\Router\RouteCollection.php on line 1026.
 1 SYSTEMPATH\Router\RouteCollection.php(1026): trigger_error('Passing lowercase HTTP method "post" is deprecated. Use uppercase HTTP method like "POST".', 16384)
 2 APPPATH\Config\Routes.php(101): CodeIgniter\Router\RouteCollection->match([...], 'sms/gateway', 'SmsController::gateway')
 3 SYSTEMPATH\Router\RouteCollection.php(339): require('D:\\xampp\\htdocs\\FloodGuard\\app\\Config\\Routes.php')
 4 SYSTEMPATH\CodeIgniter.php(821): CodeIgniter\Router\RouteCollection->loadRoutes()
 5 SYSTEMPATH\CodeIgniter.php(455): CodeIgniter\CodeIgniter->tryToRouteIt(null)
 6 SYSTEMPATH\CodeIgniter.php(354): CodeIgniter\CodeIgniter->handleRequest(null, Object(Config\Cache), false)
 7 SYSTEMPATH\Boot.php(334): CodeIgniter\CodeIgniter->run()
 8 SYSTEMPATH\Boot.php(67): CodeIgniter\Boot::runCodeIgniter(Object(CodeIgniter\CodeIgniter))
 9 FCPATH\index.php(59): CodeIgniter\Boot::bootWeb(Object(Config\Paths))
DEBUG - 2025-12-04 02:33:50 --> Session: Class initialized using 'CodeIgniter\Session\Handlers\FileHandler' driver.
WARNING - 2025-12-04 02:33:51 --> [DEPRECATED] Passing lowercase HTTP method "get" is deprecated. Use uppercase HTTP method like "GET". in SYSTEMPATH\Router\RouteCollection.php on line 1026.
 1 SYSTEMPATH\Router\RouteCollection.php(1026): trigger_error('Passing lowercase HTTP method "get" is deprecated. Use uppercase HTTP method like "GET".', 16384)
 2 APPPATH\Config\Routes.php(101): CodeIgniter\Router\RouteCollection->match([...], 'sms/gateway', 'SmsController::gateway')
 3 SYSTEMPATH\Router\RouteCollection.php(339): require('D:\\xampp\\htdocs\\FloodGuard\\app\\Config\\Routes.php')
 4 SYSTEMPATH\CodeIgniter.php(821): CodeIgniter\Router\RouteCollection->loadRoutes()
 5 SYSTEMPATH\CodeIgniter.php(455): CodeIgniter\CodeIgniter->tryToRouteIt(null)
 6 SYSTEMPATH\CodeIgniter.php(354): CodeIgniter\CodeIgniter->handleRequest(null, Object(Config\Cache), false)
 7 SYSTEMPATH\Boot.php(334): CodeIgniter\CodeIgniter->run()
 8 SYSTEMPATH\Boot.php(67): CodeIgniter\Boot::runCodeIgniter(Object(CodeIgniter\CodeIgniter))
 9 FCPATH\index.php(59): CodeIgniter\Boot::bootWeb(Object(Config\Paths))
WARNING - 2025-12-04 02:33:51 --> [DEPRECATED] Passing lowercase HTTP method "post" is deprecated. Use uppercase HTTP method like "POST". in SYSTEMPATH\Router\RouteCollection.php on line 1026.
 1 SYSTEMPATH\Router\RouteCollection.php(1026): trigger_error('Passing lowercase HTTP method "post" is deprecated. Use uppercase HTTP method like "POST".', 16384)
 2 APPPATH\Config\Routes.php(101): CodeIgniter\Router\RouteCollection->match([...], 'sms/gateway', 'SmsController::gateway')
 3 SYSTEMPATH\Router\RouteCollection.php(339): require('D:\\xampp\\htdocs\\FloodGuard\\app\\Config\\Routes.php')
 4 SYSTEMPATH\CodeIgniter.php(821): CodeIgniter\Router\RouteCollection->loadRoutes()
 5 SYSTEMPATH\CodeIgniter.php(455): CodeIgniter\CodeIgniter->tryToRouteIt(null)
 6 SYSTEMPATH\CodeIgniter.php(354): CodeIgniter\CodeIgniter->handleRequest(null, Object(Config\Cache), false)
 7 SYSTEMPATH\Boot.php(334): CodeIgniter\CodeIgniter->run()
 8 SYSTEMPATH\Boot.php(67): CodeIgniter\Boot::runCodeIgniter(Object(CodeIgniter\CodeIgniter))
 9 FCPATH\index.php(59): CodeIgniter\Boot::bootWeb(Object(Config\Paths))
WARNING - 2025-12-04 02:33:59 --> [DEPRECATED] Passing lowercase HTTP method "get" is deprecated. Use uppercase HTTP method like "GET". in SYSTEMPATH\Router\RouteCollection.php on line 1026.
 1 SYSTEMPATH\Router\RouteCollection.php(1026): trigger_error('Passing lowercase HTTP method "get" is deprecated. Use uppercase HTTP method like "GET".', 16384)
 2 APPPATH\Config\Routes.php(101): CodeIgniter\Router\RouteCollection->match([...], 'sms/gateway', 'SmsController::gateway')
 3 SYSTEMPATH\Router\RouteCollection.php(339): require('D:\\xampp\\htdocs\\FloodGuard\\app\\Config\\Routes.php')
 4 SYSTEMPATH\CodeIgniter.php(821): CodeIgniter\Router\RouteCollection->loadRoutes()
 5 SYSTEMPATH\CodeIgniter.php(455): CodeIgniter\CodeIgniter->tryToRouteIt(null)
 6 SYSTEMPATH\CodeIgniter.php(354): CodeIgniter\CodeIgniter->handleRequest(null, Object(Config\Cache), false)
 7 SYSTEMPATH\Boot.php(334): CodeIgniter\CodeIgniter->run()
 8 SYSTEMPATH\Boot.php(67): CodeIgniter\Boot::runCodeIgniter(Object(CodeIgniter\CodeIgniter))
 9 FCPATH\index.php(59): CodeIgniter\Boot::bootWeb(Object(Config\Paths))
WARNING - 2025-12-04 02:33:59 --> [DEPRECATED] Passing lowercase HTTP method "post" is deprecated. Use uppercase HTTP method like "POST". in SYSTEMPATH\Router\RouteCollection.php on line 1026.
 1 SYSTEMPATH\Router\RouteCollection.php(1026): trigger_error('Passing lowercase HTTP method "post" is deprecated. Use uppercase HTTP method like "POST".', 16384)
 2 APPPATH\Config\Routes.php(101): CodeIgniter\Router\RouteCollection->match([...], 'sms/gateway', 'SmsController::gateway')
 3 SYSTEMPATH\Router\RouteCollection.php(339): require('D:\\xampp\\htdocs\\FloodGuard\\app\\Config\\Routes.php')
 4 SYSTEMPATH\CodeIgniter.php(821): CodeIgniter\Router\RouteCollection->loadRoutes()
 5 SYSTEMPATH\CodeIgniter.php(455): CodeIgniter\CodeIgniter->tryToRouteIt(null)
 6 SYSTEMPATH\CodeIgniter.php(354): CodeIgniter\CodeIgniter->handleRequest(null, Object(Config\Cache), false)
 7 SYSTEMPATH\Boot.php(334): CodeIgniter\CodeIgniter->run()
 8 SYSTEMPATH\Boot.php(67): CodeIgniter\Boot::runCodeIgniter(Object(CodeIgniter\CodeIgniter))
 9 FCPATH\index.php(59): CodeIgniter\Boot::bootWeb(Object(Config\Paths))
DEBUG - 2025-12-04 02:33:59 --> Session: Class initialized using 'CodeIgniter\Session\Handlers\FileHandler' driver.
WARNING - 2025-12-04 02:34:00 --> [DEPRECATED] Passing lowercase HTTP method "get" is deprecated. Use uppercase HTTP method like "GET". in SYSTEMPATH\Router\RouteCollection.php on line 1026.
 1 SYSTEMPATH\Router\RouteCollection.php(1026): trigger_error('Passing lowercase HTTP method "get" is deprecated. Use uppercase HTTP method like "GET".', 16384)
 2 APPPATH\Config\Routes.php(101): CodeIgniter\Router\RouteCollection->match([...], 'sms/gateway', 'SmsController::gateway')
 3 SYSTEMPATH\Router\RouteCollection.php(339): require('D:\\xampp\\htdocs\\FloodGuard\\app\\Config\\Routes.php')
 4 SYSTEMPATH\CodeIgniter.php(821): CodeIgniter\Router\RouteCollection->loadRoutes()
 5 SYSTEMPATH\CodeIgniter.php(455): CodeIgniter\CodeIgniter->tryToRouteIt(null)
 6 SYSTEMPATH\CodeIgniter.php(354): CodeIgniter\CodeIgniter->handleRequest(null, Object(Config\Cache), false)
 7 SYSTEMPATH\Boot.php(334): CodeIgniter\CodeIgniter->run()
 8 SYSTEMPATH\Boot.php(67): CodeIgniter\Boot::runCodeIgniter(Object(CodeIgniter\CodeIgniter))
 9 FCPATH\index.php(59): CodeIgniter\Boot::bootWeb(Object(Config\Paths))
WARNING - 2025-12-04 02:34:00 --> [DEPRECATED] Passing lowercase HTTP method "post" is deprecated. Use uppercase HTTP method like "POST". in SYSTEMPATH\Router\RouteCollection.php on line 1026.
 1 SYSTEMPATH\Router\RouteCollection.php(1026): trigger_error('Passing lowercase HTTP method "post" is deprecated. Use uppercase HTTP method like "POST".', 16384)
 2 APPPATH\Config\Routes.php(101): CodeIgniter\Router\RouteCollection->match([...], 'sms/gateway', 'SmsController::gateway')
 3 SYSTEMPATH\Router\RouteCollection.php(339): require('D:\\xampp\\htdocs\\FloodGuard\\app\\Config\\Routes.php')
 4 SYSTEMPATH\CodeIgniter.php(821): CodeIgniter\Router\RouteCollection->loadRoutes()
 5 SYSTEMPATH\CodeIgniter.php(455): CodeIgniter\CodeIgniter->tryToRouteIt(null)
 6 SYSTEMPATH\CodeIgniter.php(354): CodeIgniter\CodeIgniter->handleRequest(null, Object(Config\Cache), false)
 7 SYSTEMPATH\Boot.php(334): CodeIgniter\CodeIgniter->run()
 8 SYSTEMPATH\Boot.php(67): CodeIgniter\Boot::runCodeIgniter(Object(CodeIgniter\CodeIgniter))
 9 FCPATH\index.php(59): CodeIgniter\Boot::bootWeb(Object(Config\Paths))
CRITICAL - 2025-12-04 02:34:04 --> ErrorException: fwrite(): Write of 4485 bytes failed with errno=32 Broken pipe
[Method: GET, Route: flood/hourly/data]
in APPPATH\Controllers\FloodPredictor.php on line 257.
 1 [internal function]: CodeIgniter\Debug\Exceptions->errorHandler(8, 'fwrite(): Write of 4485 bytes failed with errno=32 Broken pipe', 'D:\\xampp\\htdocs\\FloodGuard\\app\\Controllers\\FloodPredictor.php', 257)
 2 APPPATH\Controllers\FloodPredictor.php(257): fwrite(NULL, '[{"datetime":"2025-12-03T00:00","weather_code (wmo code)":2,"rain (mm)":0,"temp (?C)":26.1,"soil_moisture_0_to_7cm (m?\\/m?)":0,"river_discharge (m?\\/s)":1.28,"wind_gusts_10m (km\\/h)":9.7},{"datetime":"2025-12-03T03:00","weather_code (wmo code)":2,"rain (mm)":0,"temp (?C)":25.9,"soil_moisture_0_to_7cm (m?\\/m?)":0,"river_discharge (m?\\/s)":1.28,"wind_gusts_10m (km\\/h)":3.2},{"datetime":"2025-12-03T06:00","weather_code (wmo code)":3,"rain (mm)":0,"temp (?C)":25,"soil_moisture_0_to_7cm (m?\\/m?)":0,"river_discharge (m?\\/s)":1.28,"wind_gusts_10m (km\\/h)":4.7},{"datetime":"2025-12-03T09:00","weather_code (wmo code)":2,"rain (mm)":0,"temp (?C)":28.4,"soil_moisture_0_to_7cm (m?\\/m?)":0,"river_discharge (m?\\/s)":1.28,"wind_gusts_10m (km\\/h)":14.4},{"datetime":"2025-12-03T12:00","weather_code (wmo code)":2,"rain (mm)":0,"temp (?C)":31.7,"soil_moisture_0_to_7cm (m?\\/m?)":0,"river_discharge (m?\\/s)":1.28,"wind_gusts_10m (km\\/h)":24.8},{"datetime":"2025-12-03T15:00","weather_code (wmo code)":3,"rain (mm)":0,"temp (?C)":32.2,"soil_moisture_0_to_7cm (m?\\/m?)":0,"river_discharge (m?\\/s)":1.28,"wind_gusts_10m (km\\/h)":24.5},{"datetime":"2025-12-03T18:00","weather_code (wmo code)":1,"rain (mm)":0,"temp (?C)":30,"soil_moisture_0_to_7cm (m?\\/m?)":0,"river_discharge (m?\\/s)":1.28,"wind_gusts_10m (km\\/h)":9.7},{"datetime":"2025-12-03T21:00","weather_code (wmo code)":2,"rain (mm)":0,"temp (?C)":28.4,"soil_moisture_0_to_7cm (m?\\/m?)":0,"river_discharge (m?\\/s)":1.28,"wind_gusts_10m (km\\/h)":6.8},{"datetime":"2025-12-04T00:00","weather_code (wmo code)":3,"rain (mm)":0,"temp (?C)":26.7,"soil_moisture_0_to_7cm (m?\\/m?)":0,"river_discharge (m?\\/s)":1.67,"wind_gusts_10m (km\\/h)":6.5},{"datetime":"2025-12-04T03:00","weather_code (wmo code)":3,"rain (mm)":0,"temp (?C)":26.3,"soil_moisture_0_to_7cm (m?\\/m?)":0,"river_discharge (m?\\/s)":1.67,"wind_gusts_10m (km\\/h)":7.9},{"datetime":"2025-12-04T06:00","weather_code (wmo code)":3,"rain (mm)":0,"temp (?C)":25.7,"soil_moisture_0_to_7cm (m?\\/m?)":0,"river_discharge (m?\\/s)":1.67,"wind_gusts_10m (km\\/h)":7.9},{"datetime":"2025-12-04T09:00","weather_code (wmo code)":3,"rain (mm)":0,"temp (?C)":29.2,"soil_moisture_0_to_7cm (m?\\/m?)":0,"river_discharge (m?\\/s)":1.67,"wind_gusts_10m (km\\/h)":21.6},{"datetime":"2025-12-04T12:00","weather_code (wmo code)":1,"rain (mm)":0,"temp (?C)":32,"soil_moisture_0_to_7cm (m?\\/m?)":0,"river_discharge (m?\\/s)":1.67,"wind_gusts_10m (km\\/h)":40.3},{"datetime":"2025-12-04T15:00","weather_code (wmo code)":0,"rain (mm)":0,"temp (?C)":31,"soil_moisture_0_to_7cm (m?\\/m?)":0,"river_discharge (m?\\/s)":1.67,"wind_gusts_10m (km\\/h)":41.8},{"datetime":"2025-12-04T18:00","weather_code (wmo code)":1,"rain (mm)":0,"temp (?C)":27.5,"soil_moisture_0_to_7cm (m?\\/m?)":0,"river_discharge (m?\\/s)":1.67,"wind_gusts_10m (km\\/h)":23.8},{"datetime":"2025-12-04T21:00","weather_code (wmo code)":1,"rain (mm)":0,"temp (?C)":25,"soil_moisture_0_to_7cm (m?\\/m?)":0,"river_discharge (m?\\/s)":1.67,"wind_gusts_10m (km\\/h)":9.7},{"datetime":"2025-12-05T00:00","weather_code (wmo code)":3,"rain (mm)":0,"temp (?C)":24,"soil_moisture_0_to_7cm (m?\\/m?)":0,"river_discharge (m?\\/s)":2.05,"wind_gusts_10m (km\\/h)":12.2},{"datetime":"2025-12-05T03:00","weather_code (wmo code)":3,"rain (mm)":0,"temp (?C)":23.2,"soil_moisture_0_to_7cm (m?\\/m?)":0,"river_discharge (m?\\/s)":2.05,"wind_gusts_10m (km\\/h)":9},{"datetime":"2025-12-05T06:00","weather_code (wmo code)":1,"rain (mm)":0,"temp (?C)":22.7,"soil_moisture_0_to_7cm (m?\\/m?)":0,"river_discharge (m?\\/s)":2.05,"wind_gusts_10m (km\\/h)":9.7},{"datetime":"2025-12-05T09:00","weather_code (wmo code)":3,"rain (mm)":0,"temp (?C)":26.7,"soil_moisture_0_to_7cm (m?\\/m?)":0,"river_discharge (m?\\/s)":2.05,"wind_gusts_10m (km\\/h)":14.8},{"datetime":"2025-12-05T12:00","weather_code (wmo code)":3,"rain (mm)":0,"temp (?C)":30.6,"soil_moisture_0_to_7cm (m?\\/m?)":0,"river_discharge (m?\\/s)":2.05,"wind_gusts_10m (km\\/h)":32},{"datetime":"2025-12-05T15:00","weather_code (wmo code)":3,"rain (mm)":0,"temp (?C)":29.7,"soil_moisture_0_to_7cm (m?\\/m?)":0,"river_discharge (m?\\/s)":2.05,"wind_gusts_10m (km\\/h)":33.8},{"datetime":"2025-12-05T18:00","weather_code (wmo code)":3,"rain (mm)":0,"temp (?C)":26.7,"soil_moisture_0_to_7cm (m?\\/m?)":0,"river_discharge (m?\\/s)":2.05,"wind_gusts_10m (km\\/h)":19.1},{"datetime":"2025-12-05T21:00","weather_code (wmo code)":3,"rain (mm)":0,"temp (?C)":24.9,"soil_moisture_0_to_7cm (m?\\/m?)":0,"river_discharge (m?\\/s)":2.05,"wind_gusts_10m (km\\/h)":9.4}]')
 3 SYSTEMPATH\CodeIgniter.php(933): App\Controllers\FloodPredictor->predict_hourly_ajax()
 4 SYSTEMPATH\CodeIgniter.php(507): CodeIgniter\CodeIgniter->runController(Object(App\Controllers\FloodPredictor))
 5 SYSTEMPATH\CodeIgniter.php(354): CodeIgniter\CodeIgniter->handleRequest(null, Object(Config\Cache), false)
 6 SYSTEMPATH\Boot.php(334): CodeIgniter\CodeIgniter->run()
 7 SYSTEMPATH\Boot.php(67): CodeIgniter\Boot::runCodeIgniter(Object(CodeIgniter\CodeIgniter))
 8 FCPATH\index.php(59): CodeIgniter\Boot::bootWeb(Object(Config\Paths))
CRITICAL - 2025-12-04 02:34:04 --> ErrorException: Uncaught CodeIgniter\Format\Exceptions\FormatException: Failed to parse JSON string. Error: Type is not supported in D:\xampp\htdocs\FloodGuard\system\Format\JSONFormatter.php:45
Stack trace:
#0 D:\xampp\htdocs\FloodGuard\system\Format\JSONFormatter.php(45): CodeIgniter\Format\Exceptions\FormatException::forInvalidJSON('Type is not sup...')
#1 D:\xampp\htdocs\FloodGuard\system\API\ResponseTrait.php(345): CodeIgniter\Format\JSONFormatter->format(Array)
#2 D:\xampp\htdocs\FloodGuard\system\API\ResponseTrait.php(103): CodeIgniter\Debug\ExceptionHandler->format(Array)
#3 D:\xampp\htdocs\FloodGuard\system\Debug\ExceptionHandler.php(85): CodeIgniter\Debug\ExceptionHandler->respond(Array, 500)
#4 D:\xampp\htdocs\FloodGuard\system\Debug\Exceptions.php(162): CodeIgniter\Debug\ExceptionHandler->handle(Object(ErrorException), Object(CodeIgniter\HTTP\IncomingRequest), Object(CodeIgniter\HTTP\Response), 500, 1)
#5 [internal function]: CodeIgniter\Debug\Exceptions->exceptionHandler(Object(ErrorException))
#6 {main}
  thrown
【Previous Exception】
ErrorException
fwrite(): Write of 4485 bytes failed with errno=32 Broken pipe
#0 [internal function]: CodeIgniter\Debug\Exceptions->errorHandler(8, 'fwrite(): Write...', 'D:\\xampp\\htdocs...', 257)
#1 D:\xampp\htdocs\FloodGuard\app\Controllers\FloodPredictor.php(257): fwrite(Resource id #182, '[{"datetime":"2...')
#2 D:\xampp\htdocs\FloodGuard\system\CodeIgniter.php(933): App\Controllers\FloodPredictor->predict_hourly_ajax()
#3 D:\xampp\htdocs\FloodGuard\system\CodeIgniter.php(507): CodeIgniter\CodeIgniter->runController(Object(App\Controllers\FloodPredictor))
#4 D:\xampp\htdocs\FloodGuard\system\CodeIgniter.php(354): CodeIgniter\CodeIgniter->handleRequest(NULL, Object(Config\Cache), false)
#5 D:\xampp\htdocs\FloodGuard\system\Boot.php(334): CodeIgniter\CodeIgniter->run()
#6 D:\xampp\htdocs\FloodGuard\system\Boot.php(67): CodeIgniter\Boot::runCodeIgniter(Object(CodeIgniter\CodeIgniter))
#7 D:\xampp\htdocs\FloodGuard\public\index.php(59): CodeIgniter\Boot::bootWeb(Object(Config\Paths))
#8 {main}
[Method: GET, Route: flood/hourly/data]
in SYSTEMPATH\Format\JSONFormatter.php on line 45.
 1 [internal function]: CodeIgniter\Debug\Exceptions->shutdownHandler()
WARNING - 2025-12-04 02:34:37 --> [DEPRECATED] Passing lowercase HTTP method "get" is deprecated. Use uppercase HTTP method like "GET". in SYSTEMPATH\Router\RouteCollection.php on line 1026.
 1 SYSTEMPATH\Router\RouteCollection.php(1026): trigger_error('Passing lowercase HTTP method "get" is deprecated. Use uppercase HTTP method like "GET".', 16384)
 2 APPPATH\Config\Routes.php(101): CodeIgniter\Router\RouteCollection->match([...], 'sms/gateway', 'SmsController::gateway')
 3 SYSTEMPATH\Router\RouteCollection.php(339): require('D:\\xampp\\htdocs\\FloodGuard\\app\\Config\\Routes.php')
 4 SYSTEMPATH\CodeIgniter.php(821): CodeIgniter\Router\RouteCollection->loadRoutes()
 5 SYSTEMPATH\CodeIgniter.php(455): CodeIgniter\CodeIgniter->tryToRouteIt(null)
 6 SYSTEMPATH\CodeIgniter.php(354): CodeIgniter\CodeIgniter->handleRequest(null, Object(Config\Cache), false)
 7 SYSTEMPATH\Boot.php(334): CodeIgniter\CodeIgniter->run()
 8 SYSTEMPATH\Boot.php(67): CodeIgniter\Boot::runCodeIgniter(Object(CodeIgniter\CodeIgniter))
 9 FCPATH\index.php(59): CodeIgniter\Boot::bootWeb(Object(Config\Paths))
WARNING - 2025-12-04 02:34:37 --> [DEPRECATED] Passing lowercase HTTP method "post" is deprecated. Use uppercase HTTP method like "POST". in SYSTEMPATH\Router\RouteCollection.php on line 1026.
 1 SYSTEMPATH\Router\RouteCollection.php(1026): trigger_error('Passing lowercase HTTP method "post" is deprecated. Use uppercase HTTP method like "POST".', 16384)
 2 APPPATH\Config\Routes.php(101): CodeIgniter\Router\RouteCollection->match([...], 'sms/gateway', 'SmsController::gateway')
 3 SYSTEMPATH\Router\RouteCollection.php(339): require('D:\\xampp\\htdocs\\FloodGuard\\app\\Config\\Routes.php')
 4 SYSTEMPATH\CodeIgniter.php(821): CodeIgniter\Router\RouteCollection->loadRoutes()
 5 SYSTEMPATH\CodeIgniter.php(455): CodeIgniter\CodeIgniter->tryToRouteIt(null)
 6 SYSTEMPATH\CodeIgniter.php(354): CodeIgniter\CodeIgniter->handleRequest(null, Object(Config\Cache), false)
 7 SYSTEMPATH\Boot.php(334): CodeIgniter\CodeIgniter->run()
 8 SYSTEMPATH\Boot.php(67): CodeIgniter\Boot::runCodeIgniter(Object(CodeIgniter\CodeIgniter))
 9 FCPATH\index.php(59): CodeIgniter\Boot::bootWeb(Object(Config\Paths))
DEBUG - 2025-12-04 02:34:37 --> Session: Class initialized using 'CodeIgniter\Session\Handlers\FileHandler' driver.
WARNING - 2025-12-04 02:34:37 --> [DEPRECATED] Passing lowercase HTTP method "get" is deprecated. Use uppercase HTTP method like "GET". in SYSTEMPATH\Router\RouteCollection.php on line 1026.
 1 SYSTEMPATH\Router\RouteCollection.php(1026): trigger_error('Passing lowercase HTTP method "get" is deprecated. Use uppercase HTTP method like "GET".', 16384)
 2 APPPATH\Config\Routes.php(101): CodeIgniter\Router\RouteCollection->match([...], 'sms/gateway', 'SmsController::gateway')
 3 SYSTEMPATH\Router\RouteCollection.php(339): require('D:\\xampp\\htdocs\\FloodGuard\\app\\Config\\Routes.php')
 4 SYSTEMPATH\CodeIgniter.php(821): CodeIgniter\Router\RouteCollection->loadRoutes()
 5 SYSTEMPATH\CodeIgniter.php(455): CodeIgniter\CodeIgniter->tryToRouteIt(null)
 6 SYSTEMPATH\CodeIgniter.php(354): CodeIgniter\CodeIgniter->handleRequest(null, Object(Config\Cache), false)
 7 SYSTEMPATH\Boot.php(334): CodeIgniter\CodeIgniter->run()
 8 SYSTEMPATH\Boot.php(67): CodeIgniter\Boot::runCodeIgniter(Object(CodeIgniter\CodeIgniter))
 9 FCPATH\index.php(59): CodeIgniter\Boot::bootWeb(Object(Config\Paths))
WARNING - 2025-12-04 02:34:37 --> [DEPRECATED] Passing lowercase HTTP method "post" is deprecated. Use uppercase HTTP method like "POST". in SYSTEMPATH\Router\RouteCollection.php on line 1026.
 1 SYSTEMPATH\Router\RouteCollection.php(1026): trigger_error('Passing lowercase HTTP method "post" is deprecated. Use uppercase HTTP method like "POST".', 16384)
 2 APPPATH\Config\Routes.php(101): CodeIgniter\Router\RouteCollection->match([...], 'sms/gateway', 'SmsController::gateway')
 3 SYSTEMPATH\Router\RouteCollection.php(339): require('D:\\xampp\\htdocs\\FloodGuard\\app\\Config\\Routes.php')
 4 SYSTEMPATH\CodeIgniter.php(821): CodeIgniter\Router\RouteCollection->loadRoutes()
 5 SYSTEMPATH\CodeIgniter.php(455): CodeIgniter\CodeIgniter->tryToRouteIt(null)
 6 SYSTEMPATH\CodeIgniter.php(354): CodeIgniter\CodeIgniter->handleRequest(null, Object(Config\Cache), false)
 7 SYSTEMPATH\Boot.php(334): CodeIgniter\CodeIgniter->run()
 8 SYSTEMPATH\Boot.php(67): CodeIgniter\Boot::runCodeIgniter(Object(CodeIgniter\CodeIgniter))
 9 FCPATH\index.php(59): CodeIgniter\Boot::bootWeb(Object(Config\Paths))
WARNING - 2025-12-04 02:35:13 --> [DEPRECATED] Passing lowercase HTTP method "get" is deprecated. Use uppercase HTTP method like "GET". in SYSTEMPATH\Router\RouteCollection.php on line 1026.
 1 SYSTEMPATH\Router\RouteCollection.php(1026): trigger_error('Passing lowercase HTTP method "get" is deprecated. Use uppercase HTTP method like "GET".', 16384)
 2 APPPATH\Config\Routes.php(101): CodeIgniter\Router\RouteCollection->match([...], 'sms/gateway', 'SmsController::gateway')
 3 SYSTEMPATH\Router\RouteCollection.php(339): require('D:\\xampp\\htdocs\\FloodGuard\\app\\Config\\Routes.php')
 4 SYSTEMPATH\CodeIgniter.php(821): CodeIgniter\Router\RouteCollection->loadRoutes()
 5 SYSTEMPATH\CodeIgniter.php(455): CodeIgniter\CodeIgniter->tryToRouteIt(null)
 6 SYSTEMPATH\CodeIgniter.php(354): CodeIgniter\CodeIgniter->handleRequest(null, Object(Config\Cache), false)
 7 SYSTEMPATH\Boot.php(334): CodeIgniter\CodeIgniter->run()
 8 SYSTEMPATH\Boot.php(67): CodeIgniter\Boot::runCodeIgniter(Object(CodeIgniter\CodeIgniter))
 9 FCPATH\index.php(59): CodeIgniter\Boot::bootWeb(Object(Config\Paths))
WARNING - 2025-12-04 02:35:13 --> [DEPRECATED] Passing lowercase HTTP method "post" is deprecated. Use uppercase HTTP method like "POST". in SYSTEMPATH\Router\RouteCollection.php on line 1026.
 1 SYSTEMPATH\Router\RouteCollection.php(1026): trigger_error('Passing lowercase HTTP method "post" is deprecated. Use uppercase HTTP method like "POST".', 16384)
 2 APPPATH\Config\Routes.php(101): CodeIgniter\Router\RouteCollection->match([...], 'sms/gateway', 'SmsController::gateway')
 3 SYSTEMPATH\Router\RouteCollection.php(339): require('D:\\xampp\\htdocs\\FloodGuard\\app\\Config\\Routes.php')
 4 SYSTEMPATH\CodeIgniter.php(821): CodeIgniter\Router\RouteCollection->loadRoutes()
 5 SYSTEMPATH\CodeIgniter.php(455): CodeIgniter\CodeIgniter->tryToRouteIt(null)
 6 SYSTEMPATH\CodeIgniter.php(354): CodeIgniter\CodeIgniter->handleRequest(null, Object(Config\Cache), false)
 7 SYSTEMPATH\Boot.php(334): CodeIgniter\CodeIgniter->run()
 8 SYSTEMPATH\Boot.php(67): CodeIgniter\Boot::runCodeIgniter(Object(CodeIgniter\CodeIgniter))
 9 FCPATH\index.php(59): CodeIgniter\Boot::bootWeb(Object(Config\Paths))
DEBUG - 2025-12-04 02:35:13 --> Session: Class initialized using 'CodeIgniter\Session\Handlers\FileHandler' driver.
WARNING - 2025-12-04 02:35:14 --> [DEPRECATED] Passing lowercase HTTP method "get" is deprecated. Use uppercase HTTP method like "GET". in SYSTEMPATH\Router\RouteCollection.php on line 1026.
 1 SYSTEMPATH\Router\RouteCollection.php(1026): trigger_error('Passing lowercase HTTP method "get" is deprecated. Use uppercase HTTP method like "GET".', 16384)
 2 APPPATH\Config\Routes.php(101): CodeIgniter\Router\RouteCollection->match([...], 'sms/gateway', 'SmsController::gateway')
 3 SYSTEMPATH\Router\RouteCollection.php(339): require('D:\\xampp\\htdocs\\FloodGuard\\app\\Config\\Routes.php')
 4 SYSTEMPATH\CodeIgniter.php(821): CodeIgniter\Router\RouteCollection->loadRoutes()
 5 SYSTEMPATH\CodeIgniter.php(455): CodeIgniter\CodeIgniter->tryToRouteIt(null)
 6 SYSTEMPATH\CodeIgniter.php(354): CodeIgniter\CodeIgniter->handleRequest(null, Object(Config\Cache), false)
 7 SYSTEMPATH\Boot.php(334): CodeIgniter\CodeIgniter->run()
 8 SYSTEMPATH\Boot.php(67): CodeIgniter\Boot::runCodeIgniter(Object(CodeIgniter\CodeIgniter))
 9 FCPATH\index.php(59): CodeIgniter\Boot::bootWeb(Object(Config\Paths))
WARNING - 2025-12-04 02:35:14 --> [DEPRECATED] Passing lowercase HTTP method "post" is deprecated. Use uppercase HTTP method like "POST". in SYSTEMPATH\Router\RouteCollection.php on line 1026.
 1 SYSTEMPATH\Router\RouteCollection.php(1026): trigger_error('Passing lowercase HTTP method "post" is deprecated. Use uppercase HTTP method like "POST".', 16384)
 2 APPPATH\Config\Routes.php(101): CodeIgniter\Router\RouteCollection->match([...], 'sms/gateway', 'SmsController::gateway')
 3 SYSTEMPATH\Router\RouteCollection.php(339): require('D:\\xampp\\htdocs\\FloodGuard\\app\\Config\\Routes.php')
 4 SYSTEMPATH\CodeIgniter.php(821): CodeIgniter\Router\RouteCollection->loadRoutes()
 5 SYSTEMPATH\CodeIgniter.php(455): CodeIgniter\CodeIgniter->tryToRouteIt(null)
 6 SYSTEMPATH\CodeIgniter.php(354): CodeIgniter\CodeIgniter->handleRequest(null, Object(Config\Cache), false)
 7 SYSTEMPATH\Boot.php(334): CodeIgniter\CodeIgniter->run()
 8 SYSTEMPATH\Boot.php(67): CodeIgniter\Boot::runCodeIgniter(Object(CodeIgniter\CodeIgniter))
 9 FCPATH\index.php(59): CodeIgniter\Boot::bootWeb(Object(Config\Paths))
WARNING - 2025-12-04 02:37:27 --> [DEPRECATED] Passing lowercase HTTP method "get" is deprecated. Use uppercase HTTP method like "GET". in SYSTEMPATH\Router\RouteCollection.php on line 1026.
 1 SYSTEMPATH\Router\RouteCollection.php(1026): trigger_error('Passing lowercase HTTP method "get" is deprecated. Use uppercase HTTP method like "GET".', 16384)
 2 APPPATH\Config\Routes.php(101): CodeIgniter\Router\RouteCollection->match([...], 'sms/gateway', 'SmsController::gateway')
 3 SYSTEMPATH\Router\RouteCollection.php(339): require('D:\\xampp\\htdocs\\FloodGuard\\app\\Config\\Routes.php')
 4 SYSTEMPATH\CodeIgniter.php(821): CodeIgniter\Router\RouteCollection->loadRoutes()
 5 SYSTEMPATH\CodeIgniter.php(455): CodeIgniter\CodeIgniter->tryToRouteIt(null)
 6 SYSTEMPATH\CodeIgniter.php(354): CodeIgniter\CodeIgniter->handleRequest(null, Object(Config\Cache), false)
 7 SYSTEMPATH\Boot.php(334): CodeIgniter\CodeIgniter->run()
 8 SYSTEMPATH\Boot.php(67): CodeIgniter\Boot::runCodeIgniter(Object(CodeIgniter\CodeIgniter))
 9 FCPATH\index.php(59): CodeIgniter\Boot::bootWeb(Object(Config\Paths))
WARNING - 2025-12-04 02:37:27 --> [DEPRECATED] Passing lowercase HTTP method "post" is deprecated. Use uppercase HTTP method like "POST". in SYSTEMPATH\Router\RouteCollection.php on line 1026.
 1 SYSTEMPATH\Router\RouteCollection.php(1026): trigger_error('Passing lowercase HTTP method "post" is deprecated. Use uppercase HTTP method like "POST".', 16384)
 2 APPPATH\Config\Routes.php(101): CodeIgniter\Router\RouteCollection->match([...], 'sms/gateway', 'SmsController::gateway')
 3 SYSTEMPATH\Router\RouteCollection.php(339): require('D:\\xampp\\htdocs\\FloodGuard\\app\\Config\\Routes.php')
 4 SYSTEMPATH\CodeIgniter.php(821): CodeIgniter\Router\RouteCollection->loadRoutes()
 5 SYSTEMPATH\CodeIgniter.php(455): CodeIgniter\CodeIgniter->tryToRouteIt(null)
 6 SYSTEMPATH\CodeIgniter.php(354): CodeIgniter\CodeIgniter->handleRequest(null, Object(Config\Cache), false)
 7 SYSTEMPATH\Boot.php(334): CodeIgniter\CodeIgniter->run()
 8 SYSTEMPATH\Boot.php(67): CodeIgniter\Boot::runCodeIgniter(Object(CodeIgniter\CodeIgniter))
 9 FCPATH\index.php(59): CodeIgniter\Boot::bootWeb(Object(Config\Paths))
DEBUG - 2025-12-04 02:37:27 --> Session: Class initialized using 'CodeIgniter\Session\Handlers\FileHandler' driver.
WARNING - 2025-12-04 02:37:28 --> [DEPRECATED] Passing lowercase HTTP method "get" is deprecated. Use uppercase HTTP method like "GET". in SYSTEMPATH\Router\RouteCollection.php on line 1026.
 1 SYSTEMPATH\Router\RouteCollection.php(1026): trigger_error('Passing lowercase HTTP method "get" is deprecated. Use uppercase HTTP method like "GET".', 16384)
 2 APPPATH\Config\Routes.php(101): CodeIgniter\Router\RouteCollection->match([...], 'sms/gateway', 'SmsController::gateway')
 3 SYSTEMPATH\Router\RouteCollection.php(339): require('D:\\xampp\\htdocs\\FloodGuard\\app\\Config\\Routes.php')
 4 SYSTEMPATH\CodeIgniter.php(821): CodeIgniter\Router\RouteCollection->loadRoutes()
 5 SYSTEMPATH\CodeIgniter.php(455): CodeIgniter\CodeIgniter->tryToRouteIt(null)
 6 SYSTEMPATH\CodeIgniter.php(354): CodeIgniter\CodeIgniter->handleRequest(null, Object(Config\Cache), false)
 7 SYSTEMPATH\Boot.php(334): CodeIgniter\CodeIgniter->run()
 8 SYSTEMPATH\Boot.php(67): CodeIgniter\Boot::runCodeIgniter(Object(CodeIgniter\CodeIgniter))
 9 FCPATH\index.php(59): CodeIgniter\Boot::bootWeb(Object(Config\Paths))
WARNING - 2025-12-04 02:37:28 --> [DEPRECATED] Passing lowercase HTTP method "post" is deprecated. Use uppercase HTTP method like "POST". in SYSTEMPATH\Router\RouteCollection.php on line 1026.
 1 SYSTEMPATH\Router\RouteCollection.php(1026): trigger_error('Passing lowercase HTTP method "post" is deprecated. Use uppercase HTTP method like "POST".', 16384)
 2 APPPATH\Config\Routes.php(101): CodeIgniter\Router\RouteCollection->match([...], 'sms/gateway', 'SmsController::gateway')
 3 SYSTEMPATH\Router\RouteCollection.php(339): require('D:\\xampp\\htdocs\\FloodGuard\\app\\Config\\Routes.php')
 4 SYSTEMPATH\CodeIgniter.php(821): CodeIgniter\Router\RouteCollection->loadRoutes()
 5 SYSTEMPATH\CodeIgniter.php(455): CodeIgniter\CodeIgniter->tryToRouteIt(null)
 6 SYSTEMPATH\CodeIgniter.php(354): CodeIgniter\CodeIgniter->handleRequest(null, Object(Config\Cache), false)
 7 SYSTEMPATH\Boot.php(334): CodeIgniter\CodeIgniter->run()
 8 SYSTEMPATH\Boot.php(67): CodeIgniter\Boot::runCodeIgniter(Object(CodeIgniter\CodeIgniter))
 9 FCPATH\index.php(59): CodeIgniter\Boot::bootWeb(Object(Config\Paths))
WARNING - 2025-12-04 02:47:58 --> [DEPRECATED] Passing lowercase HTTP method "get" is deprecated. Use uppercase HTTP method like "GET". in SYSTEMPATH\Router\RouteCollection.php on line 1026.
 1 SYSTEMPATH\Router\RouteCollection.php(1026): trigger_error('Passing lowercase HTTP method "get" is deprecated. Use uppercase HTTP method like "GET".', 16384)
 2 APPPATH\Config\Routes.php(101): CodeIgniter\Router\RouteCollection->match([...], 'sms/gateway', 'SmsController::gateway')
 3 SYSTEMPATH\Router\RouteCollection.php(339): require('D:\\xampp\\htdocs\\FloodGuard\\app\\Config\\Routes.php')
 4 SYSTEMPATH\CodeIgniter.php(821): CodeIgniter\Router\RouteCollection->loadRoutes()
 5 SYSTEMPATH\CodeIgniter.php(455): CodeIgniter\CodeIgniter->tryToRouteIt(null)
 6 SYSTEMPATH\CodeIgniter.php(354): CodeIgniter\CodeIgniter->handleRequest(null, Object(Config\Cache), false)
 7 SYSTEMPATH\Boot.php(334): CodeIgniter\CodeIgniter->run()
 8 SYSTEMPATH\Boot.php(67): CodeIgniter\Boot::runCodeIgniter(Object(CodeIgniter\CodeIgniter))
 9 FCPATH\index.php(59): CodeIgniter\Boot::bootWeb(Object(Config\Paths))
WARNING - 2025-12-04 02:47:58 --> [DEPRECATED] Passing lowercase HTTP method "post" is deprecated. Use uppercase HTTP method like "POST". in SYSTEMPATH\Router\RouteCollection.php on line 1026.
 1 SYSTEMPATH\Router\RouteCollection.php(1026): trigger_error('Passing lowercase HTTP method "post" is deprecated. Use uppercase HTTP method like "POST".', 16384)
 2 APPPATH\Config\Routes.php(101): CodeIgniter\Router\RouteCollection->match([...], 'sms/gateway', 'SmsController::gateway')
 3 SYSTEMPATH\Router\RouteCollection.php(339): require('D:\\xampp\\htdocs\\FloodGuard\\app\\Config\\Routes.php')
 4 SYSTEMPATH\CodeIgniter.php(821): CodeIgniter\Router\RouteCollection->loadRoutes()
 5 SYSTEMPATH\CodeIgniter.php(455): CodeIgniter\CodeIgniter->tryToRouteIt(null)
 6 SYSTEMPATH\CodeIgniter.php(354): CodeIgniter\CodeIgniter->handleRequest(null, Object(Config\Cache), false)
 7 SYSTEMPATH\Boot.php(334): CodeIgniter\CodeIgniter->run()
 8 SYSTEMPATH\Boot.php(67): CodeIgniter\Boot::runCodeIgniter(Object(CodeIgniter\CodeIgniter))
 9 FCPATH\index.php(59): CodeIgniter\Boot::bootWeb(Object(Config\Paths))
DEBUG - 2025-12-04 02:47:58 --> Session: Class initialized using 'CodeIgniter\Session\Handlers\FileHandler' driver.
WARNING - 2025-12-04 02:47:59 --> [DEPRECATED] Passing lowercase HTTP method "get" is deprecated. Use uppercase HTTP method like "GET". in SYSTEMPATH\Router\RouteCollection.php on line 1026.
 1 SYSTEMPATH\Router\RouteCollection.php(1026): trigger_error('Passing lowercase HTTP method "get" is deprecated. Use uppercase HTTP method like "GET".', 16384)
 2 APPPATH\Config\Routes.php(101): CodeIgniter\Router\RouteCollection->match([...], 'sms/gateway', 'SmsController::gateway')
 3 SYSTEMPATH\Router\RouteCollection.php(339): require('D:\\xampp\\htdocs\\FloodGuard\\app\\Config\\Routes.php')
 4 SYSTEMPATH\CodeIgniter.php(821): CodeIgniter\Router\RouteCollection->loadRoutes()
 5 SYSTEMPATH\CodeIgniter.php(455): CodeIgniter\CodeIgniter->tryToRouteIt(null)
 6 SYSTEMPATH\CodeIgniter.php(354): CodeIgniter\CodeIgniter->handleRequest(null, Object(Config\Cache), false)
 7 SYSTEMPATH\Boot.php(334): CodeIgniter\CodeIgniter->run()
 8 SYSTEMPATH\Boot.php(67): CodeIgniter\Boot::runCodeIgniter(Object(CodeIgniter\CodeIgniter))
 9 FCPATH\index.php(59): CodeIgniter\Boot::bootWeb(Object(Config\Paths))
WARNING - 2025-12-04 02:47:59 --> [DEPRECATED] Passing lowercase HTTP method "post" is deprecated. Use uppercase HTTP method like "POST". in SYSTEMPATH\Router\RouteCollection.php on line 1026.
 1 SYSTEMPATH\Router\RouteCollection.php(1026): trigger_error('Passing lowercase HTTP method "post" is deprecated. Use uppercase HTTP method like "POST".', 16384)
 2 APPPATH\Config\Routes.php(101): CodeIgniter\Router\RouteCollection->match([...], 'sms/gateway', 'SmsController::gateway')
 3 SYSTEMPATH\Router\RouteCollection.php(339): require('D:\\xampp\\htdocs\\FloodGuard\\app\\Config\\Routes.php')
 4 SYSTEMPATH\CodeIgniter.php(821): CodeIgniter\Router\RouteCollection->loadRoutes()
 5 SYSTEMPATH\CodeIgniter.php(455): CodeIgniter\CodeIgniter->tryToRouteIt(null)
 6 SYSTEMPATH\CodeIgniter.php(354): CodeIgniter\CodeIgniter->handleRequest(null, Object(Config\Cache), false)
 7 SYSTEMPATH\Boot.php(334): CodeIgniter\CodeIgniter->run()
 8 SYSTEMPATH\Boot.php(67): CodeIgniter\Boot::runCodeIgniter(Object(CodeIgniter\CodeIgniter))
 9 FCPATH\index.php(59): CodeIgniter\Boot::bootWeb(Object(Config\Paths))
WARNING - 2025-12-04 02:49:24 --> [DEPRECATED] Passing lowercase HTTP method "get" is deprecated. Use uppercase HTTP method like "GET". in SYSTEMPATH\Router\RouteCollection.php on line 1026.
 1 SYSTEMPATH\Router\RouteCollection.php(1026): trigger_error('Passing lowercase HTTP method "get" is deprecated. Use uppercase HTTP method like "GET".', 16384)
 2 APPPATH\Config\Routes.php(101): CodeIgniter\Router\RouteCollection->match([...], 'sms/gateway', 'SmsController::gateway')
 3 SYSTEMPATH\Router\RouteCollection.php(339): require('D:\\xampp\\htdocs\\FloodGuard\\app\\Config\\Routes.php')
 4 SYSTEMPATH\CodeIgniter.php(821): CodeIgniter\Router\RouteCollection->loadRoutes()
 5 SYSTEMPATH\CodeIgniter.php(455): CodeIgniter\CodeIgniter->tryToRouteIt(null)
 6 SYSTEMPATH\CodeIgniter.php(354): CodeIgniter\CodeIgniter->handleRequest(null, Object(Config\Cache), false)
 7 SYSTEMPATH\Boot.php(334): CodeIgniter\CodeIgniter->run()
 8 SYSTEMPATH\Boot.php(67): CodeIgniter\Boot::runCodeIgniter(Object(CodeIgniter\CodeIgniter))
 9 FCPATH\index.php(59): CodeIgniter\Boot::bootWeb(Object(Config\Paths))
WARNING - 2025-12-04 02:49:24 --> [DEPRECATED] Passing lowercase HTTP method "post" is deprecated. Use uppercase HTTP method like "POST". in SYSTEMPATH\Router\RouteCollection.php on line 1026.
 1 SYSTEMPATH\Router\RouteCollection.php(1026): trigger_error('Passing lowercase HTTP method "post" is deprecated. Use uppercase HTTP method like "POST".', 16384)
 2 APPPATH\Config\Routes.php(101): CodeIgniter\Router\RouteCollection->match([...], 'sms/gateway', 'SmsController::gateway')
 3 SYSTEMPATH\Router\RouteCollection.php(339): require('D:\\xampp\\htdocs\\FloodGuard\\app\\Config\\Routes.php')
 4 SYSTEMPATH\CodeIgniter.php(821): CodeIgniter\Router\RouteCollection->loadRoutes()
 5 SYSTEMPATH\CodeIgniter.php(455): CodeIgniter\CodeIgniter->tryToRouteIt(null)
 6 SYSTEMPATH\CodeIgniter.php(354): CodeIgniter\CodeIgniter->handleRequest(null, Object(Config\Cache), false)
 7 SYSTEMPATH\Boot.php(334): CodeIgniter\CodeIgniter->run()
 8 SYSTEMPATH\Boot.php(67): CodeIgniter\Boot::runCodeIgniter(Object(CodeIgniter\CodeIgniter))
 9 FCPATH\index.php(59): CodeIgniter\Boot::bootWeb(Object(Config\Paths))
DEBUG - 2025-12-04 02:49:24 --> Session: Class initialized using 'CodeIgniter\Session\Handlers\FileHandler' driver.
WARNING - 2025-12-04 02:49:31 --> [DEPRECATED] Passing lowercase HTTP method "get" is deprecated. Use uppercase HTTP method like "GET". in SYSTEMPATH\Router\RouteCollection.php on line 1026.
 1 SYSTEMPATH\Router\RouteCollection.php(1026): trigger_error('Passing lowercase HTTP method "get" is deprecated. Use uppercase HTTP method like "GET".', 16384)
 2 APPPATH\Config\Routes.php(101): CodeIgniter\Router\RouteCollection->match([...], 'sms/gateway', 'SmsController::gateway')
 3 SYSTEMPATH\Router\RouteCollection.php(339): require('D:\\xampp\\htdocs\\FloodGuard\\app\\Config\\Routes.php')
 4 SYSTEMPATH\CodeIgniter.php(821): CodeIgniter\Router\RouteCollection->loadRoutes()
 5 SYSTEMPATH\CodeIgniter.php(455): CodeIgniter\CodeIgniter->tryToRouteIt(null)
 6 SYSTEMPATH\CodeIgniter.php(354): CodeIgniter\CodeIgniter->handleRequest(null, Object(Config\Cache), false)
 7 SYSTEMPATH\Boot.php(334): CodeIgniter\CodeIgniter->run()
 8 SYSTEMPATH\Boot.php(67): CodeIgniter\Boot::runCodeIgniter(Object(CodeIgniter\CodeIgniter))
 9 FCPATH\index.php(59): CodeIgniter\Boot::bootWeb(Object(Config\Paths))
WARNING - 2025-12-04 02:49:31 --> [DEPRECATED] Passing lowercase HTTP method "post" is deprecated. Use uppercase HTTP method like "POST". in SYSTEMPATH\Router\RouteCollection.php on line 1026.
 1 SYSTEMPATH\Router\RouteCollection.php(1026): trigger_error('Passing lowercase HTTP method "post" is deprecated. Use uppercase HTTP method like "POST".', 16384)
 2 APPPATH\Config\Routes.php(101): CodeIgniter\Router\RouteCollection->match([...], 'sms/gateway', 'SmsController::gateway')
 3 SYSTEMPATH\Router\RouteCollection.php(339): require('D:\\xampp\\htdocs\\FloodGuard\\app\\Config\\Routes.php')
 4 SYSTEMPATH\CodeIgniter.php(821): CodeIgniter\Router\RouteCollection->loadRoutes()
 5 SYSTEMPATH\CodeIgniter.php(455): CodeIgniter\CodeIgniter->tryToRouteIt(null)
 6 SYSTEMPATH\CodeIgniter.php(354): CodeIgniter\CodeIgniter->handleRequest(null, Object(Config\Cache), false)
 7 SYSTEMPATH\Boot.php(334): CodeIgniter\CodeIgniter->run()
 8 SYSTEMPATH\Boot.php(67): CodeIgniter\Boot::runCodeIgniter(Object(CodeIgniter\CodeIgniter))
 9 FCPATH\index.php(59): CodeIgniter\Boot::bootWeb(Object(Config\Paths))
DEBUG - 2025-12-04 02:49:31 --> Session: Class initialized using 'CodeIgniter\Session\Handlers\FileHandler' driver.
WARNING - 2025-12-04 02:50:08 --> [DEPRECATED] Passing lowercase HTTP method "get" is deprecated. Use uppercase HTTP method like "GET". in SYSTEMPATH\Router\RouteCollection.php on line 1026.
 1 SYSTEMPATH\Router\RouteCollection.php(1026): trigger_error('Passing lowercase HTTP method "get" is deprecated. Use uppercase HTTP method like "GET".', 16384)
 2 APPPATH\Config\Routes.php(101): CodeIgniter\Router\RouteCollection->match([...], 'sms/gateway', 'SmsController::gateway')
 3 SYSTEMPATH\Router\RouteCollection.php(339): require('D:\\xampp\\htdocs\\FloodGuard\\app\\Config\\Routes.php')
 4 SYSTEMPATH\CodeIgniter.php(821): CodeIgniter\Router\RouteCollection->loadRoutes()
 5 SYSTEMPATH\CodeIgniter.php(455): CodeIgniter\CodeIgniter->tryToRouteIt(null)
 6 SYSTEMPATH\CodeIgniter.php(354): CodeIgniter\CodeIgniter->handleRequest(null, Object(Config\Cache), false)
 7 SYSTEMPATH\Boot.php(334): CodeIgniter\CodeIgniter->run()
 8 SYSTEMPATH\Boot.php(67): CodeIgniter\Boot::runCodeIgniter(Object(CodeIgniter\CodeIgniter))
 9 FCPATH\index.php(59): CodeIgniter\Boot::bootWeb(Object(Config\Paths))
WARNING - 2025-12-04 02:50:08 --> [DEPRECATED] Passing lowercase HTTP method "post" is deprecated. Use uppercase HTTP method like "POST". in SYSTEMPATH\Router\RouteCollection.php on line 1026.
 1 SYSTEMPATH\Router\RouteCollection.php(1026): trigger_error('Passing lowercase HTTP method "post" is deprecated. Use uppercase HTTP method like "POST".', 16384)
 2 APPPATH\Config\Routes.php(101): CodeIgniter\Router\RouteCollection->match([...], 'sms/gateway', 'SmsController::gateway')
 3 SYSTEMPATH\Router\RouteCollection.php(339): require('D:\\xampp\\htdocs\\FloodGuard\\app\\Config\\Routes.php')
 4 SYSTEMPATH\CodeIgniter.php(821): CodeIgniter\Router\RouteCollection->loadRoutes()
 5 SYSTEMPATH\CodeIgniter.php(455): CodeIgniter\CodeIgniter->tryToRouteIt(null)
 6 SYSTEMPATH\CodeIgniter.php(354): CodeIgniter\CodeIgniter->handleRequest(null, Object(Config\Cache), false)
 7 SYSTEMPATH\Boot.php(334): CodeIgniter\CodeIgniter->run()
 8 SYSTEMPATH\Boot.php(67): CodeIgniter\Boot::runCodeIgniter(Object(CodeIgniter\CodeIgniter))
 9 FCPATH\index.php(59): CodeIgniter\Boot::bootWeb(Object(Config\Paths))
DEBUG - 2025-12-04 02:50:08 --> Session: Class initialized using 'CodeIgniter\Session\Handlers\FileHandler' driver.
WARNING - 2025-12-04 02:51:45 --> [DEPRECATED] Passing lowercase HTTP method "get" is deprecated. Use uppercase HTTP method like "GET". in SYSTEMPATH\Router\RouteCollection.php on line 1026.
 1 SYSTEMPATH\Router\RouteCollection.php(1026): trigger_error('Passing lowercase HTTP method "get" is deprecated. Use uppercase HTTP method like "GET".', 16384)
 2 APPPATH\Config\Routes.php(101): CodeIgniter\Router\RouteCollection->match([...], 'sms/gateway', 'SmsController::gateway')
 3 SYSTEMPATH\Router\RouteCollection.php(339): require('D:\\xampp\\htdocs\\FloodGuard\\app\\Config\\Routes.php')
 4 SYSTEMPATH\CodeIgniter.php(821): CodeIgniter\Router\RouteCollection->loadRoutes()
 5 SYSTEMPATH\CodeIgniter.php(455): CodeIgniter\CodeIgniter->tryToRouteIt(null)
 6 SYSTEMPATH\CodeIgniter.php(354): CodeIgniter\CodeIgniter->handleRequest(null, Object(Config\Cache), false)
 7 SYSTEMPATH\Boot.php(334): CodeIgniter\CodeIgniter->run()
 8 SYSTEMPATH\Boot.php(67): CodeIgniter\Boot::runCodeIgniter(Object(CodeIgniter\CodeIgniter))
 9 FCPATH\index.php(59): CodeIgniter\Boot::bootWeb(Object(Config\Paths))
WARNING - 2025-12-04 02:51:45 --> [DEPRECATED] Passing lowercase HTTP method "post" is deprecated. Use uppercase HTTP method like "POST". in SYSTEMPATH\Router\RouteCollection.php on line 1026.
 1 SYSTEMPATH\Router\RouteCollection.php(1026): trigger_error('Passing lowercase HTTP method "post" is deprecated. Use uppercase HTTP method like "POST".', 16384)
 2 APPPATH\Config\Routes.php(101): CodeIgniter\Router\RouteCollection->match([...], 'sms/gateway', 'SmsController::gateway')
 3 SYSTEMPATH\Router\RouteCollection.php(339): require('D:\\xampp\\htdocs\\FloodGuard\\app\\Config\\Routes.php')
 4 SYSTEMPATH\CodeIgniter.php(821): CodeIgniter\Router\RouteCollection->loadRoutes()
 5 SYSTEMPATH\CodeIgniter.php(455): CodeIgniter\CodeIgniter->tryToRouteIt(null)
 6 SYSTEMPATH\CodeIgniter.php(354): CodeIgniter\CodeIgniter->handleRequest(null, Object(Config\Cache), false)
 7 SYSTEMPATH\Boot.php(334): CodeIgniter\CodeIgniter->run()
 8 SYSTEMPATH\Boot.php(67): CodeIgniter\Boot::runCodeIgniter(Object(CodeIgniter\CodeIgniter))
 9 FCPATH\index.php(59): CodeIgniter\Boot::bootWeb(Object(Config\Paths))
DEBUG - 2025-12-04 02:51:45 --> Session: Class initialized using 'CodeIgniter\Session\Handlers\FileHandler' driver.
WARNING - 2025-12-04 02:51:45 --> [DEPRECATED] Passing lowercase HTTP method "get" is deprecated. Use uppercase HTTP method like "GET". in SYSTEMPATH\Router\RouteCollection.php on line 1026.
 1 SYSTEMPATH\Router\RouteCollection.php(1026): trigger_error('Passing lowercase HTTP method "get" is deprecated. Use uppercase HTTP method like "GET".', 16384)
 2 APPPATH\Config\Routes.php(101): CodeIgniter\Router\RouteCollection->match([...], 'sms/gateway', 'SmsController::gateway')
 3 SYSTEMPATH\Router\RouteCollection.php(339): require('D:\\xampp\\htdocs\\FloodGuard\\app\\Config\\Routes.php')
 4 SYSTEMPATH\CodeIgniter.php(821): CodeIgniter\Router\RouteCollection->loadRoutes()
 5 SYSTEMPATH\CodeIgniter.php(455): CodeIgniter\CodeIgniter->tryToRouteIt(null)
 6 SYSTEMPATH\CodeIgniter.php(354): CodeIgniter\CodeIgniter->handleRequest(null, Object(Config\Cache), false)
 7 SYSTEMPATH\Boot.php(334): CodeIgniter\CodeIgniter->run()
 8 SYSTEMPATH\Boot.php(67): CodeIgniter\Boot::runCodeIgniter(Object(CodeIgniter\CodeIgniter))
 9 FCPATH\index.php(59): CodeIgniter\Boot::bootWeb(Object(Config\Paths))
WARNING - 2025-12-04 02:51:45 --> [DEPRECATED] Passing lowercase HTTP method "post" is deprecated. Use uppercase HTTP method like "POST". in SYSTEMPATH\Router\RouteCollection.php on line 1026.
 1 SYSTEMPATH\Router\RouteCollection.php(1026): trigger_error('Passing lowercase HTTP method "post" is deprecated. Use uppercase HTTP method like "POST".', 16384)
 2 APPPATH\Config\Routes.php(101): CodeIgniter\Router\RouteCollection->match([...], 'sms/gateway', 'SmsController::gateway')
 3 SYSTEMPATH\Router\RouteCollection.php(339): require('D:\\xampp\\htdocs\\FloodGuard\\app\\Config\\Routes.php')
 4 SYSTEMPATH\CodeIgniter.php(821): CodeIgniter\Router\RouteCollection->loadRoutes()
 5 SYSTEMPATH\CodeIgniter.php(455): CodeIgniter\CodeIgniter->tryToRouteIt(null)
 6 SYSTEMPATH\CodeIgniter.php(354): CodeIgniter\CodeIgniter->handleRequest(null, Object(Config\Cache), false)
 7 SYSTEMPATH\Boot.php(334): CodeIgniter\CodeIgniter->run()
 8 SYSTEMPATH\Boot.php(67): CodeIgniter\Boot::runCodeIgniter(Object(CodeIgniter\CodeIgniter))
 9 FCPATH\index.php(59): CodeIgniter\Boot::bootWeb(Object(Config\Paths))
WARNING - 2025-12-04 03:05:00 --> [DEPRECATED] Passing lowercase HTTP method "get" is deprecated. Use uppercase HTTP method like "GET". in SYSTEMPATH\Router\RouteCollection.php on line 1026.
 1 SYSTEMPATH\Router\RouteCollection.php(1026): trigger_error('Passing lowercase HTTP method "get" is deprecated. Use uppercase HTTP method like "GET".', 16384)
 2 APPPATH\Config\Routes.php(101): CodeIgniter\Router\RouteCollection->match([...], 'sms/gateway', 'SmsController::gateway')
 3 SYSTEMPATH\Router\RouteCollection.php(339): require('D:\\xampp\\htdocs\\FloodGuard\\app\\Config\\Routes.php')
 4 SYSTEMPATH\CodeIgniter.php(821): CodeIgniter\Router\RouteCollection->loadRoutes()
 5 SYSTEMPATH\CodeIgniter.php(455): CodeIgniter\CodeIgniter->tryToRouteIt(null)
 6 SYSTEMPATH\CodeIgniter.php(354): CodeIgniter\CodeIgniter->handleRequest(null, Object(Config\Cache), false)
 7 SYSTEMPATH\Boot.php(334): CodeIgniter\CodeIgniter->run()
 8 SYSTEMPATH\Boot.php(67): CodeIgniter\Boot::runCodeIgniter(Object(CodeIgniter\CodeIgniter))
 9 FCPATH\index.php(59): CodeIgniter\Boot::bootWeb(Object(Config\Paths))
WARNING - 2025-12-04 03:05:00 --> [DEPRECATED] Passing lowercase HTTP method "post" is deprecated. Use uppercase HTTP method like "POST". in SYSTEMPATH\Router\RouteCollection.php on line 1026.
 1 SYSTEMPATH\Router\RouteCollection.php(1026): trigger_error('Passing lowercase HTTP method "post" is deprecated. Use uppercase HTTP method like "POST".', 16384)
 2 APPPATH\Config\Routes.php(101): CodeIgniter\Router\RouteCollection->match([...], 'sms/gateway', 'SmsController::gateway')
 3 SYSTEMPATH\Router\RouteCollection.php(339): require('D:\\xampp\\htdocs\\FloodGuard\\app\\Config\\Routes.php')
 4 SYSTEMPATH\CodeIgniter.php(821): CodeIgniter\Router\RouteCollection->loadRoutes()
 5 SYSTEMPATH\CodeIgniter.php(455): CodeIgniter\CodeIgniter->tryToRouteIt(null)
 6 SYSTEMPATH\CodeIgniter.php(354): CodeIgniter\CodeIgniter->handleRequest(null, Object(Config\Cache), false)
 7 SYSTEMPATH\Boot.php(334): CodeIgniter\CodeIgniter->run()
 8 SYSTEMPATH\Boot.php(67): CodeIgniter\Boot::runCodeIgniter(Object(CodeIgniter\CodeIgniter))
 9 FCPATH\index.php(59): CodeIgniter\Boot::bootWeb(Object(Config\Paths))
WARNING - 2025-12-04 03:08:08 --> [DEPRECATED] Passing lowercase HTTP method "get" is deprecated. Use uppercase HTTP method like "GET". in SYSTEMPATH\Router\RouteCollection.php on line 1026.
 1 SYSTEMPATH\Router\RouteCollection.php(1026): trigger_error('Passing lowercase HTTP method "get" is deprecated. Use uppercase HTTP method like "GET".', 16384)
 2 APPPATH\Config\Routes.php(101): CodeIgniter\Router\RouteCollection->match([...], 'sms/gateway', 'SmsController::gateway')
 3 SYSTEMPATH\Router\RouteCollection.php(339): require('D:\\xampp\\htdocs\\FloodGuard\\app\\Config\\Routes.php')
 4 SYSTEMPATH\CodeIgniter.php(821): CodeIgniter\Router\RouteCollection->loadRoutes()
 5 SYSTEMPATH\CodeIgniter.php(455): CodeIgniter\CodeIgniter->tryToRouteIt(null)
 6 SYSTEMPATH\CodeIgniter.php(354): CodeIgniter\CodeIgniter->handleRequest(null, Object(Config\Cache), false)
 7 SYSTEMPATH\Boot.php(334): CodeIgniter\CodeIgniter->run()
 8 SYSTEMPATH\Boot.php(67): CodeIgniter\Boot::runCodeIgniter(Object(CodeIgniter\CodeIgniter))
 9 FCPATH\index.php(59): CodeIgniter\Boot::bootWeb(Object(Config\Paths))
WARNING - 2025-12-04 03:08:08 --> [DEPRECATED] Passing lowercase HTTP method "post" is deprecated. Use uppercase HTTP method like "POST". in SYSTEMPATH\Router\RouteCollection.php on line 1026.
 1 SYSTEMPATH\Router\RouteCollection.php(1026): trigger_error('Passing lowercase HTTP method "post" is deprecated. Use uppercase HTTP method like "POST".', 16384)
 2 APPPATH\Config\Routes.php(101): CodeIgniter\Router\RouteCollection->match([...], 'sms/gateway', 'SmsController::gateway')
 3 SYSTEMPATH\Router\RouteCollection.php(339): require('D:\\xampp\\htdocs\\FloodGuard\\app\\Config\\Routes.php')
 4 SYSTEMPATH\CodeIgniter.php(821): CodeIgniter\Router\RouteCollection->loadRoutes()
 5 SYSTEMPATH\CodeIgniter.php(455): CodeIgniter\CodeIgniter->tryToRouteIt(null)
 6 SYSTEMPATH\CodeIgniter.php(354): CodeIgniter\CodeIgniter->handleRequest(null, Object(Config\Cache), false)
 7 SYSTEMPATH\Boot.php(334): CodeIgniter\CodeIgniter->run()
 8 SYSTEMPATH\Boot.php(67): CodeIgniter\Boot::runCodeIgniter(Object(CodeIgniter\CodeIgniter))
 9 FCPATH\index.php(59): CodeIgniter\Boot::bootWeb(Object(Config\Paths))
DEBUG - 2025-12-04 03:08:09 --> Session: Class initialized using 'CodeIgniter\Session\Handlers\FileHandler' driver.
WARNING - 2025-12-04 03:08:09 --> [DEPRECATED] Passing lowercase HTTP method "get" is deprecated. Use uppercase HTTP method like "GET". in SYSTEMPATH\Router\RouteCollection.php on line 1026.
 1 SYSTEMPATH\Router\RouteCollection.php(1026): trigger_error('Passing lowercase HTTP method "get" is deprecated. Use uppercase HTTP method like "GET".', 16384)
 2 APPPATH\Config\Routes.php(101): CodeIgniter\Router\RouteCollection->match([...], 'sms/gateway', 'SmsController::gateway')
 3 SYSTEMPATH\Router\RouteCollection.php(339): require('D:\\xampp\\htdocs\\FloodGuard\\app\\Config\\Routes.php')
 4 SYSTEMPATH\CodeIgniter.php(821): CodeIgniter\Router\RouteCollection->loadRoutes()
 5 SYSTEMPATH\CodeIgniter.php(455): CodeIgniter\CodeIgniter->tryToRouteIt(null)
 6 SYSTEMPATH\CodeIgniter.php(354): CodeIgniter\CodeIgniter->handleRequest(null, Object(Config\Cache), false)
 7 SYSTEMPATH\Boot.php(334): CodeIgniter\CodeIgniter->run()
 8 SYSTEMPATH\Boot.php(67): CodeIgniter\Boot::runCodeIgniter(Object(CodeIgniter\CodeIgniter))
 9 FCPATH\index.php(59): CodeIgniter\Boot::bootWeb(Object(Config\Paths))
WARNING - 2025-12-04 03:08:09 --> [DEPRECATED] Passing lowercase HTTP method "post" is deprecated. Use uppercase HTTP method like "POST". in SYSTEMPATH\Router\RouteCollection.php on line 1026.
 1 SYSTEMPATH\Router\RouteCollection.php(1026): trigger_error('Passing lowercase HTTP method "post" is deprecated. Use uppercase HTTP method like "POST".', 16384)
 2 APPPATH\Config\Routes.php(101): CodeIgniter\Router\RouteCollection->match([...], 'sms/gateway', 'SmsController::gateway')
 3 SYSTEMPATH\Router\RouteCollection.php(339): require('D:\\xampp\\htdocs\\FloodGuard\\app\\Config\\Routes.php')
 4 SYSTEMPATH\CodeIgniter.php(821): CodeIgniter\Router\RouteCollection->loadRoutes()
 5 SYSTEMPATH\CodeIgniter.php(455): CodeIgniter\CodeIgniter->tryToRouteIt(null)
 6 SYSTEMPATH\CodeIgniter.php(354): CodeIgniter\CodeIgniter->handleRequest(null, Object(Config\Cache), false)
 7 SYSTEMPATH\Boot.php(334): CodeIgniter\CodeIgniter->run()
 8 SYSTEMPATH\Boot.php(67): CodeIgniter\Boot::runCodeIgniter(Object(CodeIgniter\CodeIgniter))
 9 FCPATH\index.php(59): CodeIgniter\Boot::bootWeb(Object(Config\Paths))
WARNING - 2025-12-04 03:10:32 --> [DEPRECATED] Passing lowercase HTTP method "get" is deprecated. Use uppercase HTTP method like "GET". in SYSTEMPATH\Router\RouteCollection.php on line 1026.
 1 SYSTEMPATH\Router\RouteCollection.php(1026): trigger_error('Passing lowercase HTTP method "get" is deprecated. Use uppercase HTTP method like "GET".', 16384)
 2 APPPATH\Config\Routes.php(101): CodeIgniter\Router\RouteCollection->match([...], 'sms/gateway', 'SmsController::gateway')
 3 SYSTEMPATH\Router\RouteCollection.php(339): require('D:\\xampp\\htdocs\\FloodGuard\\app\\Config\\Routes.php')
 4 SYSTEMPATH\CodeIgniter.php(821): CodeIgniter\Router\RouteCollection->loadRoutes()
 5 SYSTEMPATH\CodeIgniter.php(455): CodeIgniter\CodeIgniter->tryToRouteIt(null)
 6 SYSTEMPATH\CodeIgniter.php(354): CodeIgniter\CodeIgniter->handleRequest(null, Object(Config\Cache), false)
 7 SYSTEMPATH\Boot.php(334): CodeIgniter\CodeIgniter->run()
 8 SYSTEMPATH\Boot.php(67): CodeIgniter\Boot::runCodeIgniter(Object(CodeIgniter\CodeIgniter))
 9 FCPATH\index.php(59): CodeIgniter\Boot::bootWeb(Object(Config\Paths))
WARNING - 2025-12-04 03:10:32 --> [DEPRECATED] Passing lowercase HTTP method "post" is deprecated. Use uppercase HTTP method like "POST". in SYSTEMPATH\Router\RouteCollection.php on line 1026.
 1 SYSTEMPATH\Router\RouteCollection.php(1026): trigger_error('Passing lowercase HTTP method "post" is deprecated. Use uppercase HTTP method like "POST".', 16384)
 2 APPPATH\Config\Routes.php(101): CodeIgniter\Router\RouteCollection->match([...], 'sms/gateway', 'SmsController::gateway')
 3 SYSTEMPATH\Router\RouteCollection.php(339): require('D:\\xampp\\htdocs\\FloodGuard\\app\\Config\\Routes.php')
 4 SYSTEMPATH\CodeIgniter.php(821): CodeIgniter\Router\RouteCollection->loadRoutes()
 5 SYSTEMPATH\CodeIgniter.php(455): CodeIgniter\CodeIgniter->tryToRouteIt(null)
 6 SYSTEMPATH\CodeIgniter.php(354): CodeIgniter\CodeIgniter->handleRequest(null, Object(Config\Cache), false)
 7 SYSTEMPATH\Boot.php(334): CodeIgniter\CodeIgniter->run()
 8 SYSTEMPATH\Boot.php(67): CodeIgniter\Boot::runCodeIgniter(Object(CodeIgniter\CodeIgniter))
 9 FCPATH\index.php(59): CodeIgniter\Boot::bootWeb(Object(Config\Paths))
DEBUG - 2025-12-04 03:10:32 --> Session: Class initialized using 'CodeIgniter\Session\Handlers\FileHandler' driver.
WARNING - 2025-12-04 03:10:33 --> [DEPRECATED] Passing lowercase HTTP method "get" is deprecated. Use uppercase HTTP method like "GET". in SYSTEMPATH\Router\RouteCollection.php on line 1026.
 1 SYSTEMPATH\Router\RouteCollection.php(1026): trigger_error('Passing lowercase HTTP method "get" is deprecated. Use uppercase HTTP method like "GET".', 16384)
 2 APPPATH\Config\Routes.php(101): CodeIgniter\Router\RouteCollection->match([...], 'sms/gateway', 'SmsController::gateway')
 3 SYSTEMPATH\Router\RouteCollection.php(339): require('D:\\xampp\\htdocs\\FloodGuard\\app\\Config\\Routes.php')
 4 SYSTEMPATH\CodeIgniter.php(821): CodeIgniter\Router\RouteCollection->loadRoutes()
 5 SYSTEMPATH\CodeIgniter.php(455): CodeIgniter\CodeIgniter->tryToRouteIt(null)
 6 SYSTEMPATH\CodeIgniter.php(354): CodeIgniter\CodeIgniter->handleRequest(null, Object(Config\Cache), false)
 7 SYSTEMPATH\Boot.php(334): CodeIgniter\CodeIgniter->run()
 8 SYSTEMPATH\Boot.php(67): CodeIgniter\Boot::runCodeIgniter(Object(CodeIgniter\CodeIgniter))
 9 FCPATH\index.php(59): CodeIgniter\Boot::bootWeb(Object(Config\Paths))
WARNING - 2025-12-04 03:10:33 --> [DEPRECATED] Passing lowercase HTTP method "post" is deprecated. Use uppercase HTTP method like "POST". in SYSTEMPATH\Router\RouteCollection.php on line 1026.
 1 SYSTEMPATH\Router\RouteCollection.php(1026): trigger_error('Passing lowercase HTTP method "post" is deprecated. Use uppercase HTTP method like "POST".', 16384)
 2 APPPATH\Config\Routes.php(101): CodeIgniter\Router\RouteCollection->match([...], 'sms/gateway', 'SmsController::gateway')
 3 SYSTEMPATH\Router\RouteCollection.php(339): require('D:\\xampp\\htdocs\\FloodGuard\\app\\Config\\Routes.php')
 4 SYSTEMPATH\CodeIgniter.php(821): CodeIgniter\Router\RouteCollection->loadRoutes()
 5 SYSTEMPATH\CodeIgniter.php(455): CodeIgniter\CodeIgniter->tryToRouteIt(null)
 6 SYSTEMPATH\CodeIgniter.php(354): CodeIgniter\CodeIgniter->handleRequest(null, Object(Config\Cache), false)
 7 SYSTEMPATH\Boot.php(334): CodeIgniter\CodeIgniter->run()
 8 SYSTEMPATH\Boot.php(67): CodeIgniter\Boot::runCodeIgniter(Object(CodeIgniter\CodeIgniter))
 9 FCPATH\index.php(59): CodeIgniter\Boot::bootWeb(Object(Config\Paths))
WARNING - 2025-12-04 04:07:43 --> [DEPRECATED] Passing lowercase HTTP method "get" is deprecated. Use uppercase HTTP method like "GET". in SYSTEMPATH\Router\RouteCollection.php on line 1026.
 1 SYSTEMPATH\Router\RouteCollection.php(1026): trigger_error('Passing lowercase HTTP method "get" is deprecated. Use uppercase HTTP method like "GET".', 16384)
 2 APPPATH\Config\Routes.php(101): CodeIgniter\Router\RouteCollection->match([...], 'sms/gateway', 'SmsController::gateway')
 3 SYSTEMPATH\Router\RouteCollection.php(339): require('D:\\xampp\\htdocs\\FloodGuard\\app\\Config\\Routes.php')
 4 SYSTEMPATH\CodeIgniter.php(821): CodeIgniter\Router\RouteCollection->loadRoutes()
 5 SYSTEMPATH\CodeIgniter.php(455): CodeIgniter\CodeIgniter->tryToRouteIt(null)
 6 SYSTEMPATH\CodeIgniter.php(354): CodeIgniter\CodeIgniter->handleRequest(null, Object(Config\Cache), false)
 7 SYSTEMPATH\Boot.php(334): CodeIgniter\CodeIgniter->run()
 8 SYSTEMPATH\Boot.php(67): CodeIgniter\Boot::runCodeIgniter(Object(CodeIgniter\CodeIgniter))
 9 FCPATH\index.php(59): CodeIgniter\Boot::bootWeb(Object(Config\Paths))
WARNING - 2025-12-04 04:07:43 --> [DEPRECATED] Passing lowercase HTTP method "post" is deprecated. Use uppercase HTTP method like "POST". in SYSTEMPATH\Router\RouteCollection.php on line 1026.
 1 SYSTEMPATH\Router\RouteCollection.php(1026): trigger_error('Passing lowercase HTTP method "post" is deprecated. Use uppercase HTTP method like "POST".', 16384)
 2 APPPATH\Config\Routes.php(101): CodeIgniter\Router\RouteCollection->match([...], 'sms/gateway', 'SmsController::gateway')
 3 SYSTEMPATH\Router\RouteCollection.php(339): require('D:\\xampp\\htdocs\\FloodGuard\\app\\Config\\Routes.php')
 4 SYSTEMPATH\CodeIgniter.php(821): CodeIgniter\Router\RouteCollection->loadRoutes()
 5 SYSTEMPATH\CodeIgniter.php(455): CodeIgniter\CodeIgniter->tryToRouteIt(null)
 6 SYSTEMPATH\CodeIgniter.php(354): CodeIgniter\CodeIgniter->handleRequest(null, Object(Config\Cache), false)
 7 SYSTEMPATH\Boot.php(334): CodeIgniter\CodeIgniter->run()
 8 SYSTEMPATH\Boot.php(67): CodeIgniter\Boot::runCodeIgniter(Object(CodeIgniter\CodeIgniter))
 9 FCPATH\index.php(59): CodeIgniter\Boot::bootWeb(Object(Config\Paths))
DEBUG - 2025-12-04 04:07:43 --> Session: Class initialized using 'CodeIgniter\Session\Handlers\FileHandler' driver.
WARNING - 2025-12-04 04:07:46 --> [DEPRECATED] Passing lowercase HTTP method "get" is deprecated. Use uppercase HTTP method like "GET". in SYSTEMPATH\Router\RouteCollection.php on line 1026.
 1 SYSTEMPATH\Router\RouteCollection.php(1026): trigger_error('Passing lowercase HTTP method "get" is deprecated. Use uppercase HTTP method like "GET".', 16384)
 2 APPPATH\Config\Routes.php(101): CodeIgniter\Router\RouteCollection->match([...], 'sms/gateway', 'SmsController::gateway')
 3 SYSTEMPATH\Router\RouteCollection.php(339): require('D:\\xampp\\htdocs\\FloodGuard\\app\\Config\\Routes.php')
 4 SYSTEMPATH\CodeIgniter.php(821): CodeIgniter\Router\RouteCollection->loadRoutes()
 5 SYSTEMPATH\CodeIgniter.php(455): CodeIgniter\CodeIgniter->tryToRouteIt(null)
 6 SYSTEMPATH\CodeIgniter.php(354): CodeIgniter\CodeIgniter->handleRequest(null, Object(Config\Cache), false)
 7 SYSTEMPATH\Boot.php(334): CodeIgniter\CodeIgniter->run()
 8 SYSTEMPATH\Boot.php(67): CodeIgniter\Boot::runCodeIgniter(Object(CodeIgniter\CodeIgniter))
 9 FCPATH\index.php(59): CodeIgniter\Boot::bootWeb(Object(Config\Paths))
WARNING - 2025-12-04 04:07:46 --> [DEPRECATED] Passing lowercase HTTP method "post" is deprecated. Use uppercase HTTP method like "POST". in SYSTEMPATH\Router\RouteCollection.php on line 1026.
 1 SYSTEMPATH\Router\RouteCollection.php(1026): trigger_error('Passing lowercase HTTP method "post" is deprecated. Use uppercase HTTP method like "POST".', 16384)
 2 APPPATH\Config\Routes.php(101): CodeIgniter\Router\RouteCollection->match([...], 'sms/gateway', 'SmsController::gateway')
 3 SYSTEMPATH\Router\RouteCollection.php(339): require('D:\\xampp\\htdocs\\FloodGuard\\app\\Config\\Routes.php')
 4 SYSTEMPATH\CodeIgniter.php(821): CodeIgniter\Router\RouteCollection->loadRoutes()
 5 SYSTEMPATH\CodeIgniter.php(455): CodeIgniter\CodeIgniter->tryToRouteIt(null)
 6 SYSTEMPATH\CodeIgniter.php(354): CodeIgniter\CodeIgniter->handleRequest(null, Object(Config\Cache), false)
 7 SYSTEMPATH\Boot.php(334): CodeIgniter\CodeIgniter->run()
 8 SYSTEMPATH\Boot.php(67): CodeIgniter\Boot::runCodeIgniter(Object(CodeIgniter\CodeIgniter))
 9 FCPATH\index.php(59): CodeIgniter\Boot::bootWeb(Object(Config\Paths))
WARNING - 2025-12-04 04:35:00 --> [DEPRECATED] Passing lowercase HTTP method "get" is deprecated. Use uppercase HTTP method like "GET". in SYSTEMPATH\Router\RouteCollection.php on line 1026.
 1 SYSTEMPATH\Router\RouteCollection.php(1026): trigger_error('Passing lowercase HTTP method "get" is deprecated. Use uppercase HTTP method like "GET".', 16384)
 2 APPPATH\Config\Routes.php(101): CodeIgniter\Router\RouteCollection->match([...], 'sms/gateway', 'SmsController::gateway')
 3 SYSTEMPATH\Router\RouteCollection.php(339): require('D:\\xampp\\htdocs\\FloodGuard\\app\\Config\\Routes.php')
 4 SYSTEMPATH\CodeIgniter.php(821): CodeIgniter\Router\RouteCollection->loadRoutes()
 5 SYSTEMPATH\CodeIgniter.php(455): CodeIgniter\CodeIgniter->tryToRouteIt(null)
 6 SYSTEMPATH\CodeIgniter.php(354): CodeIgniter\CodeIgniter->handleRequest(null, Object(Config\Cache), false)
 7 SYSTEMPATH\Boot.php(334): CodeIgniter\CodeIgniter->run()
 8 SYSTEMPATH\Boot.php(67): CodeIgniter\Boot::runCodeIgniter(Object(CodeIgniter\CodeIgniter))
 9 FCPATH\index.php(59): CodeIgniter\Boot::bootWeb(Object(Config\Paths))
WARNING - 2025-12-04 04:35:00 --> [DEPRECATED] Passing lowercase HTTP method "post" is deprecated. Use uppercase HTTP method like "POST". in SYSTEMPATH\Router\RouteCollection.php on line 1026.
 1 SYSTEMPATH\Router\RouteCollection.php(1026): trigger_error('Passing lowercase HTTP method "post" is deprecated. Use uppercase HTTP method like "POST".', 16384)
 2 APPPATH\Config\Routes.php(101): CodeIgniter\Router\RouteCollection->match([...], 'sms/gateway', 'SmsController::gateway')
 3 SYSTEMPATH\Router\RouteCollection.php(339): require('D:\\xampp\\htdocs\\FloodGuard\\app\\Config\\Routes.php')
 4 SYSTEMPATH\CodeIgniter.php(821): CodeIgniter\Router\RouteCollection->loadRoutes()
 5 SYSTEMPATH\CodeIgniter.php(455): CodeIgniter\CodeIgniter->tryToRouteIt(null)
 6 SYSTEMPATH\CodeIgniter.php(354): CodeIgniter\CodeIgniter->handleRequest(null, Object(Config\Cache), false)
 7 SYSTEMPATH\Boot.php(334): CodeIgniter\CodeIgniter->run()
 8 SYSTEMPATH\Boot.php(67): CodeIgniter\Boot::runCodeIgniter(Object(CodeIgniter\CodeIgniter))
 9 FCPATH\index.php(59): CodeIgniter\Boot::bootWeb(Object(Config\Paths))
WARNING - 2025-12-04 06:39:44 --> [DEPRECATED] Passing lowercase HTTP method "get" is deprecated. Use uppercase HTTP method like "GET". in SYSTEMPATH\Router\RouteCollection.php on line 1026.
 1 SYSTEMPATH\Router\RouteCollection.php(1026): trigger_error('Passing lowercase HTTP method "get" is deprecated. Use uppercase HTTP method like "GET".', 16384)
 2 APPPATH\Config\Routes.php(101): CodeIgniter\Router\RouteCollection->match([...], 'sms/gateway', 'SmsController::gateway')
 3 SYSTEMPATH\Router\RouteCollection.php(339): require('D:\\xampp\\htdocs\\FloodGuard\\app\\Config\\Routes.php')
 4 SYSTEMPATH\CodeIgniter.php(821): CodeIgniter\Router\RouteCollection->loadRoutes()
 5 SYSTEMPATH\CodeIgniter.php(455): CodeIgniter\CodeIgniter->tryToRouteIt(null)
 6 SYSTEMPATH\CodeIgniter.php(354): CodeIgniter\CodeIgniter->handleRequest(null, Object(Config\Cache), false)
 7 SYSTEMPATH\Boot.php(334): CodeIgniter\CodeIgniter->run()
 8 SYSTEMPATH\Boot.php(67): CodeIgniter\Boot::runCodeIgniter(Object(CodeIgniter\CodeIgniter))
 9 FCPATH\index.php(59): CodeIgniter\Boot::bootWeb(Object(Config\Paths))
WARNING - 2025-12-04 06:39:44 --> [DEPRECATED] Passing lowercase HTTP method "post" is deprecated. Use uppercase HTTP method like "POST". in SYSTEMPATH\Router\RouteCollection.php on line 1026.
 1 SYSTEMPATH\Router\RouteCollection.php(1026): trigger_error('Passing lowercase HTTP method "post" is deprecated. Use uppercase HTTP method like "POST".', 16384)
 2 APPPATH\Config\Routes.php(101): CodeIgniter\Router\RouteCollection->match([...], 'sms/gateway', 'SmsController::gateway')
 3 SYSTEMPATH\Router\RouteCollection.php(339): require('D:\\xampp\\htdocs\\FloodGuard\\app\\Config\\Routes.php')
 4 SYSTEMPATH\CodeIgniter.php(821): CodeIgniter\Router\RouteCollection->loadRoutes()
 5 SYSTEMPATH\CodeIgniter.php(455): CodeIgniter\CodeIgniter->tryToRouteIt(null)
 6 SYSTEMPATH\CodeIgniter.php(354): CodeIgniter\CodeIgniter->handleRequest(null, Object(Config\Cache), false)
 7 SYSTEMPATH\Boot.php(334): CodeIgniter\CodeIgniter->run()
 8 SYSTEMPATH\Boot.php(67): CodeIgniter\Boot::runCodeIgniter(Object(CodeIgniter\CodeIgniter))
 9 FCPATH\index.php(59): CodeIgniter\Boot::bootWeb(Object(Config\Paths))
WARNING - 2025-12-04 06:50:00 --> [DEPRECATED] Passing lowercase HTTP method "get" is deprecated. Use uppercase HTTP method like "GET". in SYSTEMPATH\Router\RouteCollection.php on line 1026.
 1 SYSTEMPATH\Router\RouteCollection.php(1026): trigger_error('Passing lowercase HTTP method "get" is deprecated. Use uppercase HTTP method like "GET".', 16384)
 2 APPPATH\Config\Routes.php(101): CodeIgniter\Router\RouteCollection->match([...], 'sms/gateway', 'SmsController::gateway')
 3 SYSTEMPATH\Router\RouteCollection.php(339): require('D:\\xampp\\htdocs\\FloodGuard\\app\\Config\\Routes.php')
 4 SYSTEMPATH\CodeIgniter.php(821): CodeIgniter\Router\RouteCollection->loadRoutes()
 5 SYSTEMPATH\CodeIgniter.php(455): CodeIgniter\CodeIgniter->tryToRouteIt(null)
 6 SYSTEMPATH\CodeIgniter.php(354): CodeIgniter\CodeIgniter->handleRequest(null, Object(Config\Cache), false)
 7 SYSTEMPATH\Boot.php(334): CodeIgniter\CodeIgniter->run()
 8 SYSTEMPATH\Boot.php(67): CodeIgniter\Boot::runCodeIgniter(Object(CodeIgniter\CodeIgniter))
 9 FCPATH\index.php(59): CodeIgniter\Boot::bootWeb(Object(Config\Paths))
WARNING - 2025-12-04 06:50:00 --> [DEPRECATED] Passing lowercase HTTP method "post" is deprecated. Use uppercase HTTP method like "POST". in SYSTEMPATH\Router\RouteCollection.php on line 1026.
 1 SYSTEMPATH\Router\RouteCollection.php(1026): trigger_error('Passing lowercase HTTP method "post" is deprecated. Use uppercase HTTP method like "POST".', 16384)
 2 APPPATH\Config\Routes.php(101): CodeIgniter\Router\RouteCollection->match([...], 'sms/gateway', 'SmsController::gateway')
 3 SYSTEMPATH\Router\RouteCollection.php(339): require('D:\\xampp\\htdocs\\FloodGuard\\app\\Config\\Routes.php')
 4 SYSTEMPATH\CodeIgniter.php(821): CodeIgniter\Router\RouteCollection->loadRoutes()
 5 SYSTEMPATH\CodeIgniter.php(455): CodeIgniter\CodeIgniter->tryToRouteIt(null)
 6 SYSTEMPATH\CodeIgniter.php(354): CodeIgniter\CodeIgniter->handleRequest(null, Object(Config\Cache), false)
 7 SYSTEMPATH\Boot.php(334): CodeIgniter\CodeIgniter->run()
 8 SYSTEMPATH\Boot.php(67): CodeIgniter\Boot::runCodeIgniter(Object(CodeIgniter\CodeIgniter))
 9 FCPATH\index.php(59): CodeIgniter\Boot::bootWeb(Object(Config\Paths))
WARNING - 2025-12-04 07:27:10 --> [DEPRECATED] Passing lowercase HTTP method "get" is deprecated. Use uppercase HTTP method like "GET". in SYSTEMPATH\Router\RouteCollection.php on line 1026.
 1 SYSTEMPATH\Router\RouteCollection.php(1026): trigger_error('Passing lowercase HTTP method "get" is deprecated. Use uppercase HTTP method like "GET".', 16384)
 2 APPPATH\Config\Routes.php(101): CodeIgniter\Router\RouteCollection->match([...], 'sms/gateway', 'SmsController::gateway')
 3 SYSTEMPATH\Router\RouteCollection.php(339): require('D:\\xampp\\htdocs\\FloodGuard\\app\\Config\\Routes.php')
 4 SYSTEMPATH\CodeIgniter.php(821): CodeIgniter\Router\RouteCollection->loadRoutes()
 5 SYSTEMPATH\CodeIgniter.php(455): CodeIgniter\CodeIgniter->tryToRouteIt(null)
 6 SYSTEMPATH\CodeIgniter.php(354): CodeIgniter\CodeIgniter->handleRequest(null, Object(Config\Cache), false)
 7 SYSTEMPATH\Boot.php(334): CodeIgniter\CodeIgniter->run()
 8 SYSTEMPATH\Boot.php(67): CodeIgniter\Boot::runCodeIgniter(Object(CodeIgniter\CodeIgniter))
 9 FCPATH\index.php(59): CodeIgniter\Boot::bootWeb(Object(Config\Paths))
WARNING - 2025-12-04 07:27:10 --> [DEPRECATED] Passing lowercase HTTP method "post" is deprecated. Use uppercase HTTP method like "POST". in SYSTEMPATH\Router\RouteCollection.php on line 1026.
 1 SYSTEMPATH\Router\RouteCollection.php(1026): trigger_error('Passing lowercase HTTP method "post" is deprecated. Use uppercase HTTP method like "POST".', 16384)
 2 APPPATH\Config\Routes.php(101): CodeIgniter\Router\RouteCollection->match([...], 'sms/gateway', 'SmsController::gateway')
 3 SYSTEMPATH\Router\RouteCollection.php(339): require('D:\\xampp\\htdocs\\FloodGuard\\app\\Config\\Routes.php')
 4 SYSTEMPATH\CodeIgniter.php(821): CodeIgniter\Router\RouteCollection->loadRoutes()
 5 SYSTEMPATH\CodeIgniter.php(455): CodeIgniter\CodeIgniter->tryToRouteIt(null)
 6 SYSTEMPATH\CodeIgniter.php(354): CodeIgniter\CodeIgniter->handleRequest(null, Object(Config\Cache), false)
 7 SYSTEMPATH\Boot.php(334): CodeIgniter\CodeIgniter->run()
 8 SYSTEMPATH\Boot.php(67): CodeIgniter\Boot::runCodeIgniter(Object(CodeIgniter\CodeIgniter))
 9 FCPATH\index.php(59): CodeIgniter\Boot::bootWeb(Object(Config\Paths))
DEBUG - 2025-12-04 07:27:11 --> Session: Class initialized using 'CodeIgniter\Session\Handlers\FileHandler' driver.
WARNING - 2025-12-04 07:27:14 --> [DEPRECATED] Passing lowercase HTTP method "get" is deprecated. Use uppercase HTTP method like "GET". in SYSTEMPATH\Router\RouteCollection.php on line 1026.
 1 SYSTEMPATH\Router\RouteCollection.php(1026): trigger_error('Passing lowercase HTTP method "get" is deprecated. Use uppercase HTTP method like "GET".', 16384)
 2 APPPATH\Config\Routes.php(101): CodeIgniter\Router\RouteCollection->match([...], 'sms/gateway', 'SmsController::gateway')
 3 SYSTEMPATH\Router\RouteCollection.php(339): require('D:\\xampp\\htdocs\\FloodGuard\\app\\Config\\Routes.php')
 4 SYSTEMPATH\CodeIgniter.php(821): CodeIgniter\Router\RouteCollection->loadRoutes()
 5 SYSTEMPATH\CodeIgniter.php(455): CodeIgniter\CodeIgniter->tryToRouteIt(null)
 6 SYSTEMPATH\CodeIgniter.php(354): CodeIgniter\CodeIgniter->handleRequest(null, Object(Config\Cache), false)
 7 SYSTEMPATH\Boot.php(334): CodeIgniter\CodeIgniter->run()
 8 SYSTEMPATH\Boot.php(67): CodeIgniter\Boot::runCodeIgniter(Object(CodeIgniter\CodeIgniter))
 9 FCPATH\index.php(59): CodeIgniter\Boot::bootWeb(Object(Config\Paths))
WARNING - 2025-12-04 07:27:14 --> [DEPRECATED] Passing lowercase HTTP method "post" is deprecated. Use uppercase HTTP method like "POST". in SYSTEMPATH\Router\RouteCollection.php on line 1026.
 1 SYSTEMPATH\Router\RouteCollection.php(1026): trigger_error('Passing lowercase HTTP method "post" is deprecated. Use uppercase HTTP method like "POST".', 16384)
 2 APPPATH\Config\Routes.php(101): CodeIgniter\Router\RouteCollection->match([...], 'sms/gateway', 'SmsController::gateway')
 3 SYSTEMPATH\Router\RouteCollection.php(339): require('D:\\xampp\\htdocs\\FloodGuard\\app\\Config\\Routes.php')
 4 SYSTEMPATH\CodeIgniter.php(821): CodeIgniter\Router\RouteCollection->loadRoutes()
 5 SYSTEMPATH\CodeIgniter.php(455): CodeIgniter\CodeIgniter->tryToRouteIt(null)
 6 SYSTEMPATH\CodeIgniter.php(354): CodeIgniter\CodeIgniter->handleRequest(null, Object(Config\Cache), false)
 7 SYSTEMPATH\Boot.php(334): CodeIgniter\CodeIgniter->run()
 8 SYSTEMPATH\Boot.php(67): CodeIgniter\Boot::runCodeIgniter(Object(CodeIgniter\CodeIgniter))
 9 FCPATH\index.php(59): CodeIgniter\Boot::bootWeb(Object(Config\Paths))
DEBUG - 2025-12-04 07:27:14 --> Session: Class initialized using 'CodeIgniter\Session\Handlers\FileHandler' driver.
WARNING - 2025-12-04 07:27:15 --> [DEPRECATED] Passing lowercase HTTP method "get" is deprecated. Use uppercase HTTP method like "GET". in SYSTEMPATH\Router\RouteCollection.php on line 1026.
 1 SYSTEMPATH\Router\RouteCollection.php(1026): trigger_error('Passing lowercase HTTP method "get" is deprecated. Use uppercase HTTP method like "GET".', 16384)
 2 APPPATH\Config\Routes.php(101): CodeIgniter\Router\RouteCollection->match([...], 'sms/gateway', 'SmsController::gateway')
 3 SYSTEMPATH\Router\RouteCollection.php(339): require('D:\\xampp\\htdocs\\FloodGuard\\app\\Config\\Routes.php')
 4 SYSTEMPATH\CodeIgniter.php(821): CodeIgniter\Router\RouteCollection->loadRoutes()
 5 SYSTEMPATH\CodeIgniter.php(455): CodeIgniter\CodeIgniter->tryToRouteIt(null)
 6 SYSTEMPATH\CodeIgniter.php(354): CodeIgniter\CodeIgniter->handleRequest(null, Object(Config\Cache), false)
 7 SYSTEMPATH\Boot.php(334): CodeIgniter\CodeIgniter->run()
 8 SYSTEMPATH\Boot.php(67): CodeIgniter\Boot::runCodeIgniter(Object(CodeIgniter\CodeIgniter))
 9 FCPATH\index.php(59): CodeIgniter\Boot::bootWeb(Object(Config\Paths))
WARNING - 2025-12-04 07:27:15 --> [DEPRECATED] Passing lowercase HTTP method "post" is deprecated. Use uppercase HTTP method like "POST". in SYSTEMPATH\Router\RouteCollection.php on line 1026.
 1 SYSTEMPATH\Router\RouteCollection.php(1026): trigger_error('Passing lowercase HTTP method "post" is deprecated. Use uppercase HTTP method like "POST".', 16384)
 2 APPPATH\Config\Routes.php(101): CodeIgniter\Router\RouteCollection->match([...], 'sms/gateway', 'SmsController::gateway')
 3 SYSTEMPATH\Router\RouteCollection.php(339): require('D:\\xampp\\htdocs\\FloodGuard\\app\\Config\\Routes.php')
 4 SYSTEMPATH\CodeIgniter.php(821): CodeIgniter\Router\RouteCollection->loadRoutes()
 5 SYSTEMPATH\CodeIgniter.php(455): CodeIgniter\CodeIgniter->tryToRouteIt(null)
 6 SYSTEMPATH\CodeIgniter.php(354): CodeIgniter\CodeIgniter->handleRequest(null, Object(Config\Cache), false)
 7 SYSTEMPATH\Boot.php(334): CodeIgniter\CodeIgniter->run()
 8 SYSTEMPATH\Boot.php(67): CodeIgniter\Boot::runCodeIgniter(Object(CodeIgniter\CodeIgniter))
 9 FCPATH\index.php(59): CodeIgniter\Boot::bootWeb(Object(Config\Paths))
WARNING - 2025-12-04 07:31:16 --> [DEPRECATED] Passing lowercase HTTP method "get" is deprecated. Use uppercase HTTP method like "GET". in SYSTEMPATH\Router\RouteCollection.php on line 1026.
 1 SYSTEMPATH\Router\RouteCollection.php(1026): trigger_error('Passing lowercase HTTP method "get" is deprecated. Use uppercase HTTP method like "GET".', 16384)
 2 APPPATH\Config\Routes.php(101): CodeIgniter\Router\RouteCollection->match([...], 'sms/gateway', 'SmsController::gateway')
 3 SYSTEMPATH\Router\RouteCollection.php(339): require('D:\\xampp\\htdocs\\FloodGuard\\app\\Config\\Routes.php')
 4 SYSTEMPATH\CodeIgniter.php(821): CodeIgniter\Router\RouteCollection->loadRoutes()
 5 SYSTEMPATH\CodeIgniter.php(455): CodeIgniter\CodeIgniter->tryToRouteIt(null)
 6 SYSTEMPATH\CodeIgniter.php(354): CodeIgniter\CodeIgniter->handleRequest(null, Object(Config\Cache), false)
 7 SYSTEMPATH\Boot.php(334): CodeIgniter\CodeIgniter->run()
 8 SYSTEMPATH\Boot.php(67): CodeIgniter\Boot::runCodeIgniter(Object(CodeIgniter\CodeIgniter))
 9 FCPATH\index.php(59): CodeIgniter\Boot::bootWeb(Object(Config\Paths))
WARNING - 2025-12-04 07:31:16 --> [DEPRECATED] Passing lowercase HTTP method "post" is deprecated. Use uppercase HTTP method like "POST". in SYSTEMPATH\Router\RouteCollection.php on line 1026.
 1 SYSTEMPATH\Router\RouteCollection.php(1026): trigger_error('Passing lowercase HTTP method "post" is deprecated. Use uppercase HTTP method like "POST".', 16384)
 2 APPPATH\Config\Routes.php(101): CodeIgniter\Router\RouteCollection->match([...], 'sms/gateway', 'SmsController::gateway')
 3 SYSTEMPATH\Router\RouteCollection.php(339): require('D:\\xampp\\htdocs\\FloodGuard\\app\\Config\\Routes.php')
 4 SYSTEMPATH\CodeIgniter.php(821): CodeIgniter\Router\RouteCollection->loadRoutes()
 5 SYSTEMPATH\CodeIgniter.php(455): CodeIgniter\CodeIgniter->tryToRouteIt(null)
 6 SYSTEMPATH\CodeIgniter.php(354): CodeIgniter\CodeIgniter->handleRequest(null, Object(Config\Cache), false)
 7 SYSTEMPATH\Boot.php(334): CodeIgniter\CodeIgniter->run()
 8 SYSTEMPATH\Boot.php(67): CodeIgniter\Boot::runCodeIgniter(Object(CodeIgniter\CodeIgniter))
 9 FCPATH\index.php(59): CodeIgniter\Boot::bootWeb(Object(Config\Paths))
DEBUG - 2025-12-04 07:31:16 --> Session: Class initialized using 'CodeIgniter\Session\Handlers\FileHandler' driver.
WARNING - 2025-12-04 07:35:00 --> [DEPRECATED] Passing lowercase HTTP method "get" is deprecated. Use uppercase HTTP method like "GET". in SYSTEMPATH\Router\RouteCollection.php on line 1026.
 1 SYSTEMPATH\Router\RouteCollection.php(1026): trigger_error('Passing lowercase HTTP method "get" is deprecated. Use uppercase HTTP method like "GET".', 16384)
 2 APPPATH\Config\Routes.php(101): CodeIgniter\Router\RouteCollection->match([...], 'sms/gateway', 'SmsController::gateway')
 3 SYSTEMPATH\Router\RouteCollection.php(339): require('D:\\xampp\\htdocs\\FloodGuard\\app\\Config\\Routes.php')
 4 SYSTEMPATH\CodeIgniter.php(821): CodeIgniter\Router\RouteCollection->loadRoutes()
 5 SYSTEMPATH\CodeIgniter.php(455): CodeIgniter\CodeIgniter->tryToRouteIt(null)
 6 SYSTEMPATH\CodeIgniter.php(354): CodeIgniter\CodeIgniter->handleRequest(null, Object(Config\Cache), false)
 7 SYSTEMPATH\Boot.php(334): CodeIgniter\CodeIgniter->run()
 8 SYSTEMPATH\Boot.php(67): CodeIgniter\Boot::runCodeIgniter(Object(CodeIgniter\CodeIgniter))
 9 FCPATH\index.php(59): CodeIgniter\Boot::bootWeb(Object(Config\Paths))
WARNING - 2025-12-04 07:35:00 --> [DEPRECATED] Passing lowercase HTTP method "post" is deprecated. Use uppercase HTTP method like "POST". in SYSTEMPATH\Router\RouteCollection.php on line 1026.
 1 SYSTEMPATH\Router\RouteCollection.php(1026): trigger_error('Passing lowercase HTTP method "post" is deprecated. Use uppercase HTTP method like "POST".', 16384)
 2 APPPATH\Config\Routes.php(101): CodeIgniter\Router\RouteCollection->match([...], 'sms/gateway', 'SmsController::gateway')
 3 SYSTEMPATH\Router\RouteCollection.php(339): require('D:\\xampp\\htdocs\\FloodGuard\\app\\Config\\Routes.php')
 4 SYSTEMPATH\CodeIgniter.php(821): CodeIgniter\Router\RouteCollection->loadRoutes()
 5 SYSTEMPATH\CodeIgniter.php(455): CodeIgniter\CodeIgniter->tryToRouteIt(null)
 6 SYSTEMPATH\CodeIgniter.php(354): CodeIgniter\CodeIgniter->handleRequest(null, Object(Config\Cache), false)
 7 SYSTEMPATH\Boot.php(334): CodeIgniter\CodeIgniter->run()
 8 SYSTEMPATH\Boot.php(67): CodeIgniter\Boot::runCodeIgniter(Object(CodeIgniter\CodeIgniter))
 9 FCPATH\index.php(59): CodeIgniter\Boot::bootWeb(Object(Config\Paths))
WARNING - 2025-12-04 07:41:31 --> [DEPRECATED] Passing lowercase HTTP method "get" is deprecated. Use uppercase HTTP method like "GET". in SYSTEMPATH\Router\RouteCollection.php on line 1026.
 1 SYSTEMPATH\Router\RouteCollection.php(1026): trigger_error('Passing lowercase HTTP method "get" is deprecated. Use uppercase HTTP method like "GET".', 16384)
 2 APPPATH\Config\Routes.php(101): CodeIgniter\Router\RouteCollection->match([...], 'sms/gateway', 'SmsController::gateway')
 3 SYSTEMPATH\Router\RouteCollection.php(339): require('D:\\xampp\\htdocs\\FloodGuard\\app\\Config\\Routes.php')
 4 SYSTEMPATH\CodeIgniter.php(821): CodeIgniter\Router\RouteCollection->loadRoutes()
 5 SYSTEMPATH\CodeIgniter.php(455): CodeIgniter\CodeIgniter->tryToRouteIt(null)
 6 SYSTEMPATH\CodeIgniter.php(354): CodeIgniter\CodeIgniter->handleRequest(null, Object(Config\Cache), false)
 7 SYSTEMPATH\Boot.php(334): CodeIgniter\CodeIgniter->run()
 8 SYSTEMPATH\Boot.php(67): CodeIgniter\Boot::runCodeIgniter(Object(CodeIgniter\CodeIgniter))
 9 FCPATH\index.php(59): CodeIgniter\Boot::bootWeb(Object(Config\Paths))
WARNING - 2025-12-04 07:41:31 --> [DEPRECATED] Passing lowercase HTTP method "post" is deprecated. Use uppercase HTTP method like "POST". in SYSTEMPATH\Router\RouteCollection.php on line 1026.
 1 SYSTEMPATH\Router\RouteCollection.php(1026): trigger_error('Passing lowercase HTTP method "post" is deprecated. Use uppercase HTTP method like "POST".', 16384)
 2 APPPATH\Config\Routes.php(101): CodeIgniter\Router\RouteCollection->match([...], 'sms/gateway', 'SmsController::gateway')
 3 SYSTEMPATH\Router\RouteCollection.php(339): require('D:\\xampp\\htdocs\\FloodGuard\\app\\Config\\Routes.php')
 4 SYSTEMPATH\CodeIgniter.php(821): CodeIgniter\Router\RouteCollection->loadRoutes()
 5 SYSTEMPATH\CodeIgniter.php(455): CodeIgniter\CodeIgniter->tryToRouteIt(null)
 6 SYSTEMPATH\CodeIgniter.php(354): CodeIgniter\CodeIgniter->handleRequest(null, Object(Config\Cache), false)
 7 SYSTEMPATH\Boot.php(334): CodeIgniter\CodeIgniter->run()
 8 SYSTEMPATH\Boot.php(67): CodeIgniter\Boot::runCodeIgniter(Object(CodeIgniter\CodeIgniter))
 9 FCPATH\index.php(59): CodeIgniter\Boot::bootWeb(Object(Config\Paths))
DEBUG - 2025-12-04 07:41:32 --> Session: Class initialized using 'CodeIgniter\Session\Handlers\FileHandler' driver.
WARNING - 2025-12-04 07:41:32 --> [DEPRECATED] Passing lowercase HTTP method "get" is deprecated. Use uppercase HTTP method like "GET". in SYSTEMPATH\Router\RouteCollection.php on line 1026.
 1 SYSTEMPATH\Router\RouteCollection.php(1026): trigger_error('Passing lowercase HTTP method "get" is deprecated. Use uppercase HTTP method like "GET".', 16384)
 2 APPPATH\Config\Routes.php(101): CodeIgniter\Router\RouteCollection->match([...], 'sms/gateway', 'SmsController::gateway')
 3 SYSTEMPATH\Router\RouteCollection.php(339): require('D:\\xampp\\htdocs\\FloodGuard\\app\\Config\\Routes.php')
 4 SYSTEMPATH\CodeIgniter.php(821): CodeIgniter\Router\RouteCollection->loadRoutes()
 5 SYSTEMPATH\CodeIgniter.php(455): CodeIgniter\CodeIgniter->tryToRouteIt(null)
 6 SYSTEMPATH\CodeIgniter.php(354): CodeIgniter\CodeIgniter->handleRequest(null, Object(Config\Cache), false)
 7 SYSTEMPATH\Boot.php(334): CodeIgniter\CodeIgniter->run()
 8 SYSTEMPATH\Boot.php(67): CodeIgniter\Boot::runCodeIgniter(Object(CodeIgniter\CodeIgniter))
 9 FCPATH\index.php(59): CodeIgniter\Boot::bootWeb(Object(Config\Paths))
WARNING - 2025-12-04 07:41:32 --> [DEPRECATED] Passing lowercase HTTP method "post" is deprecated. Use uppercase HTTP method like "POST". in SYSTEMPATH\Router\RouteCollection.php on line 1026.
 1 SYSTEMPATH\Router\RouteCollection.php(1026): trigger_error('Passing lowercase HTTP method "post" is deprecated. Use uppercase HTTP method like "POST".', 16384)
 2 APPPATH\Config\Routes.php(101): CodeIgniter\Router\RouteCollection->match([...], 'sms/gateway', 'SmsController::gateway')
 3 SYSTEMPATH\Router\RouteCollection.php(339): require('D:\\xampp\\htdocs\\FloodGuard\\app\\Config\\Routes.php')
 4 SYSTEMPATH\CodeIgniter.php(821): CodeIgniter\Router\RouteCollection->loadRoutes()
 5 SYSTEMPATH\CodeIgniter.php(455): CodeIgniter\CodeIgniter->tryToRouteIt(null)
 6 SYSTEMPATH\CodeIgniter.php(354): CodeIgniter\CodeIgniter->handleRequest(null, Object(Config\Cache), false)
 7 SYSTEMPATH\Boot.php(334): CodeIgniter\CodeIgniter->run()
 8 SYSTEMPATH\Boot.php(67): CodeIgniter\Boot::runCodeIgniter(Object(CodeIgniter\CodeIgniter))
 9 FCPATH\index.php(59): CodeIgniter\Boot::bootWeb(Object(Config\Paths))
WARNING - 2025-12-04 07:42:53 --> [DEPRECATED] Passing lowercase HTTP method "get" is deprecated. Use uppercase HTTP method like "GET". in SYSTEMPATH\Router\RouteCollection.php on line 1026.
 1 SYSTEMPATH\Router\RouteCollection.php(1026): trigger_error('Passing lowercase HTTP method "get" is deprecated. Use uppercase HTTP method like "GET".', 16384)
 2 APPPATH\Config\Routes.php(101): CodeIgniter\Router\RouteCollection->match([...], 'sms/gateway', 'SmsController::gateway')
 3 SYSTEMPATH\Router\RouteCollection.php(339): require('D:\\xampp\\htdocs\\FloodGuard\\app\\Config\\Routes.php')
 4 SYSTEMPATH\CodeIgniter.php(821): CodeIgniter\Router\RouteCollection->loadRoutes()
 5 SYSTEMPATH\CodeIgniter.php(455): CodeIgniter\CodeIgniter->tryToRouteIt(null)
 6 SYSTEMPATH\CodeIgniter.php(354): CodeIgniter\CodeIgniter->handleRequest(null, Object(Config\Cache), false)
 7 SYSTEMPATH\Boot.php(334): CodeIgniter\CodeIgniter->run()
 8 SYSTEMPATH\Boot.php(67): CodeIgniter\Boot::runCodeIgniter(Object(CodeIgniter\CodeIgniter))
 9 FCPATH\index.php(59): CodeIgniter\Boot::bootWeb(Object(Config\Paths))
WARNING - 2025-12-04 07:42:53 --> [DEPRECATED] Passing lowercase HTTP method "post" is deprecated. Use uppercase HTTP method like "POST". in SYSTEMPATH\Router\RouteCollection.php on line 1026.
 1 SYSTEMPATH\Router\RouteCollection.php(1026): trigger_error('Passing lowercase HTTP method "post" is deprecated. Use uppercase HTTP method like "POST".', 16384)
 2 APPPATH\Config\Routes.php(101): CodeIgniter\Router\RouteCollection->match([...], 'sms/gateway', 'SmsController::gateway')
 3 SYSTEMPATH\Router\RouteCollection.php(339): require('D:\\xampp\\htdocs\\FloodGuard\\app\\Config\\Routes.php')
 4 SYSTEMPATH\CodeIgniter.php(821): CodeIgniter\Router\RouteCollection->loadRoutes()
 5 SYSTEMPATH\CodeIgniter.php(455): CodeIgniter\CodeIgniter->tryToRouteIt(null)
 6 SYSTEMPATH\CodeIgniter.php(354): CodeIgniter\CodeIgniter->handleRequest(null, Object(Config\Cache), false)
 7 SYSTEMPATH\Boot.php(334): CodeIgniter\CodeIgniter->run()
 8 SYSTEMPATH\Boot.php(67): CodeIgniter\Boot::runCodeIgniter(Object(CodeIgniter\CodeIgniter))
 9 FCPATH\index.php(59): CodeIgniter\Boot::bootWeb(Object(Config\Paths))
DEBUG - 2025-12-04 07:42:53 --> Session: Class initialized using 'CodeIgniter\Session\Handlers\FileHandler' driver.
WARNING - 2025-12-04 08:11:32 --> [DEPRECATED] Passing lowercase HTTP method "get" is deprecated. Use uppercase HTTP method like "GET". in SYSTEMPATH\Router\RouteCollection.php on line 1026.
 1 SYSTEMPATH\Router\RouteCollection.php(1026): trigger_error('Passing lowercase HTTP method "get" is deprecated. Use uppercase HTTP method like "GET".', 16384)
 2 APPPATH\Config\Routes.php(101): CodeIgniter\Router\RouteCollection->match([...], 'sms/gateway', 'SmsController::gateway')
 3 SYSTEMPATH\Router\RouteCollection.php(339): require('D:\\xampp\\htdocs\\FloodGuard\\app\\Config\\Routes.php')
 4 SYSTEMPATH\CodeIgniter.php(821): CodeIgniter\Router\RouteCollection->loadRoutes()
 5 SYSTEMPATH\CodeIgniter.php(455): CodeIgniter\CodeIgniter->tryToRouteIt(null)
 6 SYSTEMPATH\CodeIgniter.php(354): CodeIgniter\CodeIgniter->handleRequest(null, Object(Config\Cache), false)
 7 SYSTEMPATH\Boot.php(334): CodeIgniter\CodeIgniter->run()
 8 SYSTEMPATH\Boot.php(67): CodeIgniter\Boot::runCodeIgniter(Object(CodeIgniter\CodeIgniter))
 9 FCPATH\index.php(59): CodeIgniter\Boot::bootWeb(Object(Config\Paths))
WARNING - 2025-12-04 08:11:32 --> [DEPRECATED] Passing lowercase HTTP method "post" is deprecated. Use uppercase HTTP method like "POST". in SYSTEMPATH\Router\RouteCollection.php on line 1026.
 1 SYSTEMPATH\Router\RouteCollection.php(1026): trigger_error('Passing lowercase HTTP method "post" is deprecated. Use uppercase HTTP method like "POST".', 16384)
 2 APPPATH\Config\Routes.php(101): CodeIgniter\Router\RouteCollection->match([...], 'sms/gateway', 'SmsController::gateway')
 3 SYSTEMPATH\Router\RouteCollection.php(339): require('D:\\xampp\\htdocs\\FloodGuard\\app\\Config\\Routes.php')
 4 SYSTEMPATH\CodeIgniter.php(821): CodeIgniter\Router\RouteCollection->loadRoutes()
 5 SYSTEMPATH\CodeIgniter.php(455): CodeIgniter\CodeIgniter->tryToRouteIt(null)
 6 SYSTEMPATH\CodeIgniter.php(354): CodeIgniter\CodeIgniter->handleRequest(null, Object(Config\Cache), false)
 7 SYSTEMPATH\Boot.php(334): CodeIgniter\CodeIgniter->run()
 8 SYSTEMPATH\Boot.php(67): CodeIgniter\Boot::runCodeIgniter(Object(CodeIgniter\CodeIgniter))
 9 FCPATH\index.php(59): CodeIgniter\Boot::bootWeb(Object(Config\Paths))
DEBUG - 2025-12-04 08:11:32 --> Session: Class initialized using 'CodeIgniter\Session\Handlers\FileHandler' driver.
WARNING - 2025-12-04 08:12:54 --> [DEPRECATED] Passing lowercase HTTP method "get" is deprecated. Use uppercase HTTP method like "GET". in SYSTEMPATH\Router\RouteCollection.php on line 1026.
 1 SYSTEMPATH\Router\RouteCollection.php(1026): trigger_error('Passing lowercase HTTP method "get" is deprecated. Use uppercase HTTP method like "GET".', 16384)
 2 APPPATH\Config\Routes.php(101): CodeIgniter\Router\RouteCollection->match([...], 'sms/gateway', 'SmsController::gateway')
 3 SYSTEMPATH\Router\RouteCollection.php(339): require('D:\\xampp\\htdocs\\FloodGuard\\app\\Config\\Routes.php')
 4 SYSTEMPATH\CodeIgniter.php(821): CodeIgniter\Router\RouteCollection->loadRoutes()
 5 SYSTEMPATH\CodeIgniter.php(455): CodeIgniter\CodeIgniter->tryToRouteIt(null)
 6 SYSTEMPATH\CodeIgniter.php(354): CodeIgniter\CodeIgniter->handleRequest(null, Object(Config\Cache), false)
 7 SYSTEMPATH\Boot.php(334): CodeIgniter\CodeIgniter->run()
 8 SYSTEMPATH\Boot.php(67): CodeIgniter\Boot::runCodeIgniter(Object(CodeIgniter\CodeIgniter))
 9 FCPATH\index.php(59): CodeIgniter\Boot::bootWeb(Object(Config\Paths))
WARNING - 2025-12-04 08:12:54 --> [DEPRECATED] Passing lowercase HTTP method "post" is deprecated. Use uppercase HTTP method like "POST". in SYSTEMPATH\Router\RouteCollection.php on line 1026.
 1 SYSTEMPATH\Router\RouteCollection.php(1026): trigger_error('Passing lowercase HTTP method "post" is deprecated. Use uppercase HTTP method like "POST".', 16384)
 2 APPPATH\Config\Routes.php(101): CodeIgniter\Router\RouteCollection->match([...], 'sms/gateway', 'SmsController::gateway')
 3 SYSTEMPATH\Router\RouteCollection.php(339): require('D:\\xampp\\htdocs\\FloodGuard\\app\\Config\\Routes.php')
 4 SYSTEMPATH\CodeIgniter.php(821): CodeIgniter\Router\RouteCollection->loadRoutes()
 5 SYSTEMPATH\CodeIgniter.php(455): CodeIgniter\CodeIgniter->tryToRouteIt(null)
 6 SYSTEMPATH\CodeIgniter.php(354): CodeIgniter\CodeIgniter->handleRequest(null, Object(Config\Cache), false)
 7 SYSTEMPATH\Boot.php(334): CodeIgniter\CodeIgniter->run()
 8 SYSTEMPATH\Boot.php(67): CodeIgniter\Boot::runCodeIgniter(Object(CodeIgniter\CodeIgniter))
 9 FCPATH\index.php(59): CodeIgniter\Boot::bootWeb(Object(Config\Paths))
DEBUG - 2025-12-04 08:12:54 --> Session: Class initialized using 'CodeIgniter\Session\Handlers\FileHandler' driver.
WARNING - 2025-12-04 08:12:55 --> [DEPRECATED] Passing lowercase HTTP method "get" is deprecated. Use uppercase HTTP method like "GET". in SYSTEMPATH\Router\RouteCollection.php on line 1026.
 1 SYSTEMPATH\Router\RouteCollection.php(1026): trigger_error('Passing lowercase HTTP method "get" is deprecated. Use uppercase HTTP method like "GET".', 16384)
 2 APPPATH\Config\Routes.php(101): CodeIgniter\Router\RouteCollection->match([...], 'sms/gateway', 'SmsController::gateway')
 3 SYSTEMPATH\Router\RouteCollection.php(339): require('D:\\xampp\\htdocs\\FloodGuard\\app\\Config\\Routes.php')
 4 SYSTEMPATH\CodeIgniter.php(821): CodeIgniter\Router\RouteCollection->loadRoutes()
 5 SYSTEMPATH\CodeIgniter.php(455): CodeIgniter\CodeIgniter->tryToRouteIt(null)
 6 SYSTEMPATH\CodeIgniter.php(354): CodeIgniter\CodeIgniter->handleRequest(null, Object(Config\Cache), false)
 7 SYSTEMPATH\Boot.php(334): CodeIgniter\CodeIgniter->run()
 8 SYSTEMPATH\Boot.php(67): CodeIgniter\Boot::runCodeIgniter(Object(CodeIgniter\CodeIgniter))
 9 FCPATH\index.php(59): CodeIgniter\Boot::bootWeb(Object(Config\Paths))
WARNING - 2025-12-04 08:12:55 --> [DEPRECATED] Passing lowercase HTTP method "post" is deprecated. Use uppercase HTTP method like "POST". in SYSTEMPATH\Router\RouteCollection.php on line 1026.
 1 SYSTEMPATH\Router\RouteCollection.php(1026): trigger_error('Passing lowercase HTTP method "post" is deprecated. Use uppercase HTTP method like "POST".', 16384)
 2 APPPATH\Config\Routes.php(101): CodeIgniter\Router\RouteCollection->match([...], 'sms/gateway', 'SmsController::gateway')
 3 SYSTEMPATH\Router\RouteCollection.php(339): require('D:\\xampp\\htdocs\\FloodGuard\\app\\Config\\Routes.php')
 4 SYSTEMPATH\CodeIgniter.php(821): CodeIgniter\Router\RouteCollection->loadRoutes()
 5 SYSTEMPATH\CodeIgniter.php(455): CodeIgniter\CodeIgniter->tryToRouteIt(null)
 6 SYSTEMPATH\CodeIgniter.php(354): CodeIgniter\CodeIgniter->handleRequest(null, Object(Config\Cache), false)
 7 SYSTEMPATH\Boot.php(334): CodeIgniter\CodeIgniter->run()
 8 SYSTEMPATH\Boot.php(67): CodeIgniter\Boot::runCodeIgniter(Object(CodeIgniter\CodeIgniter))
 9 FCPATH\index.php(59): CodeIgniter\Boot::bootWeb(Object(Config\Paths))
WARNING - 2025-12-04 08:20:00 --> [DEPRECATED] Passing lowercase HTTP method "get" is deprecated. Use uppercase HTTP method like "GET". in SYSTEMPATH\Router\RouteCollection.php on line 1026.
 1 SYSTEMPATH\Router\RouteCollection.php(1026): trigger_error('Passing lowercase HTTP method "get" is deprecated. Use uppercase HTTP method like "GET".', 16384)
 2 APPPATH\Config\Routes.php(101): CodeIgniter\Router\RouteCollection->match([...], 'sms/gateway', 'SmsController::gateway')
 3 SYSTEMPATH\Router\RouteCollection.php(339): require('D:\\xampp\\htdocs\\FloodGuard\\app\\Config\\Routes.php')
 4 SYSTEMPATH\CodeIgniter.php(821): CodeIgniter\Router\RouteCollection->loadRoutes()
 5 SYSTEMPATH\CodeIgniter.php(455): CodeIgniter\CodeIgniter->tryToRouteIt(null)
 6 SYSTEMPATH\CodeIgniter.php(354): CodeIgniter\CodeIgniter->handleRequest(null, Object(Config\Cache), false)
 7 SYSTEMPATH\Boot.php(334): CodeIgniter\CodeIgniter->run()
 8 SYSTEMPATH\Boot.php(67): CodeIgniter\Boot::runCodeIgniter(Object(CodeIgniter\CodeIgniter))
 9 FCPATH\index.php(59): CodeIgniter\Boot::bootWeb(Object(Config\Paths))
WARNING - 2025-12-04 08:20:00 --> [DEPRECATED] Passing lowercase HTTP method "post" is deprecated. Use uppercase HTTP method like "POST". in SYSTEMPATH\Router\RouteCollection.php on line 1026.
 1 SYSTEMPATH\Router\RouteCollection.php(1026): trigger_error('Passing lowercase HTTP method "post" is deprecated. Use uppercase HTTP method like "POST".', 16384)
 2 APPPATH\Config\Routes.php(101): CodeIgniter\Router\RouteCollection->match([...], 'sms/gateway', 'SmsController::gateway')
 3 SYSTEMPATH\Router\RouteCollection.php(339): require('D:\\xampp\\htdocs\\FloodGuard\\app\\Config\\Routes.php')
 4 SYSTEMPATH\CodeIgniter.php(821): CodeIgniter\Router\RouteCollection->loadRoutes()
 5 SYSTEMPATH\CodeIgniter.php(455): CodeIgniter\CodeIgniter->tryToRouteIt(null)
 6 SYSTEMPATH\CodeIgniter.php(354): CodeIgniter\CodeIgniter->handleRequest(null, Object(Config\Cache), false)
 7 SYSTEMPATH\Boot.php(334): CodeIgniter\CodeIgniter->run()
 8 SYSTEMPATH\Boot.php(67): CodeIgniter\Boot::runCodeIgniter(Object(CodeIgniter\CodeIgniter))
 9 FCPATH\index.php(59): CodeIgniter\Boot::bootWeb(Object(Config\Paths))
WARNING - 2025-12-04 08:38:30 --> [DEPRECATED] Passing lowercase HTTP method "get" is deprecated. Use uppercase HTTP method like "GET". in SYSTEMPATH\Router\RouteCollection.php on line 1026.
 1 SYSTEMPATH\Router\RouteCollection.php(1026): trigger_error('Passing lowercase HTTP method "get" is deprecated. Use uppercase HTTP method like "GET".', 16384)
 2 APPPATH\Config\Routes.php(101): CodeIgniter\Router\RouteCollection->match([...], 'sms/gateway', 'SmsController::gateway')
 3 SYSTEMPATH\Router\RouteCollection.php(339): require('D:\\xampp\\htdocs\\FloodGuard\\app\\Config\\Routes.php')
 4 SYSTEMPATH\CodeIgniter.php(821): CodeIgniter\Router\RouteCollection->loadRoutes()
 5 SYSTEMPATH\CodeIgniter.php(455): CodeIgniter\CodeIgniter->tryToRouteIt(null)
 6 SYSTEMPATH\CodeIgniter.php(354): CodeIgniter\CodeIgniter->handleRequest(null, Object(Config\Cache), false)
 7 SYSTEMPATH\Boot.php(334): CodeIgniter\CodeIgniter->run()
 8 SYSTEMPATH\Boot.php(67): CodeIgniter\Boot::runCodeIgniter(Object(CodeIgniter\CodeIgniter))
 9 FCPATH\index.php(59): CodeIgniter\Boot::bootWeb(Object(Config\Paths))
WARNING - 2025-12-04 08:38:30 --> [DEPRECATED] Passing lowercase HTTP method "post" is deprecated. Use uppercase HTTP method like "POST". in SYSTEMPATH\Router\RouteCollection.php on line 1026.
 1 SYSTEMPATH\Router\RouteCollection.php(1026): trigger_error('Passing lowercase HTTP method "post" is deprecated. Use uppercase HTTP method like "POST".', 16384)
 2 APPPATH\Config\Routes.php(101): CodeIgniter\Router\RouteCollection->match([...], 'sms/gateway', 'SmsController::gateway')
 3 SYSTEMPATH\Router\RouteCollection.php(339): require('D:\\xampp\\htdocs\\FloodGuard\\app\\Config\\Routes.php')
 4 SYSTEMPATH\CodeIgniter.php(821): CodeIgniter\Router\RouteCollection->loadRoutes()
 5 SYSTEMPATH\CodeIgniter.php(455): CodeIgniter\CodeIgniter->tryToRouteIt(null)
 6 SYSTEMPATH\CodeIgniter.php(354): CodeIgniter\CodeIgniter->handleRequest(null, Object(Config\Cache), false)
 7 SYSTEMPATH\Boot.php(334): CodeIgniter\CodeIgniter->run()
 8 SYSTEMPATH\Boot.php(67): CodeIgniter\Boot::runCodeIgniter(Object(CodeIgniter\CodeIgniter))
 9 FCPATH\index.php(59): CodeIgniter\Boot::bootWeb(Object(Config\Paths))
DEBUG - 2025-12-04 08:38:30 --> Session: Class initialized using 'CodeIgniter\Session\Handlers\FileHandler' driver.
WARNING - 2025-12-04 08:38:33 --> [DEPRECATED] Passing lowercase HTTP method "get" is deprecated. Use uppercase HTTP method like "GET". in SYSTEMPATH\Router\RouteCollection.php on line 1026.
 1 SYSTEMPATH\Router\RouteCollection.php(1026): trigger_error('Passing lowercase HTTP method "get" is deprecated. Use uppercase HTTP method like "GET".', 16384)
 2 APPPATH\Config\Routes.php(101): CodeIgniter\Router\RouteCollection->match([...], 'sms/gateway', 'SmsController::gateway')
 3 SYSTEMPATH\Router\RouteCollection.php(339): require('D:\\xampp\\htdocs\\FloodGuard\\app\\Config\\Routes.php')
 4 SYSTEMPATH\CodeIgniter.php(821): CodeIgniter\Router\RouteCollection->loadRoutes()
 5 SYSTEMPATH\CodeIgniter.php(455): CodeIgniter\CodeIgniter->tryToRouteIt(null)
 6 SYSTEMPATH\CodeIgniter.php(354): CodeIgniter\CodeIgniter->handleRequest(null, Object(Config\Cache), false)
 7 SYSTEMPATH\Boot.php(334): CodeIgniter\CodeIgniter->run()
 8 SYSTEMPATH\Boot.php(67): CodeIgniter\Boot::runCodeIgniter(Object(CodeIgniter\CodeIgniter))
 9 FCPATH\index.php(59): CodeIgniter\Boot::bootWeb(Object(Config\Paths))
WARNING - 2025-12-04 08:38:33 --> [DEPRECATED] Passing lowercase HTTP method "post" is deprecated. Use uppercase HTTP method like "POST". in SYSTEMPATH\Router\RouteCollection.php on line 1026.
 1 SYSTEMPATH\Router\RouteCollection.php(1026): trigger_error('Passing lowercase HTTP method "post" is deprecated. Use uppercase HTTP method like "POST".', 16384)
 2 APPPATH\Config\Routes.php(101): CodeIgniter\Router\RouteCollection->match([...], 'sms/gateway', 'SmsController::gateway')
 3 SYSTEMPATH\Router\RouteCollection.php(339): require('D:\\xampp\\htdocs\\FloodGuard\\app\\Config\\Routes.php')
 4 SYSTEMPATH\CodeIgniter.php(821): CodeIgniter\Router\RouteCollection->loadRoutes()
 5 SYSTEMPATH\CodeIgniter.php(455): CodeIgniter\CodeIgniter->tryToRouteIt(null)
 6 SYSTEMPATH\CodeIgniter.php(354): CodeIgniter\CodeIgniter->handleRequest(null, Object(Config\Cache), false)
 7 SYSTEMPATH\Boot.php(334): CodeIgniter\CodeIgniter->run()
 8 SYSTEMPATH\Boot.php(67): CodeIgniter\Boot::runCodeIgniter(Object(CodeIgniter\CodeIgniter))
 9 FCPATH\index.php(59): CodeIgniter\Boot::bootWeb(Object(Config\Paths))
DEBUG - 2025-12-04 08:38:34 --> Session: Class initialized using 'CodeIgniter\Session\Handlers\FileHandler' driver.
WARNING - 2025-12-04 08:38:35 --> [DEPRECATED] Passing lowercase HTTP method "get" is deprecated. Use uppercase HTTP method like "GET". in SYSTEMPATH\Router\RouteCollection.php on line 1026.
 1 SYSTEMPATH\Router\RouteCollection.php(1026): trigger_error('Passing lowercase HTTP method "get" is deprecated. Use uppercase HTTP method like "GET".', 16384)
 2 APPPATH\Config\Routes.php(101): CodeIgniter\Router\RouteCollection->match([...], 'sms/gateway', 'SmsController::gateway')
 3 SYSTEMPATH\Router\RouteCollection.php(339): require('D:\\xampp\\htdocs\\FloodGuard\\app\\Config\\Routes.php')
 4 SYSTEMPATH\CodeIgniter.php(821): CodeIgniter\Router\RouteCollection->loadRoutes()
 5 SYSTEMPATH\CodeIgniter.php(455): CodeIgniter\CodeIgniter->tryToRouteIt(null)
 6 SYSTEMPATH\CodeIgniter.php(354): CodeIgniter\CodeIgniter->handleRequest(null, Object(Config\Cache), false)
 7 SYSTEMPATH\Boot.php(334): CodeIgniter\CodeIgniter->run()
 8 SYSTEMPATH\Boot.php(67): CodeIgniter\Boot::runCodeIgniter(Object(CodeIgniter\CodeIgniter))
 9 FCPATH\index.php(59): CodeIgniter\Boot::bootWeb(Object(Config\Paths))
WARNING - 2025-12-04 08:38:35 --> [DEPRECATED] Passing lowercase HTTP method "post" is deprecated. Use uppercase HTTP method like "POST". in SYSTEMPATH\Router\RouteCollection.php on line 1026.
 1 SYSTEMPATH\Router\RouteCollection.php(1026): trigger_error('Passing lowercase HTTP method "post" is deprecated. Use uppercase HTTP method like "POST".', 16384)
 2 APPPATH\Config\Routes.php(101): CodeIgniter\Router\RouteCollection->match([...], 'sms/gateway', 'SmsController::gateway')
 3 SYSTEMPATH\Router\RouteCollection.php(339): require('D:\\xampp\\htdocs\\FloodGuard\\app\\Config\\Routes.php')
 4 SYSTEMPATH\CodeIgniter.php(821): CodeIgniter\Router\RouteCollection->loadRoutes()
 5 SYSTEMPATH\CodeIgniter.php(455): CodeIgniter\CodeIgniter->tryToRouteIt(null)
 6 SYSTEMPATH\CodeIgniter.php(354): CodeIgniter\CodeIgniter->handleRequest(null, Object(Config\Cache), false)
 7 SYSTEMPATH\Boot.php(334): CodeIgniter\CodeIgniter->run()
 8 SYSTEMPATH\Boot.php(67): CodeIgniter\Boot::runCodeIgniter(Object(CodeIgniter\CodeIgniter))
 9 FCPATH\index.php(59): CodeIgniter\Boot::bootWeb(Object(Config\Paths))
WARNING - 2025-12-04 08:38:35 --> [DEPRECATED] Passing lowercase HTTP method "get" is deprecated. Use uppercase HTTP method like "GET". in SYSTEMPATH\Router\RouteCollection.php on line 1026.
 1 SYSTEMPATH\Router\RouteCollection.php(1026): trigger_error('Passing lowercase HTTP method "get" is deprecated. Use uppercase HTTP method like "GET".', 16384)
 2 APPPATH\Config\Routes.php(101): CodeIgniter\Router\RouteCollection->match([...], 'sms/gateway', 'SmsController::gateway')
 3 SYSTEMPATH\Router\RouteCollection.php(339): require('D:\\xampp\\htdocs\\FloodGuard\\app\\Config\\Routes.php')
 4 SYSTEMPATH\CodeIgniter.php(821): CodeIgniter\Router\RouteCollection->loadRoutes()
 5 SYSTEMPATH\CodeIgniter.php(455): CodeIgniter\CodeIgniter->tryToRouteIt(null)
 6 SYSTEMPATH\CodeIgniter.php(354): CodeIgniter\CodeIgniter->handleRequest(null, Object(Config\Cache), false)
 7 SYSTEMPATH\Boot.php(334): CodeIgniter\CodeIgniter->run()
 8 SYSTEMPATH\Boot.php(67): CodeIgniter\Boot::runCodeIgniter(Object(CodeIgniter\CodeIgniter))
 9 FCPATH\index.php(59): CodeIgniter\Boot::bootWeb(Object(Config\Paths))
WARNING - 2025-12-04 08:38:35 --> [DEPRECATED] Passing lowercase HTTP method "post" is deprecated. Use uppercase HTTP method like "POST". in SYSTEMPATH\Router\RouteCollection.php on line 1026.
 1 SYSTEMPATH\Router\RouteCollection.php(1026): trigger_error('Passing lowercase HTTP method "post" is deprecated. Use uppercase HTTP method like "POST".', 16384)
 2 APPPATH\Config\Routes.php(101): CodeIgniter\Router\RouteCollection->match([...], 'sms/gateway', 'SmsController::gateway')
 3 SYSTEMPATH\Router\RouteCollection.php(339): require('D:\\xampp\\htdocs\\FloodGuard\\app\\Config\\Routes.php')
 4 SYSTEMPATH\CodeIgniter.php(821): CodeIgniter\Router\RouteCollection->loadRoutes()
 5 SYSTEMPATH\CodeIgniter.php(455): CodeIgniter\CodeIgniter->tryToRouteIt(null)
 6 SYSTEMPATH\CodeIgniter.php(354): CodeIgniter\CodeIgniter->handleRequest(null, Object(Config\Cache), false)
 7 SYSTEMPATH\Boot.php(334): CodeIgniter\CodeIgniter->run()
 8 SYSTEMPATH\Boot.php(67): CodeIgniter\Boot::runCodeIgniter(Object(CodeIgniter\CodeIgniter))
 9 FCPATH\index.php(59): CodeIgniter\Boot::bootWeb(Object(Config\Paths))
WARNING - 2025-12-04 08:38:35 --> [DEPRECATED] Passing lowercase HTTP method "get" is deprecated. Use uppercase HTTP method like "GET". in SYSTEMPATH\Router\RouteCollection.php on line 1026.
 1 SYSTEMPATH\Router\RouteCollection.php(1026): trigger_error('Passing lowercase HTTP method "get" is deprecated. Use uppercase HTTP method like "GET".', 16384)
 2 APPPATH\Config\Routes.php(101): CodeIgniter\Router\RouteCollection->match([...], 'sms/gateway', 'SmsController::gateway')
 3 SYSTEMPATH\Router\RouteCollection.php(339): require('D:\\xampp\\htdocs\\FloodGuard\\app\\Config\\Routes.php')
 4 SYSTEMPATH\CodeIgniter.php(821): CodeIgniter\Router\RouteCollection->loadRoutes()
 5 SYSTEMPATH\CodeIgniter.php(455): CodeIgniter\CodeIgniter->tryToRouteIt(null)
 6 SYSTEMPATH\CodeIgniter.php(354): CodeIgniter\CodeIgniter->handleRequest(null, Object(Config\Cache), false)
 7 SYSTEMPATH\Boot.php(334): CodeIgniter\CodeIgniter->run()
 8 SYSTEMPATH\Boot.php(67): CodeIgniter\Boot::runCodeIgniter(Object(CodeIgniter\CodeIgniter))
 9 FCPATH\index.php(59): CodeIgniter\Boot::bootWeb(Object(Config\Paths))
WARNING - 2025-12-04 08:38:35 --> [DEPRECATED] Passing lowercase HTTP method "post" is deprecated. Use uppercase HTTP method like "POST". in SYSTEMPATH\Router\RouteCollection.php on line 1026.
 1 SYSTEMPATH\Router\RouteCollection.php(1026): trigger_error('Passing lowercase HTTP method "post" is deprecated. Use uppercase HTTP method like "POST".', 16384)
 2 APPPATH\Config\Routes.php(101): CodeIgniter\Router\RouteCollection->match([...], 'sms/gateway', 'SmsController::gateway')
 3 SYSTEMPATH\Router\RouteCollection.php(339): require('D:\\xampp\\htdocs\\FloodGuard\\app\\Config\\Routes.php')
 4 SYSTEMPATH\CodeIgniter.php(821): CodeIgniter\Router\RouteCollection->loadRoutes()
 5 SYSTEMPATH\CodeIgniter.php(455): CodeIgniter\CodeIgniter->tryToRouteIt(null)
 6 SYSTEMPATH\CodeIgniter.php(354): CodeIgniter\CodeIgniter->handleRequest(null, Object(Config\Cache), false)
 7 SYSTEMPATH\Boot.php(334): CodeIgniter\CodeIgniter->run()
 8 SYSTEMPATH\Boot.php(67): CodeIgniter\Boot::runCodeIgniter(Object(CodeIgniter\CodeIgniter))
 9 FCPATH\index.php(59): CodeIgniter\Boot::bootWeb(Object(Config\Paths))
WARNING - 2025-12-04 08:38:36 --> [DEPRECATED] Passing lowercase HTTP method "get" is deprecated. Use uppercase HTTP method like "GET". in SYSTEMPATH\Router\RouteCollection.php on line 1026.
 1 SYSTEMPATH\Router\RouteCollection.php(1026): trigger_error('Passing lowercase HTTP method "get" is deprecated. Use uppercase HTTP method like "GET".', 16384)
 2 APPPATH\Config\Routes.php(101): CodeIgniter\Router\RouteCollection->match([...], 'sms/gateway', 'SmsController::gateway')
 3 SYSTEMPATH\Router\RouteCollection.php(339): require('D:\\xampp\\htdocs\\FloodGuard\\app\\Config\\Routes.php')
 4 SYSTEMPATH\CodeIgniter.php(821): CodeIgniter\Router\RouteCollection->loadRoutes()
 5 SYSTEMPATH\CodeIgniter.php(455): CodeIgniter\CodeIgniter->tryToRouteIt(null)
 6 SYSTEMPATH\CodeIgniter.php(354): CodeIgniter\CodeIgniter->handleRequest(null, Object(Config\Cache), false)
 7 SYSTEMPATH\Boot.php(334): CodeIgniter\CodeIgniter->run()
 8 SYSTEMPATH\Boot.php(67): CodeIgniter\Boot::runCodeIgniter(Object(CodeIgniter\CodeIgniter))
 9 FCPATH\index.php(59): CodeIgniter\Boot::bootWeb(Object(Config\Paths))
WARNING - 2025-12-04 08:38:36 --> [DEPRECATED] Passing lowercase HTTP method "post" is deprecated. Use uppercase HTTP method like "POST". in SYSTEMPATH\Router\RouteCollection.php on line 1026.
 1 SYSTEMPATH\Router\RouteCollection.php(1026): trigger_error('Passing lowercase HTTP method "post" is deprecated. Use uppercase HTTP method like "POST".', 16384)
 2 APPPATH\Config\Routes.php(101): CodeIgniter\Router\RouteCollection->match([...], 'sms/gateway', 'SmsController::gateway')
 3 SYSTEMPATH\Router\RouteCollection.php(339): require('D:\\xampp\\htdocs\\FloodGuard\\app\\Config\\Routes.php')
 4 SYSTEMPATH\CodeIgniter.php(821): CodeIgniter\Router\RouteCollection->loadRoutes()
 5 SYSTEMPATH\CodeIgniter.php(455): CodeIgniter\CodeIgniter->tryToRouteIt(null)
 6 SYSTEMPATH\CodeIgniter.php(354): CodeIgniter\CodeIgniter->handleRequest(null, Object(Config\Cache), false)
 7 SYSTEMPATH\Boot.php(334): CodeIgniter\CodeIgniter->run()
 8 SYSTEMPATH\Boot.php(67): CodeIgniter\Boot::runCodeIgniter(Object(CodeIgniter\CodeIgniter))
 9 FCPATH\index.php(59): CodeIgniter\Boot::bootWeb(Object(Config\Paths))
WARNING - 2025-12-04 08:38:36 --> [DEPRECATED] Passing lowercase HTTP method "get" is deprecated. Use uppercase HTTP method like "GET". in SYSTEMPATH\Router\RouteCollection.php on line 1026.
 1 SYSTEMPATH\Router\RouteCollection.php(1026): trigger_error('Passing lowercase HTTP method "get" is deprecated. Use uppercase HTTP method like "GET".', 16384)
 2 APPPATH\Config\Routes.php(101): CodeIgniter\Router\RouteCollection->match([...], 'sms/gateway', 'SmsController::gateway')
 3 SYSTEMPATH\Router\RouteCollection.php(339): require('D:\\xampp\\htdocs\\FloodGuard\\app\\Config\\Routes.php')
 4 SYSTEMPATH\CodeIgniter.php(821): CodeIgniter\Router\RouteCollection->loadRoutes()
 5 SYSTEMPATH\CodeIgniter.php(455): CodeIgniter\CodeIgniter->tryToRouteIt(null)
 6 SYSTEMPATH\CodeIgniter.php(354): CodeIgniter\CodeIgniter->handleRequest(null, Object(Config\Cache), false)
 7 SYSTEMPATH\Boot.php(334): CodeIgniter\CodeIgniter->run()
 8 SYSTEMPATH\Boot.php(67): CodeIgniter\Boot::runCodeIgniter(Object(CodeIgniter\CodeIgniter))
 9 FCPATH\index.php(59): CodeIgniter\Boot::bootWeb(Object(Config\Paths))
WARNING - 2025-12-04 08:38:36 --> [DEPRECATED] Passing lowercase HTTP method "post" is deprecated. Use uppercase HTTP method like "POST". in SYSTEMPATH\Router\RouteCollection.php on line 1026.
 1 SYSTEMPATH\Router\RouteCollection.php(1026): trigger_error('Passing lowercase HTTP method "post" is deprecated. Use uppercase HTTP method like "POST".', 16384)
 2 APPPATH\Config\Routes.php(101): CodeIgniter\Router\RouteCollection->match([...], 'sms/gateway', 'SmsController::gateway')
 3 SYSTEMPATH\Router\RouteCollection.php(339): require('D:\\xampp\\htdocs\\FloodGuard\\app\\Config\\Routes.php')
 4 SYSTEMPATH\CodeIgniter.php(821): CodeIgniter\Router\RouteCollection->loadRoutes()
 5 SYSTEMPATH\CodeIgniter.php(455): CodeIgniter\CodeIgniter->tryToRouteIt(null)
 6 SYSTEMPATH\CodeIgniter.php(354): CodeIgniter\CodeIgniter->handleRequest(null, Object(Config\Cache), false)
 7 SYSTEMPATH\Boot.php(334): CodeIgniter\CodeIgniter->run()
 8 SYSTEMPATH\Boot.php(67): CodeIgniter\Boot::runCodeIgniter(Object(CodeIgniter\CodeIgniter))
 9 FCPATH\index.php(59): CodeIgniter\Boot::bootWeb(Object(Config\Paths))
WARNING - 2025-12-04 08:38:38 --> [DEPRECATED] Passing lowercase HTTP method "get" is deprecated. Use uppercase HTTP method like "GET". in SYSTEMPATH\Router\RouteCollection.php on line 1026.
 1 SYSTEMPATH\Router\RouteCollection.php(1026): trigger_error('Passing lowercase HTTP method "get" is deprecated. Use uppercase HTTP method like "GET".', 16384)
 2 APPPATH\Config\Routes.php(101): CodeIgniter\Router\RouteCollection->match([...], 'sms/gateway', 'SmsController::gateway')
 3 SYSTEMPATH\Router\RouteCollection.php(339): require('D:\\xampp\\htdocs\\FloodGuard\\app\\Config\\Routes.php')
 4 SYSTEMPATH\CodeIgniter.php(821): CodeIgniter\Router\RouteCollection->loadRoutes()
 5 SYSTEMPATH\CodeIgniter.php(455): CodeIgniter\CodeIgniter->tryToRouteIt(null)
 6 SYSTEMPATH\CodeIgniter.php(354): CodeIgniter\CodeIgniter->handleRequest(null, Object(Config\Cache), false)
 7 SYSTEMPATH\Boot.php(334): CodeIgniter\CodeIgniter->run()
 8 SYSTEMPATH\Boot.php(67): CodeIgniter\Boot::runCodeIgniter(Object(CodeIgniter\CodeIgniter))
 9 FCPATH\index.php(59): CodeIgniter\Boot::bootWeb(Object(Config\Paths))
WARNING - 2025-12-04 08:38:38 --> [DEPRECATED] Passing lowercase HTTP method "post" is deprecated. Use uppercase HTTP method like "POST". in SYSTEMPATH\Router\RouteCollection.php on line 1026.
 1 SYSTEMPATH\Router\RouteCollection.php(1026): trigger_error('Passing lowercase HTTP method "post" is deprecated. Use uppercase HTTP method like "POST".', 16384)
 2 APPPATH\Config\Routes.php(101): CodeIgniter\Router\RouteCollection->match([...], 'sms/gateway', 'SmsController::gateway')
 3 SYSTEMPATH\Router\RouteCollection.php(339): require('D:\\xampp\\htdocs\\FloodGuard\\app\\Config\\Routes.php')
 4 SYSTEMPATH\CodeIgniter.php(821): CodeIgniter\Router\RouteCollection->loadRoutes()
 5 SYSTEMPATH\CodeIgniter.php(455): CodeIgniter\CodeIgniter->tryToRouteIt(null)
 6 SYSTEMPATH\CodeIgniter.php(354): CodeIgniter\CodeIgniter->handleRequest(null, Object(Config\Cache), false)
 7 SYSTEMPATH\Boot.php(334): CodeIgniter\CodeIgniter->run()
 8 SYSTEMPATH\Boot.php(67): CodeIgniter\Boot::runCodeIgniter(Object(CodeIgniter\CodeIgniter))
 9 FCPATH\index.php(59): CodeIgniter\Boot::bootWeb(Object(Config\Paths))
DEBUG - 2025-12-04 08:38:39 --> Session: Class initialized using 'CodeIgniter\Session\Handlers\FileHandler' driver.
WARNING - 2025-12-04 08:38:46 --> [DEPRECATED] Passing lowercase HTTP method "get" is deprecated. Use uppercase HTTP method like "GET". in SYSTEMPATH\Router\RouteCollection.php on line 1026.
 1 SYSTEMPATH\Router\RouteCollection.php(1026): trigger_error('Passing lowercase HTTP method "get" is deprecated. Use uppercase HTTP method like "GET".', 16384)
 2 APPPATH\Config\Routes.php(101): CodeIgniter\Router\RouteCollection->match([...], 'sms/gateway', 'SmsController::gateway')
 3 SYSTEMPATH\Router\RouteCollection.php(339): require('D:\\xampp\\htdocs\\FloodGuard\\app\\Config\\Routes.php')
 4 SYSTEMPATH\CodeIgniter.php(821): CodeIgniter\Router\RouteCollection->loadRoutes()
 5 SYSTEMPATH\CodeIgniter.php(455): CodeIgniter\CodeIgniter->tryToRouteIt(null)
 6 SYSTEMPATH\CodeIgniter.php(354): CodeIgniter\CodeIgniter->handleRequest(null, Object(Config\Cache), false)
 7 SYSTEMPATH\Boot.php(334): CodeIgniter\CodeIgniter->run()
 8 SYSTEMPATH\Boot.php(67): CodeIgniter\Boot::runCodeIgniter(Object(CodeIgniter\CodeIgniter))
 9 FCPATH\index.php(59): CodeIgniter\Boot::bootWeb(Object(Config\Paths))
WARNING - 2025-12-04 08:38:46 --> [DEPRECATED] Passing lowercase HTTP method "post" is deprecated. Use uppercase HTTP method like "POST". in SYSTEMPATH\Router\RouteCollection.php on line 1026.
 1 SYSTEMPATH\Router\RouteCollection.php(1026): trigger_error('Passing lowercase HTTP method "post" is deprecated. Use uppercase HTTP method like "POST".', 16384)
 2 APPPATH\Config\Routes.php(101): CodeIgniter\Router\RouteCollection->match([...], 'sms/gateway', 'SmsController::gateway')
 3 SYSTEMPATH\Router\RouteCollection.php(339): require('D:\\xampp\\htdocs\\FloodGuard\\app\\Config\\Routes.php')
 4 SYSTEMPATH\CodeIgniter.php(821): CodeIgniter\Router\RouteCollection->loadRoutes()
 5 SYSTEMPATH\CodeIgniter.php(455): CodeIgniter\CodeIgniter->tryToRouteIt(null)
 6 SYSTEMPATH\CodeIgniter.php(354): CodeIgniter\CodeIgniter->handleRequest(null, Object(Config\Cache), false)
 7 SYSTEMPATH\Boot.php(334): CodeIgniter\CodeIgniter->run()
 8 SYSTEMPATH\Boot.php(67): CodeIgniter\Boot::runCodeIgniter(Object(CodeIgniter\CodeIgniter))
 9 FCPATH\index.php(59): CodeIgniter\Boot::bootWeb(Object(Config\Paths))
DEBUG - 2025-12-04 08:38:46 --> Session: Class initialized using 'CodeIgniter\Session\Handlers\FileHandler' driver.
WARNING - 2025-12-04 08:38:47 --> [DEPRECATED] Passing lowercase HTTP method "get" is deprecated. Use uppercase HTTP method like "GET". in SYSTEMPATH\Router\RouteCollection.php on line 1026.
 1 SYSTEMPATH\Router\RouteCollection.php(1026): trigger_error('Passing lowercase HTTP method "get" is deprecated. Use uppercase HTTP method like "GET".', 16384)
 2 APPPATH\Config\Routes.php(101): CodeIgniter\Router\RouteCollection->match([...], 'sms/gateway', 'SmsController::gateway')
 3 SYSTEMPATH\Router\RouteCollection.php(339): require('D:\\xampp\\htdocs\\FloodGuard\\app\\Config\\Routes.php')
 4 SYSTEMPATH\CodeIgniter.php(821): CodeIgniter\Router\RouteCollection->loadRoutes()
 5 SYSTEMPATH\CodeIgniter.php(455): CodeIgniter\CodeIgniter->tryToRouteIt(null)
 6 SYSTEMPATH\CodeIgniter.php(354): CodeIgniter\CodeIgniter->handleRequest(null, Object(Config\Cache), false)
 7 SYSTEMPATH\Boot.php(334): CodeIgniter\CodeIgniter->run()
 8 SYSTEMPATH\Boot.php(67): CodeIgniter\Boot::runCodeIgniter(Object(CodeIgniter\CodeIgniter))
 9 FCPATH\index.php(59): CodeIgniter\Boot::bootWeb(Object(Config\Paths))
WARNING - 2025-12-04 08:38:47 --> [DEPRECATED] Passing lowercase HTTP method "post" is deprecated. Use uppercase HTTP method like "POST". in SYSTEMPATH\Router\RouteCollection.php on line 1026.
 1 SYSTEMPATH\Router\RouteCollection.php(1026): trigger_error('Passing lowercase HTTP method "post" is deprecated. Use uppercase HTTP method like "POST".', 16384)
 2 APPPATH\Config\Routes.php(101): CodeIgniter\Router\RouteCollection->match([...], 'sms/gateway', 'SmsController::gateway')
 3 SYSTEMPATH\Router\RouteCollection.php(339): require('D:\\xampp\\htdocs\\FloodGuard\\app\\Config\\Routes.php')
 4 SYSTEMPATH\CodeIgniter.php(821): CodeIgniter\Router\RouteCollection->loadRoutes()
 5 SYSTEMPATH\CodeIgniter.php(455): CodeIgniter\CodeIgniter->tryToRouteIt(null)
 6 SYSTEMPATH\CodeIgniter.php(354): CodeIgniter\CodeIgniter->handleRequest(null, Object(Config\Cache), false)
 7 SYSTEMPATH\Boot.php(334): CodeIgniter\CodeIgniter->run()
 8 SYSTEMPATH\Boot.php(67): CodeIgniter\Boot::runCodeIgniter(Object(CodeIgniter\CodeIgniter))
 9 FCPATH\index.php(59): CodeIgniter\Boot::bootWeb(Object(Config\Paths))
DEBUG - 2025-12-04 08:38:47 --> Session: Class initialized using 'CodeIgniter\Session\Handlers\FileHandler' driver.
WARNING - 2025-12-04 08:38:52 --> [DEPRECATED] Passing lowercase HTTP method "get" is deprecated. Use uppercase HTTP method like "GET". in SYSTEMPATH\Router\RouteCollection.php on line 1026.
 1 SYSTEMPATH\Router\RouteCollection.php(1026): trigger_error('Passing lowercase HTTP method "get" is deprecated. Use uppercase HTTP method like "GET".', 16384)
 2 APPPATH\Config\Routes.php(101): CodeIgniter\Router\RouteCollection->match([...], 'sms/gateway', 'SmsController::gateway')
 3 SYSTEMPATH\Router\RouteCollection.php(339): require('D:\\xampp\\htdocs\\FloodGuard\\app\\Config\\Routes.php')
 4 SYSTEMPATH\CodeIgniter.php(821): CodeIgniter\Router\RouteCollection->loadRoutes()
 5 SYSTEMPATH\CodeIgniter.php(455): CodeIgniter\CodeIgniter->tryToRouteIt(null)
 6 SYSTEMPATH\CodeIgniter.php(354): CodeIgniter\CodeIgniter->handleRequest(null, Object(Config\Cache), false)
 7 SYSTEMPATH\Boot.php(334): CodeIgniter\CodeIgniter->run()
 8 SYSTEMPATH\Boot.php(67): CodeIgniter\Boot::runCodeIgniter(Object(CodeIgniter\CodeIgniter))
 9 FCPATH\index.php(59): CodeIgniter\Boot::bootWeb(Object(Config\Paths))
WARNING - 2025-12-04 08:38:52 --> [DEPRECATED] Passing lowercase HTTP method "post" is deprecated. Use uppercase HTTP method like "POST". in SYSTEMPATH\Router\RouteCollection.php on line 1026.
 1 SYSTEMPATH\Router\RouteCollection.php(1026): trigger_error('Passing lowercase HTTP method "post" is deprecated. Use uppercase HTTP method like "POST".', 16384)
 2 APPPATH\Config\Routes.php(101): CodeIgniter\Router\RouteCollection->match([...], 'sms/gateway', 'SmsController::gateway')
 3 SYSTEMPATH\Router\RouteCollection.php(339): require('D:\\xampp\\htdocs\\FloodGuard\\app\\Config\\Routes.php')
 4 SYSTEMPATH\CodeIgniter.php(821): CodeIgniter\Router\RouteCollection->loadRoutes()
 5 SYSTEMPATH\CodeIgniter.php(455): CodeIgniter\CodeIgniter->tryToRouteIt(null)
 6 SYSTEMPATH\CodeIgniter.php(354): CodeIgniter\CodeIgniter->handleRequest(null, Object(Config\Cache), false)
 7 SYSTEMPATH\Boot.php(334): CodeIgniter\CodeIgniter->run()
 8 SYSTEMPATH\Boot.php(67): CodeIgniter\Boot::runCodeIgniter(Object(CodeIgniter\CodeIgniter))
 9 FCPATH\index.php(59): CodeIgniter\Boot::bootWeb(Object(Config\Paths))
DEBUG - 2025-12-04 08:38:52 --> Session: Class initialized using 'CodeIgniter\Session\Handlers\FileHandler' driver.
WARNING - 2025-12-04 08:38:55 --> [DEPRECATED] Passing lowercase HTTP method "get" is deprecated. Use uppercase HTTP method like "GET". in SYSTEMPATH\Router\RouteCollection.php on line 1026.
 1 SYSTEMPATH\Router\RouteCollection.php(1026): trigger_error('Passing lowercase HTTP method "get" is deprecated. Use uppercase HTTP method like "GET".', 16384)
 2 APPPATH\Config\Routes.php(101): CodeIgniter\Router\RouteCollection->match([...], 'sms/gateway', 'SmsController::gateway')
 3 SYSTEMPATH\Router\RouteCollection.php(339): require('D:\\xampp\\htdocs\\FloodGuard\\app\\Config\\Routes.php')
 4 SYSTEMPATH\CodeIgniter.php(821): CodeIgniter\Router\RouteCollection->loadRoutes()
 5 SYSTEMPATH\CodeIgniter.php(455): CodeIgniter\CodeIgniter->tryToRouteIt(null)
 6 SYSTEMPATH\CodeIgniter.php(354): CodeIgniter\CodeIgniter->handleRequest(null, Object(Config\Cache), false)
 7 SYSTEMPATH\Boot.php(334): CodeIgniter\CodeIgniter->run()
 8 SYSTEMPATH\Boot.php(67): CodeIgniter\Boot::runCodeIgniter(Object(CodeIgniter\CodeIgniter))
 9 FCPATH\index.php(59): CodeIgniter\Boot::bootWeb(Object(Config\Paths))
WARNING - 2025-12-04 08:38:55 --> [DEPRECATED] Passing lowercase HTTP method "post" is deprecated. Use uppercase HTTP method like "POST". in SYSTEMPATH\Router\RouteCollection.php on line 1026.
 1 SYSTEMPATH\Router\RouteCollection.php(1026): trigger_error('Passing lowercase HTTP method "post" is deprecated. Use uppercase HTTP method like "POST".', 16384)
 2 APPPATH\Config\Routes.php(101): CodeIgniter\Router\RouteCollection->match([...], 'sms/gateway', 'SmsController::gateway')
 3 SYSTEMPATH\Router\RouteCollection.php(339): require('D:\\xampp\\htdocs\\FloodGuard\\app\\Config\\Routes.php')
 4 SYSTEMPATH\CodeIgniter.php(821): CodeIgniter\Router\RouteCollection->loadRoutes()
 5 SYSTEMPATH\CodeIgniter.php(455): CodeIgniter\CodeIgniter->tryToRouteIt(null)
 6 SYSTEMPATH\CodeIgniter.php(354): CodeIgniter\CodeIgniter->handleRequest(null, Object(Config\Cache), false)
 7 SYSTEMPATH\Boot.php(334): CodeIgniter\CodeIgniter->run()
 8 SYSTEMPATH\Boot.php(67): CodeIgniter\Boot::runCodeIgniter(Object(CodeIgniter\CodeIgniter))
 9 FCPATH\index.php(59): CodeIgniter\Boot::bootWeb(Object(Config\Paths))
DEBUG - 2025-12-04 08:38:55 --> Session: Class initialized using 'CodeIgniter\Session\Handlers\FileHandler' driver.
WARNING - 2025-12-04 08:38:56 --> [DEPRECATED] Passing lowercase HTTP method "get" is deprecated. Use uppercase HTTP method like "GET". in SYSTEMPATH\Router\RouteCollection.php on line 1026.
 1 SYSTEMPATH\Router\RouteCollection.php(1026): trigger_error('Passing lowercase HTTP method "get" is deprecated. Use uppercase HTTP method like "GET".', 16384)
 2 APPPATH\Config\Routes.php(101): CodeIgniter\Router\RouteCollection->match([...], 'sms/gateway', 'SmsController::gateway')
 3 SYSTEMPATH\Router\RouteCollection.php(339): require('D:\\xampp\\htdocs\\FloodGuard\\app\\Config\\Routes.php')
 4 SYSTEMPATH\CodeIgniter.php(821): CodeIgniter\Router\RouteCollection->loadRoutes()
 5 SYSTEMPATH\CodeIgniter.php(455): CodeIgniter\CodeIgniter->tryToRouteIt(null)
 6 SYSTEMPATH\CodeIgniter.php(354): CodeIgniter\CodeIgniter->handleRequest(null, Object(Config\Cache), false)
 7 SYSTEMPATH\Boot.php(334): CodeIgniter\CodeIgniter->run()
 8 SYSTEMPATH\Boot.php(67): CodeIgniter\Boot::runCodeIgniter(Object(CodeIgniter\CodeIgniter))
 9 FCPATH\index.php(59): CodeIgniter\Boot::bootWeb(Object(Config\Paths))
WARNING - 2025-12-04 08:38:56 --> [DEPRECATED] Passing lowercase HTTP method "post" is deprecated. Use uppercase HTTP method like "POST". in SYSTEMPATH\Router\RouteCollection.php on line 1026.
 1 SYSTEMPATH\Router\RouteCollection.php(1026): trigger_error('Passing lowercase HTTP method "post" is deprecated. Use uppercase HTTP method like "POST".', 16384)
 2 APPPATH\Config\Routes.php(101): CodeIgniter\Router\RouteCollection->match([...], 'sms/gateway', 'SmsController::gateway')
 3 SYSTEMPATH\Router\RouteCollection.php(339): require('D:\\xampp\\htdocs\\FloodGuard\\app\\Config\\Routes.php')
 4 SYSTEMPATH\CodeIgniter.php(821): CodeIgniter\Router\RouteCollection->loadRoutes()
 5 SYSTEMPATH\CodeIgniter.php(455): CodeIgniter\CodeIgniter->tryToRouteIt(null)
 6 SYSTEMPATH\CodeIgniter.php(354): CodeIgniter\CodeIgniter->handleRequest(null, Object(Config\Cache), false)
 7 SYSTEMPATH\Boot.php(334): CodeIgniter\CodeIgniter->run()
 8 SYSTEMPATH\Boot.php(67): CodeIgniter\Boot::runCodeIgniter(Object(CodeIgniter\CodeIgniter))
 9 FCPATH\index.php(59): CodeIgniter\Boot::bootWeb(Object(Config\Paths))
CRITICAL - 2025-12-04 08:39:03 --> ErrorException: Undefined array key "temp (?C)"
[Method: GET, Route: flood/hourly/data]
in APPPATH\Controllers\FloodPredictor.php on line 314.
 1 APPPATH\Controllers\FloodPredictor.php(314): CodeIgniter\Debug\Exceptions->errorHandler(2, 'Undefined array key "temp (?C)"', 'D:\\xampp\\htdocs\\FloodGuard\\app\\Controllers\\FloodPredictor.php', 314)
 2 SYSTEMPATH\CodeIgniter.php(933): App\Controllers\FloodPredictor->predict_hourly_ajax()
 3 SYSTEMPATH\CodeIgniter.php(507): CodeIgniter\CodeIgniter->runController(Object(App\Controllers\FloodPredictor))
 4 SYSTEMPATH\CodeIgniter.php(354): CodeIgniter\CodeIgniter->handleRequest(null, Object(Config\Cache), false)
 5 SYSTEMPATH\Boot.php(334): CodeIgniter\CodeIgniter->run()
 6 SYSTEMPATH\Boot.php(67): CodeIgniter\Boot::runCodeIgniter(Object(CodeIgniter\CodeIgniter))
 7 FCPATH\index.php(59): CodeIgniter\Boot::bootWeb(Object(Config\Paths))
WARNING - 2025-12-04 08:41:33 --> [DEPRECATED] Passing lowercase HTTP method "get" is deprecated. Use uppercase HTTP method like "GET". in SYSTEMPATH\Router\RouteCollection.php on line 1026.
 1 SYSTEMPATH\Router\RouteCollection.php(1026): trigger_error('Passing lowercase HTTP method "get" is deprecated. Use uppercase HTTP method like "GET".', 16384)
 2 APPPATH\Config\Routes.php(101): CodeIgniter\Router\RouteCollection->match([...], 'sms/gateway', 'SmsController::gateway')
 3 SYSTEMPATH\Router\RouteCollection.php(339): require('D:\\xampp\\htdocs\\FloodGuard\\app\\Config\\Routes.php')
 4 SYSTEMPATH\CodeIgniter.php(821): CodeIgniter\Router\RouteCollection->loadRoutes()
 5 SYSTEMPATH\CodeIgniter.php(455): CodeIgniter\CodeIgniter->tryToRouteIt(null)
 6 SYSTEMPATH\CodeIgniter.php(354): CodeIgniter\CodeIgniter->handleRequest(null, Object(Config\Cache), false)
 7 SYSTEMPATH\Boot.php(334): CodeIgniter\CodeIgniter->run()
 8 SYSTEMPATH\Boot.php(67): CodeIgniter\Boot::runCodeIgniter(Object(CodeIgniter\CodeIgniter))
 9 FCPATH\index.php(59): CodeIgniter\Boot::bootWeb(Object(Config\Paths))
WARNING - 2025-12-04 08:41:33 --> [DEPRECATED] Passing lowercase HTTP method "post" is deprecated. Use uppercase HTTP method like "POST". in SYSTEMPATH\Router\RouteCollection.php on line 1026.
 1 SYSTEMPATH\Router\RouteCollection.php(1026): trigger_error('Passing lowercase HTTP method "post" is deprecated. Use uppercase HTTP method like "POST".', 16384)
 2 APPPATH\Config\Routes.php(101): CodeIgniter\Router\RouteCollection->match([...], 'sms/gateway', 'SmsController::gateway')
 3 SYSTEMPATH\Router\RouteCollection.php(339): require('D:\\xampp\\htdocs\\FloodGuard\\app\\Config\\Routes.php')
 4 SYSTEMPATH\CodeIgniter.php(821): CodeIgniter\Router\RouteCollection->loadRoutes()
 5 SYSTEMPATH\CodeIgniter.php(455): CodeIgniter\CodeIgniter->tryToRouteIt(null)
 6 SYSTEMPATH\CodeIgniter.php(354): CodeIgniter\CodeIgniter->handleRequest(null, Object(Config\Cache), false)
 7 SYSTEMPATH\Boot.php(334): CodeIgniter\CodeIgniter->run()
 8 SYSTEMPATH\Boot.php(67): CodeIgniter\Boot::runCodeIgniter(Object(CodeIgniter\CodeIgniter))
 9 FCPATH\index.php(59): CodeIgniter\Boot::bootWeb(Object(Config\Paths))
DEBUG - 2025-12-04 08:41:33 --> Session: Class initialized using 'CodeIgniter\Session\Handlers\FileHandler' driver.
WARNING - 2025-12-04 08:41:34 --> [DEPRECATED] Passing lowercase HTTP method "get" is deprecated. Use uppercase HTTP method like "GET". in SYSTEMPATH\Router\RouteCollection.php on line 1026.
 1 SYSTEMPATH\Router\RouteCollection.php(1026): trigger_error('Passing lowercase HTTP method "get" is deprecated. Use uppercase HTTP method like "GET".', 16384)
 2 APPPATH\Config\Routes.php(101): CodeIgniter\Router\RouteCollection->match([...], 'sms/gateway', 'SmsController::gateway')
 3 SYSTEMPATH\Router\RouteCollection.php(339): require('D:\\xampp\\htdocs\\FloodGuard\\app\\Config\\Routes.php')
 4 SYSTEMPATH\CodeIgniter.php(821): CodeIgniter\Router\RouteCollection->loadRoutes()
 5 SYSTEMPATH\CodeIgniter.php(455): CodeIgniter\CodeIgniter->tryToRouteIt(null)
 6 SYSTEMPATH\CodeIgniter.php(354): CodeIgniter\CodeIgniter->handleRequest(null, Object(Config\Cache), false)
 7 SYSTEMPATH\Boot.php(334): CodeIgniter\CodeIgniter->run()
 8 SYSTEMPATH\Boot.php(67): CodeIgniter\Boot::runCodeIgniter(Object(CodeIgniter\CodeIgniter))
 9 FCPATH\index.php(59): CodeIgniter\Boot::bootWeb(Object(Config\Paths))
WARNING - 2025-12-04 08:41:34 --> [DEPRECATED] Passing lowercase HTTP method "post" is deprecated. Use uppercase HTTP method like "POST". in SYSTEMPATH\Router\RouteCollection.php on line 1026.
 1 SYSTEMPATH\Router\RouteCollection.php(1026): trigger_error('Passing lowercase HTTP method "post" is deprecated. Use uppercase HTTP method like "POST".', 16384)
 2 APPPATH\Config\Routes.php(101): CodeIgniter\Router\RouteCollection->match([...], 'sms/gateway', 'SmsController::gateway')
 3 SYSTEMPATH\Router\RouteCollection.php(339): require('D:\\xampp\\htdocs\\FloodGuard\\app\\Config\\Routes.php')
 4 SYSTEMPATH\CodeIgniter.php(821): CodeIgniter\Router\RouteCollection->loadRoutes()
 5 SYSTEMPATH\CodeIgniter.php(455): CodeIgniter\CodeIgniter->tryToRouteIt(null)
 6 SYSTEMPATH\CodeIgniter.php(354): CodeIgniter\CodeIgniter->handleRequest(null, Object(Config\Cache), false)
 7 SYSTEMPATH\Boot.php(334): CodeIgniter\CodeIgniter->run()
 8 SYSTEMPATH\Boot.php(67): CodeIgniter\Boot::runCodeIgniter(Object(CodeIgniter\CodeIgniter))
 9 FCPATH\index.php(59): CodeIgniter\Boot::bootWeb(Object(Config\Paths))
WARNING - 2025-12-04 08:49:50 --> [DEPRECATED] Passing lowercase HTTP method "get" is deprecated. Use uppercase HTTP method like "GET". in SYSTEMPATH\Router\RouteCollection.php on line 1026.
 1 SYSTEMPATH\Router\RouteCollection.php(1026): trigger_error('Passing lowercase HTTP method "get" is deprecated. Use uppercase HTTP method like "GET".', 16384)
 2 APPPATH\Config\Routes.php(101): CodeIgniter\Router\RouteCollection->match([...], 'sms/gateway', 'SmsController::gateway')
 3 SYSTEMPATH\Router\RouteCollection.php(339): require('D:\\xampp\\htdocs\\FloodGuard\\app\\Config\\Routes.php')
 4 SYSTEMPATH\CodeIgniter.php(821): CodeIgniter\Router\RouteCollection->loadRoutes()
 5 SYSTEMPATH\CodeIgniter.php(455): CodeIgniter\CodeIgniter->tryToRouteIt(null)
 6 SYSTEMPATH\CodeIgniter.php(354): CodeIgniter\CodeIgniter->handleRequest(null, Object(Config\Cache), false)
 7 SYSTEMPATH\Boot.php(334): CodeIgniter\CodeIgniter->run()
 8 SYSTEMPATH\Boot.php(67): CodeIgniter\Boot::runCodeIgniter(Object(CodeIgniter\CodeIgniter))
 9 FCPATH\index.php(59): CodeIgniter\Boot::bootWeb(Object(Config\Paths))
WARNING - 2025-12-04 08:49:50 --> [DEPRECATED] Passing lowercase HTTP method "post" is deprecated. Use uppercase HTTP method like "POST". in SYSTEMPATH\Router\RouteCollection.php on line 1026.
 1 SYSTEMPATH\Router\RouteCollection.php(1026): trigger_error('Passing lowercase HTTP method "post" is deprecated. Use uppercase HTTP method like "POST".', 16384)
 2 APPPATH\Config\Routes.php(101): CodeIgniter\Router\RouteCollection->match([...], 'sms/gateway', 'SmsController::gateway')
 3 SYSTEMPATH\Router\RouteCollection.php(339): require('D:\\xampp\\htdocs\\FloodGuard\\app\\Config\\Routes.php')
 4 SYSTEMPATH\CodeIgniter.php(821): CodeIgniter\Router\RouteCollection->loadRoutes()
 5 SYSTEMPATH\CodeIgniter.php(455): CodeIgniter\CodeIgniter->tryToRouteIt(null)
 6 SYSTEMPATH\CodeIgniter.php(354): CodeIgniter\CodeIgniter->handleRequest(null, Object(Config\Cache), false)
 7 SYSTEMPATH\Boot.php(334): CodeIgniter\CodeIgniter->run()
 8 SYSTEMPATH\Boot.php(67): CodeIgniter\Boot::runCodeIgniter(Object(CodeIgniter\CodeIgniter))
 9 FCPATH\index.php(59): CodeIgniter\Boot::bootWeb(Object(Config\Paths))
DEBUG - 2025-12-04 08:49:51 --> Session: Class initialized using 'CodeIgniter\Session\Handlers\FileHandler' driver.
WARNING - 2025-12-04 08:49:51 --> [DEPRECATED] Passing lowercase HTTP method "get" is deprecated. Use uppercase HTTP method like "GET". in SYSTEMPATH\Router\RouteCollection.php on line 1026.
 1 SYSTEMPATH\Router\RouteCollection.php(1026): trigger_error('Passing lowercase HTTP method "get" is deprecated. Use uppercase HTTP method like "GET".', 16384)
 2 APPPATH\Config\Routes.php(101): CodeIgniter\Router\RouteCollection->match([...], 'sms/gateway', 'SmsController::gateway')
 3 SYSTEMPATH\Router\RouteCollection.php(339): require('D:\\xampp\\htdocs\\FloodGuard\\app\\Config\\Routes.php')
 4 SYSTEMPATH\CodeIgniter.php(821): CodeIgniter\Router\RouteCollection->loadRoutes()
 5 SYSTEMPATH\CodeIgniter.php(455): CodeIgniter\CodeIgniter->tryToRouteIt(null)
 6 SYSTEMPATH\CodeIgniter.php(354): CodeIgniter\CodeIgniter->handleRequest(null, Object(Config\Cache), false)
 7 SYSTEMPATH\Boot.php(334): CodeIgniter\CodeIgniter->run()
 8 SYSTEMPATH\Boot.php(67): CodeIgniter\Boot::runCodeIgniter(Object(CodeIgniter\CodeIgniter))
 9 FCPATH\index.php(59): CodeIgniter\Boot::bootWeb(Object(Config\Paths))
WARNING - 2025-12-04 08:49:51 --> [DEPRECATED] Passing lowercase HTTP method "post" is deprecated. Use uppercase HTTP method like "POST". in SYSTEMPATH\Router\RouteCollection.php on line 1026.
 1 SYSTEMPATH\Router\RouteCollection.php(1026): trigger_error('Passing lowercase HTTP method "post" is deprecated. Use uppercase HTTP method like "POST".', 16384)
 2 APPPATH\Config\Routes.php(101): CodeIgniter\Router\RouteCollection->match([...], 'sms/gateway', 'SmsController::gateway')
 3 SYSTEMPATH\Router\RouteCollection.php(339): require('D:\\xampp\\htdocs\\FloodGuard\\app\\Config\\Routes.php')
 4 SYSTEMPATH\CodeIgniter.php(821): CodeIgniter\Router\RouteCollection->loadRoutes()
 5 SYSTEMPATH\CodeIgniter.php(455): CodeIgniter\CodeIgniter->tryToRouteIt(null)
 6 SYSTEMPATH\CodeIgniter.php(354): CodeIgniter\CodeIgniter->handleRequest(null, Object(Config\Cache), false)
 7 SYSTEMPATH\Boot.php(334): CodeIgniter\CodeIgniter->run()
 8 SYSTEMPATH\Boot.php(67): CodeIgniter\Boot::runCodeIgniter(Object(CodeIgniter\CodeIgniter))
 9 FCPATH\index.php(59): CodeIgniter\Boot::bootWeb(Object(Config\Paths))
WARNING - 2025-12-04 08:54:01 --> [DEPRECATED] Passing lowercase HTTP method "get" is deprecated. Use uppercase HTTP method like "GET". in SYSTEMPATH\Router\RouteCollection.php on line 1026.
 1 SYSTEMPATH\Router\RouteCollection.php(1026): trigger_error('Passing lowercase HTTP method "get" is deprecated. Use uppercase HTTP method like "GET".', 16384)
 2 APPPATH\Config\Routes.php(101): CodeIgniter\Router\RouteCollection->match([...], 'sms/gateway', 'SmsController::gateway')
 3 SYSTEMPATH\Router\RouteCollection.php(339): require('D:\\xampp\\htdocs\\FloodGuard\\app\\Config\\Routes.php')
 4 SYSTEMPATH\CodeIgniter.php(821): CodeIgniter\Router\RouteCollection->loadRoutes()
 5 SYSTEMPATH\CodeIgniter.php(455): CodeIgniter\CodeIgniter->tryToRouteIt(null)
 6 SYSTEMPATH\CodeIgniter.php(354): CodeIgniter\CodeIgniter->handleRequest(null, Object(Config\Cache), false)
 7 SYSTEMPATH\Boot.php(334): CodeIgniter\CodeIgniter->run()
 8 SYSTEMPATH\Boot.php(67): CodeIgniter\Boot::runCodeIgniter(Object(CodeIgniter\CodeIgniter))
 9 FCPATH\index.php(59): CodeIgniter\Boot::bootWeb(Object(Config\Paths))
WARNING - 2025-12-04 08:54:01 --> [DEPRECATED] Passing lowercase HTTP method "post" is deprecated. Use uppercase HTTP method like "POST". in SYSTEMPATH\Router\RouteCollection.php on line 1026.
 1 SYSTEMPATH\Router\RouteCollection.php(1026): trigger_error('Passing lowercase HTTP method "post" is deprecated. Use uppercase HTTP method like "POST".', 16384)
 2 APPPATH\Config\Routes.php(101): CodeIgniter\Router\RouteCollection->match([...], 'sms/gateway', 'SmsController::gateway')
 3 SYSTEMPATH\Router\RouteCollection.php(339): require('D:\\xampp\\htdocs\\FloodGuard\\app\\Config\\Routes.php')
 4 SYSTEMPATH\CodeIgniter.php(821): CodeIgniter\Router\RouteCollection->loadRoutes()
 5 SYSTEMPATH\CodeIgniter.php(455): CodeIgniter\CodeIgniter->tryToRouteIt(null)
 6 SYSTEMPATH\CodeIgniter.php(354): CodeIgniter\CodeIgniter->handleRequest(null, Object(Config\Cache), false)
 7 SYSTEMPATH\Boot.php(334): CodeIgniter\CodeIgniter->run()
 8 SYSTEMPATH\Boot.php(67): CodeIgniter\Boot::runCodeIgniter(Object(CodeIgniter\CodeIgniter))
 9 FCPATH\index.php(59): CodeIgniter\Boot::bootWeb(Object(Config\Paths))
DEBUG - 2025-12-04 08:54:01 --> Session: Class initialized using 'CodeIgniter\Session\Handlers\FileHandler' driver.
WARNING - 2025-12-04 08:54:02 --> [DEPRECATED] Passing lowercase HTTP method "get" is deprecated. Use uppercase HTTP method like "GET". in SYSTEMPATH\Router\RouteCollection.php on line 1026.
 1 SYSTEMPATH\Router\RouteCollection.php(1026): trigger_error('Passing lowercase HTTP method "get" is deprecated. Use uppercase HTTP method like "GET".', 16384)
 2 APPPATH\Config\Routes.php(101): CodeIgniter\Router\RouteCollection->match([...], 'sms/gateway', 'SmsController::gateway')
 3 SYSTEMPATH\Router\RouteCollection.php(339): require('D:\\xampp\\htdocs\\FloodGuard\\app\\Config\\Routes.php')
 4 SYSTEMPATH\CodeIgniter.php(821): CodeIgniter\Router\RouteCollection->loadRoutes()
 5 SYSTEMPATH\CodeIgniter.php(455): CodeIgniter\CodeIgniter->tryToRouteIt(null)
 6 SYSTEMPATH\CodeIgniter.php(354): CodeIgniter\CodeIgniter->handleRequest(null, Object(Config\Cache), false)
 7 SYSTEMPATH\Boot.php(334): CodeIgniter\CodeIgniter->run()
 8 SYSTEMPATH\Boot.php(67): CodeIgniter\Boot::runCodeIgniter(Object(CodeIgniter\CodeIgniter))
 9 FCPATH\index.php(59): CodeIgniter\Boot::bootWeb(Object(Config\Paths))
WARNING - 2025-12-04 08:54:02 --> [DEPRECATED] Passing lowercase HTTP method "post" is deprecated. Use uppercase HTTP method like "POST". in SYSTEMPATH\Router\RouteCollection.php on line 1026.
 1 SYSTEMPATH\Router\RouteCollection.php(1026): trigger_error('Passing lowercase HTTP method "post" is deprecated. Use uppercase HTTP method like "POST".', 16384)
 2 APPPATH\Config\Routes.php(101): CodeIgniter\Router\RouteCollection->match([...], 'sms/gateway', 'SmsController::gateway')
 3 SYSTEMPATH\Router\RouteCollection.php(339): require('D:\\xampp\\htdocs\\FloodGuard\\app\\Config\\Routes.php')
 4 SYSTEMPATH\CodeIgniter.php(821): CodeIgniter\Router\RouteCollection->loadRoutes()
 5 SYSTEMPATH\CodeIgniter.php(455): CodeIgniter\CodeIgniter->tryToRouteIt(null)
 6 SYSTEMPATH\CodeIgniter.php(354): CodeIgniter\CodeIgniter->handleRequest(null, Object(Config\Cache), false)
 7 SYSTEMPATH\Boot.php(334): CodeIgniter\CodeIgniter->run()
 8 SYSTEMPATH\Boot.php(67): CodeIgniter\Boot::runCodeIgniter(Object(CodeIgniter\CodeIgniter))
 9 FCPATH\index.php(59): CodeIgniter\Boot::bootWeb(Object(Config\Paths))
WARNING - 2025-12-04 09:02:14 --> [DEPRECATED] Passing lowercase HTTP method "get" is deprecated. Use uppercase HTTP method like "GET". in SYSTEMPATH\Router\RouteCollection.php on line 1026.
 1 SYSTEMPATH\Router\RouteCollection.php(1026): trigger_error('Passing lowercase HTTP method "get" is deprecated. Use uppercase HTTP method like "GET".', 16384)
 2 APPPATH\Config\Routes.php(101): CodeIgniter\Router\RouteCollection->match([...], 'sms/gateway', 'SmsController::gateway')
 3 SYSTEMPATH\Router\RouteCollection.php(339): require('D:\\xampp\\htdocs\\FloodGuard\\app\\Config\\Routes.php')
 4 SYSTEMPATH\CodeIgniter.php(821): CodeIgniter\Router\RouteCollection->loadRoutes()
 5 SYSTEMPATH\CodeIgniter.php(455): CodeIgniter\CodeIgniter->tryToRouteIt(null)
 6 SYSTEMPATH\CodeIgniter.php(354): CodeIgniter\CodeIgniter->handleRequest(null, Object(Config\Cache), false)
 7 SYSTEMPATH\Boot.php(334): CodeIgniter\CodeIgniter->run()
 8 SYSTEMPATH\Boot.php(67): CodeIgniter\Boot::runCodeIgniter(Object(CodeIgniter\CodeIgniter))
 9 FCPATH\index.php(59): CodeIgniter\Boot::bootWeb(Object(Config\Paths))
WARNING - 2025-12-04 09:02:14 --> [DEPRECATED] Passing lowercase HTTP method "post" is deprecated. Use uppercase HTTP method like "POST". in SYSTEMPATH\Router\RouteCollection.php on line 1026.
 1 SYSTEMPATH\Router\RouteCollection.php(1026): trigger_error('Passing lowercase HTTP method "post" is deprecated. Use uppercase HTTP method like "POST".', 16384)
 2 APPPATH\Config\Routes.php(101): CodeIgniter\Router\RouteCollection->match([...], 'sms/gateway', 'SmsController::gateway')
 3 SYSTEMPATH\Router\RouteCollection.php(339): require('D:\\xampp\\htdocs\\FloodGuard\\app\\Config\\Routes.php')
 4 SYSTEMPATH\CodeIgniter.php(821): CodeIgniter\Router\RouteCollection->loadRoutes()
 5 SYSTEMPATH\CodeIgniter.php(455): CodeIgniter\CodeIgniter->tryToRouteIt(null)
 6 SYSTEMPATH\CodeIgniter.php(354): CodeIgniter\CodeIgniter->handleRequest(null, Object(Config\Cache), false)
 7 SYSTEMPATH\Boot.php(334): CodeIgniter\CodeIgniter->run()
 8 SYSTEMPATH\Boot.php(67): CodeIgniter\Boot::runCodeIgniter(Object(CodeIgniter\CodeIgniter))
 9 FCPATH\index.php(59): CodeIgniter\Boot::bootWeb(Object(Config\Paths))
DEBUG - 2025-12-04 09:02:14 --> Session: Class initialized using 'CodeIgniter\Session\Handlers\FileHandler' driver.
WARNING - 2025-12-04 09:02:14 --> [DEPRECATED] Passing lowercase HTTP method "get" is deprecated. Use uppercase HTTP method like "GET". in SYSTEMPATH\Router\RouteCollection.php on line 1026.
 1 SYSTEMPATH\Router\RouteCollection.php(1026): trigger_error('Passing lowercase HTTP method "get" is deprecated. Use uppercase HTTP method like "GET".', 16384)
 2 APPPATH\Config\Routes.php(101): CodeIgniter\Router\RouteCollection->match([...], 'sms/gateway', 'SmsController::gateway')
 3 SYSTEMPATH\Router\RouteCollection.php(339): require('D:\\xampp\\htdocs\\FloodGuard\\app\\Config\\Routes.php')
 4 SYSTEMPATH\CodeIgniter.php(821): CodeIgniter\Router\RouteCollection->loadRoutes()
 5 SYSTEMPATH\CodeIgniter.php(455): CodeIgniter\CodeIgniter->tryToRouteIt(null)
 6 SYSTEMPATH\CodeIgniter.php(354): CodeIgniter\CodeIgniter->handleRequest(null, Object(Config\Cache), false)
 7 SYSTEMPATH\Boot.php(334): CodeIgniter\CodeIgniter->run()
 8 SYSTEMPATH\Boot.php(67): CodeIgniter\Boot::runCodeIgniter(Object(CodeIgniter\CodeIgniter))
 9 FCPATH\index.php(59): CodeIgniter\Boot::bootWeb(Object(Config\Paths))
WARNING - 2025-12-04 09:02:14 --> [DEPRECATED] Passing lowercase HTTP method "post" is deprecated. Use uppercase HTTP method like "POST". in SYSTEMPATH\Router\RouteCollection.php on line 1026.
 1 SYSTEMPATH\Router\RouteCollection.php(1026): trigger_error('Passing lowercase HTTP method "post" is deprecated. Use uppercase HTTP method like "POST".', 16384)
 2 APPPATH\Config\Routes.php(101): CodeIgniter\Router\RouteCollection->match([...], 'sms/gateway', 'SmsController::gateway')
 3 SYSTEMPATH\Router\RouteCollection.php(339): require('D:\\xampp\\htdocs\\FloodGuard\\app\\Config\\Routes.php')
 4 SYSTEMPATH\CodeIgniter.php(821): CodeIgniter\Router\RouteCollection->loadRoutes()
 5 SYSTEMPATH\CodeIgniter.php(455): CodeIgniter\CodeIgniter->tryToRouteIt(null)
 6 SYSTEMPATH\CodeIgniter.php(354): CodeIgniter\CodeIgniter->handleRequest(null, Object(Config\Cache), false)
 7 SYSTEMPATH\Boot.php(334): CodeIgniter\CodeIgniter->run()
 8 SYSTEMPATH\Boot.php(67): CodeIgniter\Boot::runCodeIgniter(Object(CodeIgniter\CodeIgniter))
 9 FCPATH\index.php(59): CodeIgniter\Boot::bootWeb(Object(Config\Paths))
CRITICAL - 2025-12-04 09:02:22 --> ErrorException: Undefined array key "temp (°C)"
[Method: GET, Route: flood/hourly/data]
in APPPATH\Controllers\FloodPredictor.php on line 306.
 1 APPPATH\Controllers\FloodPredictor.php(306): CodeIgniter\Debug\Exceptions->errorHandler(2, 'Undefined array key "temp (°C)"', 'D:\\xampp\\htdocs\\FloodGuard\\app\\Controllers\\FloodPredictor.php', 306)
 2 SYSTEMPATH\CodeIgniter.php(933): App\Controllers\FloodPredictor->predict_hourly_ajax()
 3 SYSTEMPATH\CodeIgniter.php(507): CodeIgniter\CodeIgniter->runController(Object(App\Controllers\FloodPredictor))
 4 SYSTEMPATH\CodeIgniter.php(354): CodeIgniter\CodeIgniter->handleRequest(null, Object(Config\Cache), false)
 5 SYSTEMPATH\Boot.php(334): CodeIgniter\CodeIgniter->run()
 6 SYSTEMPATH\Boot.php(67): CodeIgniter\Boot::runCodeIgniter(Object(CodeIgniter\CodeIgniter))
 7 FCPATH\index.php(59): CodeIgniter\Boot::bootWeb(Object(Config\Paths))
WARNING - 2025-12-04 09:03:12 --> [DEPRECATED] Passing lowercase HTTP method "get" is deprecated. Use uppercase HTTP method like "GET". in SYSTEMPATH\Router\RouteCollection.php on line 1026.
 1 SYSTEMPATH\Router\RouteCollection.php(1026): trigger_error('Passing lowercase HTTP method "get" is deprecated. Use uppercase HTTP method like "GET".', 16384)
 2 APPPATH\Config\Routes.php(101): CodeIgniter\Router\RouteCollection->match([...], 'sms/gateway', 'SmsController::gateway')
 3 SYSTEMPATH\Router\RouteCollection.php(339): require('D:\\xampp\\htdocs\\FloodGuard\\app\\Config\\Routes.php')
 4 SYSTEMPATH\CodeIgniter.php(821): CodeIgniter\Router\RouteCollection->loadRoutes()
 5 SYSTEMPATH\CodeIgniter.php(455): CodeIgniter\CodeIgniter->tryToRouteIt(null)
 6 SYSTEMPATH\CodeIgniter.php(354): CodeIgniter\CodeIgniter->handleRequest(null, Object(Config\Cache), false)
 7 SYSTEMPATH\Boot.php(334): CodeIgniter\CodeIgniter->run()
 8 SYSTEMPATH\Boot.php(67): CodeIgniter\Boot::runCodeIgniter(Object(CodeIgniter\CodeIgniter))
 9 FCPATH\index.php(59): CodeIgniter\Boot::bootWeb(Object(Config\Paths))
WARNING - 2025-12-04 09:03:12 --> [DEPRECATED] Passing lowercase HTTP method "post" is deprecated. Use uppercase HTTP method like "POST". in SYSTEMPATH\Router\RouteCollection.php on line 1026.
 1 SYSTEMPATH\Router\RouteCollection.php(1026): trigger_error('Passing lowercase HTTP method "post" is deprecated. Use uppercase HTTP method like "POST".', 16384)
 2 APPPATH\Config\Routes.php(101): CodeIgniter\Router\RouteCollection->match([...], 'sms/gateway', 'SmsController::gateway')
 3 SYSTEMPATH\Router\RouteCollection.php(339): require('D:\\xampp\\htdocs\\FloodGuard\\app\\Config\\Routes.php')
 4 SYSTEMPATH\CodeIgniter.php(821): CodeIgniter\Router\RouteCollection->loadRoutes()
 5 SYSTEMPATH\CodeIgniter.php(455): CodeIgniter\CodeIgniter->tryToRouteIt(null)
 6 SYSTEMPATH\CodeIgniter.php(354): CodeIgniter\CodeIgniter->handleRequest(null, Object(Config\Cache), false)
 7 SYSTEMPATH\Boot.php(334): CodeIgniter\CodeIgniter->run()
 8 SYSTEMPATH\Boot.php(67): CodeIgniter\Boot::runCodeIgniter(Object(CodeIgniter\CodeIgniter))
 9 FCPATH\index.php(59): CodeIgniter\Boot::bootWeb(Object(Config\Paths))
DEBUG - 2025-12-04 09:03:12 --> Session: Class initialized using 'CodeIgniter\Session\Handlers\FileHandler' driver.
WARNING - 2025-12-04 09:03:13 --> [DEPRECATED] Passing lowercase HTTP method "get" is deprecated. Use uppercase HTTP method like "GET". in SYSTEMPATH\Router\RouteCollection.php on line 1026.
 1 SYSTEMPATH\Router\RouteCollection.php(1026): trigger_error('Passing lowercase HTTP method "get" is deprecated. Use uppercase HTTP method like "GET".', 16384)
 2 APPPATH\Config\Routes.php(101): CodeIgniter\Router\RouteCollection->match([...], 'sms/gateway', 'SmsController::gateway')
 3 SYSTEMPATH\Router\RouteCollection.php(339): require('D:\\xampp\\htdocs\\FloodGuard\\app\\Config\\Routes.php')
 4 SYSTEMPATH\CodeIgniter.php(821): CodeIgniter\Router\RouteCollection->loadRoutes()
 5 SYSTEMPATH\CodeIgniter.php(455): CodeIgniter\CodeIgniter->tryToRouteIt(null)
 6 SYSTEMPATH\CodeIgniter.php(354): CodeIgniter\CodeIgniter->handleRequest(null, Object(Config\Cache), false)
 7 SYSTEMPATH\Boot.php(334): CodeIgniter\CodeIgniter->run()
 8 SYSTEMPATH\Boot.php(67): CodeIgniter\Boot::runCodeIgniter(Object(CodeIgniter\CodeIgniter))
 9 FCPATH\index.php(59): CodeIgniter\Boot::bootWeb(Object(Config\Paths))
WARNING - 2025-12-04 09:03:13 --> [DEPRECATED] Passing lowercase HTTP method "post" is deprecated. Use uppercase HTTP method like "POST". in SYSTEMPATH\Router\RouteCollection.php on line 1026.
 1 SYSTEMPATH\Router\RouteCollection.php(1026): trigger_error('Passing lowercase HTTP method "post" is deprecated. Use uppercase HTTP method like "POST".', 16384)
 2 APPPATH\Config\Routes.php(101): CodeIgniter\Router\RouteCollection->match([...], 'sms/gateway', 'SmsController::gateway')
 3 SYSTEMPATH\Router\RouteCollection.php(339): require('D:\\xampp\\htdocs\\FloodGuard\\app\\Config\\Routes.php')
 4 SYSTEMPATH\CodeIgniter.php(821): CodeIgniter\Router\RouteCollection->loadRoutes()
 5 SYSTEMPATH\CodeIgniter.php(455): CodeIgniter\CodeIgniter->tryToRouteIt(null)
 6 SYSTEMPATH\CodeIgniter.php(354): CodeIgniter\CodeIgniter->handleRequest(null, Object(Config\Cache), false)
 7 SYSTEMPATH\Boot.php(334): CodeIgniter\CodeIgniter->run()
 8 SYSTEMPATH\Boot.php(67): CodeIgniter\Boot::runCodeIgniter(Object(CodeIgniter\CodeIgniter))
 9 FCPATH\index.php(59): CodeIgniter\Boot::bootWeb(Object(Config\Paths))
CRITICAL - 2025-12-04 09:03:20 --> ErrorException: Undefined array key "temp (°C)"
[Method: GET, Route: flood/hourly/data]
in APPPATH\Controllers\FloodPredictor.php on line 306.
 1 APPPATH\Controllers\FloodPredictor.php(306): CodeIgniter\Debug\Exceptions->errorHandler(2, 'Undefined array key "temp (°C)"', 'D:\\xampp\\htdocs\\FloodGuard\\app\\Controllers\\FloodPredictor.php', 306)
 2 SYSTEMPATH\CodeIgniter.php(933): App\Controllers\FloodPredictor->predict_hourly_ajax()
 3 SYSTEMPATH\CodeIgniter.php(507): CodeIgniter\CodeIgniter->runController(Object(App\Controllers\FloodPredictor))
 4 SYSTEMPATH\CodeIgniter.php(354): CodeIgniter\CodeIgniter->handleRequest(null, Object(Config\Cache), false)
 5 SYSTEMPATH\Boot.php(334): CodeIgniter\CodeIgniter->run()
 6 SYSTEMPATH\Boot.php(67): CodeIgniter\Boot::runCodeIgniter(Object(CodeIgniter\CodeIgniter))
 7 FCPATH\index.php(59): CodeIgniter\Boot::bootWeb(Object(Config\Paths))
WARNING - 2025-12-04 09:03:53 --> [DEPRECATED] Passing lowercase HTTP method "get" is deprecated. Use uppercase HTTP method like "GET". in SYSTEMPATH\Router\RouteCollection.php on line 1026.
 1 SYSTEMPATH\Router\RouteCollection.php(1026): trigger_error('Passing lowercase HTTP method "get" is deprecated. Use uppercase HTTP method like "GET".', 16384)
 2 APPPATH\Config\Routes.php(101): CodeIgniter\Router\RouteCollection->match([...], 'sms/gateway', 'SmsController::gateway')
 3 SYSTEMPATH\Router\RouteCollection.php(339): require('D:\\xampp\\htdocs\\FloodGuard\\app\\Config\\Routes.php')
 4 SYSTEMPATH\CodeIgniter.php(821): CodeIgniter\Router\RouteCollection->loadRoutes()
 5 SYSTEMPATH\CodeIgniter.php(455): CodeIgniter\CodeIgniter->tryToRouteIt(null)
 6 SYSTEMPATH\CodeIgniter.php(354): CodeIgniter\CodeIgniter->handleRequest(null, Object(Config\Cache), false)
 7 SYSTEMPATH\Boot.php(334): CodeIgniter\CodeIgniter->run()
 8 SYSTEMPATH\Boot.php(67): CodeIgniter\Boot::runCodeIgniter(Object(CodeIgniter\CodeIgniter))
 9 FCPATH\index.php(59): CodeIgniter\Boot::bootWeb(Object(Config\Paths))
WARNING - 2025-12-04 09:03:53 --> [DEPRECATED] Passing lowercase HTTP method "post" is deprecated. Use uppercase HTTP method like "POST". in SYSTEMPATH\Router\RouteCollection.php on line 1026.
 1 SYSTEMPATH\Router\RouteCollection.php(1026): trigger_error('Passing lowercase HTTP method "post" is deprecated. Use uppercase HTTP method like "POST".', 16384)
 2 APPPATH\Config\Routes.php(101): CodeIgniter\Router\RouteCollection->match([...], 'sms/gateway', 'SmsController::gateway')
 3 SYSTEMPATH\Router\RouteCollection.php(339): require('D:\\xampp\\htdocs\\FloodGuard\\app\\Config\\Routes.php')
 4 SYSTEMPATH\CodeIgniter.php(821): CodeIgniter\Router\RouteCollection->loadRoutes()
 5 SYSTEMPATH\CodeIgniter.php(455): CodeIgniter\CodeIgniter->tryToRouteIt(null)
 6 SYSTEMPATH\CodeIgniter.php(354): CodeIgniter\CodeIgniter->handleRequest(null, Object(Config\Cache), false)
 7 SYSTEMPATH\Boot.php(334): CodeIgniter\CodeIgniter->run()
 8 SYSTEMPATH\Boot.php(67): CodeIgniter\Boot::runCodeIgniter(Object(CodeIgniter\CodeIgniter))
 9 FCPATH\index.php(59): CodeIgniter\Boot::bootWeb(Object(Config\Paths))
DEBUG - 2025-12-04 09:03:53 --> Session: Class initialized using 'CodeIgniter\Session\Handlers\FileHandler' driver.
WARNING - 2025-12-04 09:03:54 --> [DEPRECATED] Passing lowercase HTTP method "get" is deprecated. Use uppercase HTTP method like "GET". in SYSTEMPATH\Router\RouteCollection.php on line 1026.
 1 SYSTEMPATH\Router\RouteCollection.php(1026): trigger_error('Passing lowercase HTTP method "get" is deprecated. Use uppercase HTTP method like "GET".', 16384)
 2 APPPATH\Config\Routes.php(101): CodeIgniter\Router\RouteCollection->match([...], 'sms/gateway', 'SmsController::gateway')
 3 SYSTEMPATH\Router\RouteCollection.php(339): require('D:\\xampp\\htdocs\\FloodGuard\\app\\Config\\Routes.php')
 4 SYSTEMPATH\CodeIgniter.php(821): CodeIgniter\Router\RouteCollection->loadRoutes()
 5 SYSTEMPATH\CodeIgniter.php(455): CodeIgniter\CodeIgniter->tryToRouteIt(null)
 6 SYSTEMPATH\CodeIgniter.php(354): CodeIgniter\CodeIgniter->handleRequest(null, Object(Config\Cache), false)
 7 SYSTEMPATH\Boot.php(334): CodeIgniter\CodeIgniter->run()
 8 SYSTEMPATH\Boot.php(67): CodeIgniter\Boot::runCodeIgniter(Object(CodeIgniter\CodeIgniter))
 9 FCPATH\index.php(59): CodeIgniter\Boot::bootWeb(Object(Config\Paths))
WARNING - 2025-12-04 09:03:54 --> [DEPRECATED] Passing lowercase HTTP method "post" is deprecated. Use uppercase HTTP method like "POST". in SYSTEMPATH\Router\RouteCollection.php on line 1026.
 1 SYSTEMPATH\Router\RouteCollection.php(1026): trigger_error('Passing lowercase HTTP method "post" is deprecated. Use uppercase HTTP method like "POST".', 16384)
 2 APPPATH\Config\Routes.php(101): CodeIgniter\Router\RouteCollection->match([...], 'sms/gateway', 'SmsController::gateway')
 3 SYSTEMPATH\Router\RouteCollection.php(339): require('D:\\xampp\\htdocs\\FloodGuard\\app\\Config\\Routes.php')
 4 SYSTEMPATH\CodeIgniter.php(821): CodeIgniter\Router\RouteCollection->loadRoutes()
 5 SYSTEMPATH\CodeIgniter.php(455): CodeIgniter\CodeIgniter->tryToRouteIt(null)
 6 SYSTEMPATH\CodeIgniter.php(354): CodeIgniter\CodeIgniter->handleRequest(null, Object(Config\Cache), false)
 7 SYSTEMPATH\Boot.php(334): CodeIgniter\CodeIgniter->run()
 8 SYSTEMPATH\Boot.php(67): CodeIgniter\Boot::runCodeIgniter(Object(CodeIgniter\CodeIgniter))
 9 FCPATH\index.php(59): CodeIgniter\Boot::bootWeb(Object(Config\Paths))
WARNING - 2025-12-04 09:04:30 --> [DEPRECATED] Passing lowercase HTTP method "get" is deprecated. Use uppercase HTTP method like "GET". in SYSTEMPATH\Router\RouteCollection.php on line 1026.
 1 SYSTEMPATH\Router\RouteCollection.php(1026): trigger_error('Passing lowercase HTTP method "get" is deprecated. Use uppercase HTTP method like "GET".', 16384)
 2 APPPATH\Config\Routes.php(101): CodeIgniter\Router\RouteCollection->match([...], 'sms/gateway', 'SmsController::gateway')
 3 SYSTEMPATH\Router\RouteCollection.php(339): require('D:\\xampp\\htdocs\\FloodGuard\\app\\Config\\Routes.php')
 4 SYSTEMPATH\CodeIgniter.php(821): CodeIgniter\Router\RouteCollection->loadRoutes()
 5 SYSTEMPATH\CodeIgniter.php(455): CodeIgniter\CodeIgniter->tryToRouteIt(null)
 6 SYSTEMPATH\CodeIgniter.php(354): CodeIgniter\CodeIgniter->handleRequest(null, Object(Config\Cache), false)
 7 SYSTEMPATH\Boot.php(334): CodeIgniter\CodeIgniter->run()
 8 SYSTEMPATH\Boot.php(67): CodeIgniter\Boot::runCodeIgniter(Object(CodeIgniter\CodeIgniter))
 9 FCPATH\index.php(59): CodeIgniter\Boot::bootWeb(Object(Config\Paths))
WARNING - 2025-12-04 09:04:30 --> [DEPRECATED] Passing lowercase HTTP method "post" is deprecated. Use uppercase HTTP method like "POST". in SYSTEMPATH\Router\RouteCollection.php on line 1026.
 1 SYSTEMPATH\Router\RouteCollection.php(1026): trigger_error('Passing lowercase HTTP method "post" is deprecated. Use uppercase HTTP method like "POST".', 16384)
 2 APPPATH\Config\Routes.php(101): CodeIgniter\Router\RouteCollection->match([...], 'sms/gateway', 'SmsController::gateway')
 3 SYSTEMPATH\Router\RouteCollection.php(339): require('D:\\xampp\\htdocs\\FloodGuard\\app\\Config\\Routes.php')
 4 SYSTEMPATH\CodeIgniter.php(821): CodeIgniter\Router\RouteCollection->loadRoutes()
 5 SYSTEMPATH\CodeIgniter.php(455): CodeIgniter\CodeIgniter->tryToRouteIt(null)
 6 SYSTEMPATH\CodeIgniter.php(354): CodeIgniter\CodeIgniter->handleRequest(null, Object(Config\Cache), false)
 7 SYSTEMPATH\Boot.php(334): CodeIgniter\CodeIgniter->run()
 8 SYSTEMPATH\Boot.php(67): CodeIgniter\Boot::runCodeIgniter(Object(CodeIgniter\CodeIgniter))
 9 FCPATH\index.php(59): CodeIgniter\Boot::bootWeb(Object(Config\Paths))
DEBUG - 2025-12-04 09:04:31 --> Session: Class initialized using 'CodeIgniter\Session\Handlers\FileHandler' driver.
WARNING - 2025-12-04 09:04:34 --> [DEPRECATED] Passing lowercase HTTP method "get" is deprecated. Use uppercase HTTP method like "GET". in SYSTEMPATH\Router\RouteCollection.php on line 1026.
 1 SYSTEMPATH\Router\RouteCollection.php(1026): trigger_error('Passing lowercase HTTP method "get" is deprecated. Use uppercase HTTP method like "GET".', 16384)
 2 APPPATH\Config\Routes.php(101): CodeIgniter\Router\RouteCollection->match([...], 'sms/gateway', 'SmsController::gateway')
 3 SYSTEMPATH\Router\RouteCollection.php(339): require('D:\\xampp\\htdocs\\FloodGuard\\app\\Config\\Routes.php')
 4 SYSTEMPATH\CodeIgniter.php(821): CodeIgniter\Router\RouteCollection->loadRoutes()
 5 SYSTEMPATH\CodeIgniter.php(455): CodeIgniter\CodeIgniter->tryToRouteIt(null)
 6 SYSTEMPATH\CodeIgniter.php(354): CodeIgniter\CodeIgniter->handleRequest(null, Object(Config\Cache), false)
 7 SYSTEMPATH\Boot.php(334): CodeIgniter\CodeIgniter->run()
 8 SYSTEMPATH\Boot.php(67): CodeIgniter\Boot::runCodeIgniter(Object(CodeIgniter\CodeIgniter))
 9 FCPATH\index.php(59): CodeIgniter\Boot::bootWeb(Object(Config\Paths))
WARNING - 2025-12-04 09:04:34 --> [DEPRECATED] Passing lowercase HTTP method "post" is deprecated. Use uppercase HTTP method like "POST". in SYSTEMPATH\Router\RouteCollection.php on line 1026.
 1 SYSTEMPATH\Router\RouteCollection.php(1026): trigger_error('Passing lowercase HTTP method "post" is deprecated. Use uppercase HTTP method like "POST".', 16384)
 2 APPPATH\Config\Routes.php(101): CodeIgniter\Router\RouteCollection->match([...], 'sms/gateway', 'SmsController::gateway')
 3 SYSTEMPATH\Router\RouteCollection.php(339): require('D:\\xampp\\htdocs\\FloodGuard\\app\\Config\\Routes.php')
 4 SYSTEMPATH\CodeIgniter.php(821): CodeIgniter\Router\RouteCollection->loadRoutes()
 5 SYSTEMPATH\CodeIgniter.php(455): CodeIgniter\CodeIgniter->tryToRouteIt(null)
 6 SYSTEMPATH\CodeIgniter.php(354): CodeIgniter\CodeIgniter->handleRequest(null, Object(Config\Cache), false)
 7 SYSTEMPATH\Boot.php(334): CodeIgniter\CodeIgniter->run()
 8 SYSTEMPATH\Boot.php(67): CodeIgniter\Boot::runCodeIgniter(Object(CodeIgniter\CodeIgniter))
 9 FCPATH\index.php(59): CodeIgniter\Boot::bootWeb(Object(Config\Paths))
WARNING - 2025-12-04 09:05:00 --> [DEPRECATED] Passing lowercase HTTP method "get" is deprecated. Use uppercase HTTP method like "GET". in SYSTEMPATH\Router\RouteCollection.php on line 1026.
 1 SYSTEMPATH\Router\RouteCollection.php(1026): trigger_error('Passing lowercase HTTP method "get" is deprecated. Use uppercase HTTP method like "GET".', 16384)
 2 APPPATH\Config\Routes.php(101): CodeIgniter\Router\RouteCollection->match([...], 'sms/gateway', 'SmsController::gateway')
 3 SYSTEMPATH\Router\RouteCollection.php(339): require('D:\\xampp\\htdocs\\FloodGuard\\app\\Config\\Routes.php')
 4 SYSTEMPATH\CodeIgniter.php(821): CodeIgniter\Router\RouteCollection->loadRoutes()
 5 SYSTEMPATH\CodeIgniter.php(455): CodeIgniter\CodeIgniter->tryToRouteIt(null)
 6 SYSTEMPATH\CodeIgniter.php(354): CodeIgniter\CodeIgniter->handleRequest(null, Object(Config\Cache), false)
 7 SYSTEMPATH\Boot.php(334): CodeIgniter\CodeIgniter->run()
 8 SYSTEMPATH\Boot.php(67): CodeIgniter\Boot::runCodeIgniter(Object(CodeIgniter\CodeIgniter))
 9 FCPATH\index.php(59): CodeIgniter\Boot::bootWeb(Object(Config\Paths))
WARNING - 2025-12-04 09:05:00 --> [DEPRECATED] Passing lowercase HTTP method "post" is deprecated. Use uppercase HTTP method like "POST". in SYSTEMPATH\Router\RouteCollection.php on line 1026.
 1 SYSTEMPATH\Router\RouteCollection.php(1026): trigger_error('Passing lowercase HTTP method "post" is deprecated. Use uppercase HTTP method like "POST".', 16384)
 2 APPPATH\Config\Routes.php(101): CodeIgniter\Router\RouteCollection->match([...], 'sms/gateway', 'SmsController::gateway')
 3 SYSTEMPATH\Router\RouteCollection.php(339): require('D:\\xampp\\htdocs\\FloodGuard\\app\\Config\\Routes.php')
 4 SYSTEMPATH\CodeIgniter.php(821): CodeIgniter\Router\RouteCollection->loadRoutes()
 5 SYSTEMPATH\CodeIgniter.php(455): CodeIgniter\CodeIgniter->tryToRouteIt(null)
 6 SYSTEMPATH\CodeIgniter.php(354): CodeIgniter\CodeIgniter->handleRequest(null, Object(Config\Cache), false)
 7 SYSTEMPATH\Boot.php(334): CodeIgniter\CodeIgniter->run()
 8 SYSTEMPATH\Boot.php(67): CodeIgniter\Boot::runCodeIgniter(Object(CodeIgniter\CodeIgniter))
 9 FCPATH\index.php(59): CodeIgniter\Boot::bootWeb(Object(Config\Paths))
WARNING - 2025-12-04 11:35:29 --> [DEPRECATED] Passing lowercase HTTP method "get" is deprecated. Use uppercase HTTP method like "GET". in SYSTEMPATH\Router\RouteCollection.php on line 1026.
 1 SYSTEMPATH\Router\RouteCollection.php(1026): trigger_error('Passing lowercase HTTP method "get" is deprecated. Use uppercase HTTP method like "GET".', 16384)
 2 APPPATH\Config\Routes.php(101): CodeIgniter\Router\RouteCollection->match([...], 'sms/gateway', 'SmsController::gateway')
 3 SYSTEMPATH\Router\RouteCollection.php(339): require('D:\\xampp\\htdocs\\FloodGuard\\app\\Config\\Routes.php')
 4 SYSTEMPATH\CodeIgniter.php(821): CodeIgniter\Router\RouteCollection->loadRoutes()
 5 SYSTEMPATH\CodeIgniter.php(455): CodeIgniter\CodeIgniter->tryToRouteIt(null)
 6 SYSTEMPATH\CodeIgniter.php(354): CodeIgniter\CodeIgniter->handleRequest(null, Object(Config\Cache), false)
 7 SYSTEMPATH\Boot.php(334): CodeIgniter\CodeIgniter->run()
 8 SYSTEMPATH\Boot.php(67): CodeIgniter\Boot::runCodeIgniter(Object(CodeIgniter\CodeIgniter))
 9 FCPATH\index.php(59): CodeIgniter\Boot::bootWeb(Object(Config\Paths))
WARNING - 2025-12-04 11:35:29 --> [DEPRECATED] Passing lowercase HTTP method "post" is deprecated. Use uppercase HTTP method like "POST". in SYSTEMPATH\Router\RouteCollection.php on line 1026.
 1 SYSTEMPATH\Router\RouteCollection.php(1026): trigger_error('Passing lowercase HTTP method "post" is deprecated. Use uppercase HTTP method like "POST".', 16384)
 2 APPPATH\Config\Routes.php(101): CodeIgniter\Router\RouteCollection->match([...], 'sms/gateway', 'SmsController::gateway')
 3 SYSTEMPATH\Router\RouteCollection.php(339): require('D:\\xampp\\htdocs\\FloodGuard\\app\\Config\\Routes.php')
 4 SYSTEMPATH\CodeIgniter.php(821): CodeIgniter\Router\RouteCollection->loadRoutes()
 5 SYSTEMPATH\CodeIgniter.php(455): CodeIgniter\CodeIgniter->tryToRouteIt(null)
 6 SYSTEMPATH\CodeIgniter.php(354): CodeIgniter\CodeIgniter->handleRequest(null, Object(Config\Cache), false)
 7 SYSTEMPATH\Boot.php(334): CodeIgniter\CodeIgniter->run()
 8 SYSTEMPATH\Boot.php(67): CodeIgniter\Boot::runCodeIgniter(Object(CodeIgniter\CodeIgniter))
 9 FCPATH\index.php(59): CodeIgniter\Boot::bootWeb(Object(Config\Paths))
CRITICAL - 2025-12-04 19:35:45 --> CodeIgniter\HTTP\Exceptions\HTTPException: 6 : Could not resolve host: api.open-meteo.com
[Method: CLI, Route: autopost]
in SYSTEMPATH\HTTP\CURLRequest.php on line 711.
 1 SYSTEMPATH\HTTP\CURLRequest.php(711): CodeIgniter\HTTP\Exceptions\HTTPException::forCurlError('6', 'Could not resolve host: api.open-meteo.com')
 2 SYSTEMPATH\HTTP\CURLRequest.php(381): CodeIgniter\HTTP\CURLRequest->sendRequest([...])
 3 SYSTEMPATH\HTTP\CURLRequest.php(150): CodeIgniter\HTTP\CURLRequest->send('GET', 'https://api.open-meteo.com/v1/forecast?latitude=14.657293&longitude=121.11524&hourly=weather_code,rain,temperature_2m,soil_moisture_0_to_7cm,wind_gusts_10m&timezone=auto&start_date=2025-12-03&end_date=2025-12-05')
 4 SYSTEMPATH\HTTP\CURLRequest.php(185): CodeIgniter\HTTP\CURLRequest->request('GET', 'https://api.open-meteo.com/v1/forecast?latitude=14.657293&longitude=121.11524&hourly=weather_code,rain,temperature_2m,soil_moisture_0_to_7cm,wind_gusts_10m&timezone=auto&start_date=2025-12-03&end_date=2025-12-05', [])
 5 APPPATH\Controllers\AutoPost.php(89): CodeIgniter\HTTP\CURLRequest->get('https://api.open-meteo.com/v1/forecast?latitude=14.657293&longitude=121.11524&hourly=weather_code,rain,temperature_2m,soil_moisture_0_to_7cm,wind_gusts_10m&timezone=auto&start_date=2025-12-03&end_date=2025-12-05')
 6 APPPATH\Controllers\AutoPost.php(44): App\Controllers\AutoPost->getHourlyData()
 7 SYSTEMPATH\CodeIgniter.php(933): App\Controllers\AutoPost->index()
 8 SYSTEMPATH\CodeIgniter.php(507): CodeIgniter\CodeIgniter->runController(Object(App\Controllers\AutoPost))
 9 SYSTEMPATH\CodeIgniter.php(354): CodeIgniter\CodeIgniter->handleRequest(null, Object(Config\Cache), false)
10 SYSTEMPATH\Boot.php(334): CodeIgniter\CodeIgniter->run()
11 SYSTEMPATH\Boot.php(67): CodeIgniter\Boot::runCodeIgniter(Object(CodeIgniter\CodeIgniter))
12 FCPATH\index.php(59): CodeIgniter\Boot::bootWeb(Object(Config\Paths))
WARNING - 2025-12-04 12:05:00 --> [DEPRECATED] Passing lowercase HTTP method "get" is deprecated. Use uppercase HTTP method like "GET". in SYSTEMPATH\Router\RouteCollection.php on line 1026.
 1 SYSTEMPATH\Router\RouteCollection.php(1026): trigger_error('Passing lowercase HTTP method "get" is deprecated. Use uppercase HTTP method like "GET".', 16384)
 2 APPPATH\Config\Routes.php(101): CodeIgniter\Router\RouteCollection->match([...], 'sms/gateway', 'SmsController::gateway')
 3 SYSTEMPATH\Router\RouteCollection.php(339): require('D:\\xampp\\htdocs\\FloodGuard\\app\\Config\\Routes.php')
 4 SYSTEMPATH\CodeIgniter.php(821): CodeIgniter\Router\RouteCollection->loadRoutes()
 5 SYSTEMPATH\CodeIgniter.php(455): CodeIgniter\CodeIgniter->tryToRouteIt(null)
 6 SYSTEMPATH\CodeIgniter.php(354): CodeIgniter\CodeIgniter->handleRequest(null, Object(Config\Cache), false)
 7 SYSTEMPATH\Boot.php(334): CodeIgniter\CodeIgniter->run()
 8 SYSTEMPATH\Boot.php(67): CodeIgniter\Boot::runCodeIgniter(Object(CodeIgniter\CodeIgniter))
 9 FCPATH\index.php(59): CodeIgniter\Boot::bootWeb(Object(Config\Paths))
WARNING - 2025-12-04 12:05:00 --> [DEPRECATED] Passing lowercase HTTP method "post" is deprecated. Use uppercase HTTP method like "POST". in SYSTEMPATH\Router\RouteCollection.php on line 1026.
 1 SYSTEMPATH\Router\RouteCollection.php(1026): trigger_error('Passing lowercase HTTP method "post" is deprecated. Use uppercase HTTP method like "POST".', 16384)
 2 APPPATH\Config\Routes.php(101): CodeIgniter\Router\RouteCollection->match([...], 'sms/gateway', 'SmsController::gateway')
 3 SYSTEMPATH\Router\RouteCollection.php(339): require('D:\\xampp\\htdocs\\FloodGuard\\app\\Config\\Routes.php')
 4 SYSTEMPATH\CodeIgniter.php(821): CodeIgniter\Router\RouteCollection->loadRoutes()
 5 SYSTEMPATH\CodeIgniter.php(455): CodeIgniter\CodeIgniter->tryToRouteIt(null)
 6 SYSTEMPATH\CodeIgniter.php(354): CodeIgniter\CodeIgniter->handleRequest(null, Object(Config\Cache), false)
 7 SYSTEMPATH\Boot.php(334): CodeIgniter\CodeIgniter->run()
 8 SYSTEMPATH\Boot.php(67): CodeIgniter\Boot::runCodeIgniter(Object(CodeIgniter\CodeIgniter))
 9 FCPATH\index.php(59): CodeIgniter\Boot::bootWeb(Object(Config\Paths))
WARNING - 2025-12-04 13:05:17 --> [DEPRECATED] Passing lowercase HTTP method "get" is deprecated. Use uppercase HTTP method like "GET". in SYSTEMPATH\Router\RouteCollection.php on line 1026.
 1 SYSTEMPATH\Router\RouteCollection.php(1026): trigger_error('Passing lowercase HTTP method "get" is deprecated. Use uppercase HTTP method like "GET".', 16384)
 2 APPPATH\Config\Routes.php(101): CodeIgniter\Router\RouteCollection->match([...], 'sms/gateway', 'SmsController::gateway')
 3 SYSTEMPATH\Router\RouteCollection.php(339): require('D:\\xampp\\htdocs\\FloodGuard\\app\\Config\\Routes.php')
 4 SYSTEMPATH\CodeIgniter.php(821): CodeIgniter\Router\RouteCollection->loadRoutes()
 5 SYSTEMPATH\CodeIgniter.php(455): CodeIgniter\CodeIgniter->tryToRouteIt(null)
 6 SYSTEMPATH\CodeIgniter.php(354): CodeIgniter\CodeIgniter->handleRequest(null, Object(Config\Cache), false)
 7 SYSTEMPATH\Boot.php(334): CodeIgniter\CodeIgniter->run()
 8 SYSTEMPATH\Boot.php(67): CodeIgniter\Boot::runCodeIgniter(Object(CodeIgniter\CodeIgniter))
 9 FCPATH\index.php(59): CodeIgniter\Boot::bootWeb(Object(Config\Paths))
WARNING - 2025-12-04 13:05:17 --> [DEPRECATED] Passing lowercase HTTP method "post" is deprecated. Use uppercase HTTP method like "POST". in SYSTEMPATH\Router\RouteCollection.php on line 1026.
 1 SYSTEMPATH\Router\RouteCollection.php(1026): trigger_error('Passing lowercase HTTP method "post" is deprecated. Use uppercase HTTP method like "POST".', 16384)
 2 APPPATH\Config\Routes.php(101): CodeIgniter\Router\RouteCollection->match([...], 'sms/gateway', 'SmsController::gateway')
 3 SYSTEMPATH\Router\RouteCollection.php(339): require('D:\\xampp\\htdocs\\FloodGuard\\app\\Config\\Routes.php')
 4 SYSTEMPATH\CodeIgniter.php(821): CodeIgniter\Router\RouteCollection->loadRoutes()
 5 SYSTEMPATH\CodeIgniter.php(455): CodeIgniter\CodeIgniter->tryToRouteIt(null)
 6 SYSTEMPATH\CodeIgniter.php(354): CodeIgniter\CodeIgniter->handleRequest(null, Object(Config\Cache), false)
 7 SYSTEMPATH\Boot.php(334): CodeIgniter\CodeIgniter->run()
 8 SYSTEMPATH\Boot.php(67): CodeIgniter\Boot::runCodeIgniter(Object(CodeIgniter\CodeIgniter))
 9 FCPATH\index.php(59): CodeIgniter\Boot::bootWeb(Object(Config\Paths))
WARNING - 2025-12-04 13:20:20 --> [DEPRECATED] Passing lowercase HTTP method "get" is deprecated. Use uppercase HTTP method like "GET". in SYSTEMPATH\Router\RouteCollection.php on line 1026.
 1 SYSTEMPATH\Router\RouteCollection.php(1026): trigger_error('Passing lowercase HTTP method "get" is deprecated. Use uppercase HTTP method like "GET".', 16384)
 2 APPPATH\Config\Routes.php(101): CodeIgniter\Router\RouteCollection->match([...], 'sms/gateway', 'SmsController::gateway')
 3 SYSTEMPATH\Router\RouteCollection.php(339): require('D:\\xampp\\htdocs\\FloodGuard\\app\\Config\\Routes.php')
 4 SYSTEMPATH\CodeIgniter.php(821): CodeIgniter\Router\RouteCollection->loadRoutes()
 5 SYSTEMPATH\CodeIgniter.php(455): CodeIgniter\CodeIgniter->tryToRouteIt(null)
 6 SYSTEMPATH\CodeIgniter.php(354): CodeIgniter\CodeIgniter->handleRequest(null, Object(Config\Cache), false)
 7 SYSTEMPATH\Boot.php(334): CodeIgniter\CodeIgniter->run()
 8 SYSTEMPATH\Boot.php(67): CodeIgniter\Boot::runCodeIgniter(Object(CodeIgniter\CodeIgniter))
 9 FCPATH\index.php(59): CodeIgniter\Boot::bootWeb(Object(Config\Paths))
WARNING - 2025-12-04 13:20:20 --> [DEPRECATED] Passing lowercase HTTP method "post" is deprecated. Use uppercase HTTP method like "POST". in SYSTEMPATH\Router\RouteCollection.php on line 1026.
 1 SYSTEMPATH\Router\RouteCollection.php(1026): trigger_error('Passing lowercase HTTP method "post" is deprecated. Use uppercase HTTP method like "POST".', 16384)
 2 APPPATH\Config\Routes.php(101): CodeIgniter\Router\RouteCollection->match([...], 'sms/gateway', 'SmsController::gateway')
 3 SYSTEMPATH\Router\RouteCollection.php(339): require('D:\\xampp\\htdocs\\FloodGuard\\app\\Config\\Routes.php')
 4 SYSTEMPATH\CodeIgniter.php(821): CodeIgniter\Router\RouteCollection->loadRoutes()
 5 SYSTEMPATH\CodeIgniter.php(455): CodeIgniter\CodeIgniter->tryToRouteIt(null)
 6 SYSTEMPATH\CodeIgniter.php(354): CodeIgniter\CodeIgniter->handleRequest(null, Object(Config\Cache), false)
 7 SYSTEMPATH\Boot.php(334): CodeIgniter\CodeIgniter->run()
 8 SYSTEMPATH\Boot.php(67): CodeIgniter\Boot::runCodeIgniter(Object(CodeIgniter\CodeIgniter))
 9 FCPATH\index.php(59): CodeIgniter\Boot::bootWeb(Object(Config\Paths))
DEBUG - 2025-12-04 13:20:20 --> Session: Class initialized using 'CodeIgniter\Session\Handlers\FileHandler' driver.
WARNING - 2025-12-04 13:20:21 --> [DEPRECATED] Passing lowercase HTTP method "get" is deprecated. Use uppercase HTTP method like "GET". in SYSTEMPATH\Router\RouteCollection.php on line 1026.
 1 SYSTEMPATH\Router\RouteCollection.php(1026): trigger_error('Passing lowercase HTTP method "get" is deprecated. Use uppercase HTTP method like "GET".', 16384)
 2 APPPATH\Config\Routes.php(101): CodeIgniter\Router\RouteCollection->match([...], 'sms/gateway', 'SmsController::gateway')
 3 SYSTEMPATH\Router\RouteCollection.php(339): require('D:\\xampp\\htdocs\\FloodGuard\\app\\Config\\Routes.php')
 4 SYSTEMPATH\CodeIgniter.php(821): CodeIgniter\Router\RouteCollection->loadRoutes()
 5 SYSTEMPATH\CodeIgniter.php(455): CodeIgniter\CodeIgniter->tryToRouteIt(null)
 6 SYSTEMPATH\CodeIgniter.php(354): CodeIgniter\CodeIgniter->handleRequest(null, Object(Config\Cache), false)
 7 SYSTEMPATH\Boot.php(334): CodeIgniter\CodeIgniter->run()
 8 SYSTEMPATH\Boot.php(67): CodeIgniter\Boot::runCodeIgniter(Object(CodeIgniter\CodeIgniter))
 9 FCPATH\index.php(59): CodeIgniter\Boot::bootWeb(Object(Config\Paths))
WARNING - 2025-12-04 13:20:21 --> [DEPRECATED] Passing lowercase HTTP method "post" is deprecated. Use uppercase HTTP method like "POST". in SYSTEMPATH\Router\RouteCollection.php on line 1026.
 1 SYSTEMPATH\Router\RouteCollection.php(1026): trigger_error('Passing lowercase HTTP method "post" is deprecated. Use uppercase HTTP method like "POST".', 16384)
 2 APPPATH\Config\Routes.php(101): CodeIgniter\Router\RouteCollection->match([...], 'sms/gateway', 'SmsController::gateway')
 3 SYSTEMPATH\Router\RouteCollection.php(339): require('D:\\xampp\\htdocs\\FloodGuard\\app\\Config\\Routes.php')
 4 SYSTEMPATH\CodeIgniter.php(821): CodeIgniter\Router\RouteCollection->loadRoutes()
 5 SYSTEMPATH\CodeIgniter.php(455): CodeIgniter\CodeIgniter->tryToRouteIt(null)
 6 SYSTEMPATH\CodeIgniter.php(354): CodeIgniter\CodeIgniter->handleRequest(null, Object(Config\Cache), false)
 7 SYSTEMPATH\Boot.php(334): CodeIgniter\CodeIgniter->run()
 8 SYSTEMPATH\Boot.php(67): CodeIgniter\Boot::runCodeIgniter(Object(CodeIgniter\CodeIgniter))
 9 FCPATH\index.php(59): CodeIgniter\Boot::bootWeb(Object(Config\Paths))
WARNING - 2025-12-04 13:28:43 --> [DEPRECATED] Passing lowercase HTTP method "get" is deprecated. Use uppercase HTTP method like "GET". in SYSTEMPATH\Router\RouteCollection.php on line 1026.
 1 SYSTEMPATH\Router\RouteCollection.php(1026): trigger_error('Passing lowercase HTTP method "get" is deprecated. Use uppercase HTTP method like "GET".', 16384)
 2 APPPATH\Config\Routes.php(101): CodeIgniter\Router\RouteCollection->match([...], 'sms/gateway', 'SmsController::gateway')
 3 SYSTEMPATH\Router\RouteCollection.php(339): require('D:\\xampp\\htdocs\\FloodGuard\\app\\Config\\Routes.php')
 4 SYSTEMPATH\CodeIgniter.php(821): CodeIgniter\Router\RouteCollection->loadRoutes()
 5 SYSTEMPATH\CodeIgniter.php(455): CodeIgniter\CodeIgniter->tryToRouteIt(null)
 6 SYSTEMPATH\CodeIgniter.php(354): CodeIgniter\CodeIgniter->handleRequest(null, Object(Config\Cache), false)
 7 SYSTEMPATH\Boot.php(334): CodeIgniter\CodeIgniter->run()
 8 SYSTEMPATH\Boot.php(67): CodeIgniter\Boot::runCodeIgniter(Object(CodeIgniter\CodeIgniter))
 9 FCPATH\index.php(59): CodeIgniter\Boot::bootWeb(Object(Config\Paths))
WARNING - 2025-12-04 13:28:43 --> [DEPRECATED] Passing lowercase HTTP method "post" is deprecated. Use uppercase HTTP method like "POST". in SYSTEMPATH\Router\RouteCollection.php on line 1026.
 1 SYSTEMPATH\Router\RouteCollection.php(1026): trigger_error('Passing lowercase HTTP method "post" is deprecated. Use uppercase HTTP method like "POST".', 16384)
 2 APPPATH\Config\Routes.php(101): CodeIgniter\Router\RouteCollection->match([...], 'sms/gateway', 'SmsController::gateway')
 3 SYSTEMPATH\Router\RouteCollection.php(339): require('D:\\xampp\\htdocs\\FloodGuard\\app\\Config\\Routes.php')
 4 SYSTEMPATH\CodeIgniter.php(821): CodeIgniter\Router\RouteCollection->loadRoutes()
 5 SYSTEMPATH\CodeIgniter.php(455): CodeIgniter\CodeIgniter->tryToRouteIt(null)
 6 SYSTEMPATH\CodeIgniter.php(354): CodeIgniter\CodeIgniter->handleRequest(null, Object(Config\Cache), false)
 7 SYSTEMPATH\Boot.php(334): CodeIgniter\CodeIgniter->run()
 8 SYSTEMPATH\Boot.php(67): CodeIgniter\Boot::runCodeIgniter(Object(CodeIgniter\CodeIgniter))
 9 FCPATH\index.php(59): CodeIgniter\Boot::bootWeb(Object(Config\Paths))
DEBUG - 2025-12-04 13:28:43 --> Session: Class initialized using 'CodeIgniter\Session\Handlers\FileHandler' driver.
WARNING - 2025-12-04 13:28:44 --> [DEPRECATED] Passing lowercase HTTP method "get" is deprecated. Use uppercase HTTP method like "GET". in SYSTEMPATH\Router\RouteCollection.php on line 1026.
 1 SYSTEMPATH\Router\RouteCollection.php(1026): trigger_error('Passing lowercase HTTP method "get" is deprecated. Use uppercase HTTP method like "GET".', 16384)
 2 APPPATH\Config\Routes.php(101): CodeIgniter\Router\RouteCollection->match([...], 'sms/gateway', 'SmsController::gateway')
 3 SYSTEMPATH\Router\RouteCollection.php(339): require('D:\\xampp\\htdocs\\FloodGuard\\app\\Config\\Routes.php')
 4 SYSTEMPATH\CodeIgniter.php(821): CodeIgniter\Router\RouteCollection->loadRoutes()
 5 SYSTEMPATH\CodeIgniter.php(455): CodeIgniter\CodeIgniter->tryToRouteIt(null)
 6 SYSTEMPATH\CodeIgniter.php(354): CodeIgniter\CodeIgniter->handleRequest(null, Object(Config\Cache), false)
 7 SYSTEMPATH\Boot.php(334): CodeIgniter\CodeIgniter->run()
 8 SYSTEMPATH\Boot.php(67): CodeIgniter\Boot::runCodeIgniter(Object(CodeIgniter\CodeIgniter))
 9 FCPATH\index.php(59): CodeIgniter\Boot::bootWeb(Object(Config\Paths))
WARNING - 2025-12-04 13:28:44 --> [DEPRECATED] Passing lowercase HTTP method "post" is deprecated. Use uppercase HTTP method like "POST". in SYSTEMPATH\Router\RouteCollection.php on line 1026.
 1 SYSTEMPATH\Router\RouteCollection.php(1026): trigger_error('Passing lowercase HTTP method "post" is deprecated. Use uppercase HTTP method like "POST".', 16384)
 2 APPPATH\Config\Routes.php(101): CodeIgniter\Router\RouteCollection->match([...], 'sms/gateway', 'SmsController::gateway')
 3 SYSTEMPATH\Router\RouteCollection.php(339): require('D:\\xampp\\htdocs\\FloodGuard\\app\\Config\\Routes.php')
 4 SYSTEMPATH\CodeIgniter.php(821): CodeIgniter\Router\RouteCollection->loadRoutes()
 5 SYSTEMPATH\CodeIgniter.php(455): CodeIgniter\CodeIgniter->tryToRouteIt(null)
 6 SYSTEMPATH\CodeIgniter.php(354): CodeIgniter\CodeIgniter->handleRequest(null, Object(Config\Cache), false)
 7 SYSTEMPATH\Boot.php(334): CodeIgniter\CodeIgniter->run()
 8 SYSTEMPATH\Boot.php(67): CodeIgniter\Boot::runCodeIgniter(Object(CodeIgniter\CodeIgniter))
 9 FCPATH\index.php(59): CodeIgniter\Boot::bootWeb(Object(Config\Paths))
DEBUG - 2025-12-04 13:28:44 --> Session: Class initialized using 'CodeIgniter\Session\Handlers\FileHandler' driver.
WARNING - 2025-12-04 13:28:48 --> [DEPRECATED] Passing lowercase HTTP method "get" is deprecated. Use uppercase HTTP method like "GET". in SYSTEMPATH\Router\RouteCollection.php on line 1026.
 1 SYSTEMPATH\Router\RouteCollection.php(1026): trigger_error('Passing lowercase HTTP method "get" is deprecated. Use uppercase HTTP method like "GET".', 16384)
 2 APPPATH\Config\Routes.php(101): CodeIgniter\Router\RouteCollection->match([...], 'sms/gateway', 'SmsController::gateway')
 3 SYSTEMPATH\Router\RouteCollection.php(339): require('D:\\xampp\\htdocs\\FloodGuard\\app\\Config\\Routes.php')
 4 SYSTEMPATH\CodeIgniter.php(821): CodeIgniter\Router\RouteCollection->loadRoutes()
 5 SYSTEMPATH\CodeIgniter.php(455): CodeIgniter\CodeIgniter->tryToRouteIt(null)
 6 SYSTEMPATH\CodeIgniter.php(354): CodeIgniter\CodeIgniter->handleRequest(null, Object(Config\Cache), false)
 7 SYSTEMPATH\Boot.php(334): CodeIgniter\CodeIgniter->run()
 8 SYSTEMPATH\Boot.php(67): CodeIgniter\Boot::runCodeIgniter(Object(CodeIgniter\CodeIgniter))
 9 FCPATH\index.php(59): CodeIgniter\Boot::bootWeb(Object(Config\Paths))
WARNING - 2025-12-04 13:28:48 --> [DEPRECATED] Passing lowercase HTTP method "post" is deprecated. Use uppercase HTTP method like "POST". in SYSTEMPATH\Router\RouteCollection.php on line 1026.
 1 SYSTEMPATH\Router\RouteCollection.php(1026): trigger_error('Passing lowercase HTTP method "post" is deprecated. Use uppercase HTTP method like "POST".', 16384)
 2 APPPATH\Config\Routes.php(101): CodeIgniter\Router\RouteCollection->match([...], 'sms/gateway', 'SmsController::gateway')
 3 SYSTEMPATH\Router\RouteCollection.php(339): require('D:\\xampp\\htdocs\\FloodGuard\\app\\Config\\Routes.php')
 4 SYSTEMPATH\CodeIgniter.php(821): CodeIgniter\Router\RouteCollection->loadRoutes()
 5 SYSTEMPATH\CodeIgniter.php(455): CodeIgniter\CodeIgniter->tryToRouteIt(null)
 6 SYSTEMPATH\CodeIgniter.php(354): CodeIgniter\CodeIgniter->handleRequest(null, Object(Config\Cache), false)
 7 SYSTEMPATH\Boot.php(334): CodeIgniter\CodeIgniter->run()
 8 SYSTEMPATH\Boot.php(67): CodeIgniter\Boot::runCodeIgniter(Object(CodeIgniter\CodeIgniter))
 9 FCPATH\index.php(59): CodeIgniter\Boot::bootWeb(Object(Config\Paths))
DEBUG - 2025-12-04 13:28:48 --> Session: Class initialized using 'CodeIgniter\Session\Handlers\FileHandler' driver.
WARNING - 2025-12-04 13:28:49 --> [DEPRECATED] Passing lowercase HTTP method "get" is deprecated. Use uppercase HTTP method like "GET". in SYSTEMPATH\Router\RouteCollection.php on line 1026.
 1 SYSTEMPATH\Router\RouteCollection.php(1026): trigger_error('Passing lowercase HTTP method "get" is deprecated. Use uppercase HTTP method like "GET".', 16384)
 2 APPPATH\Config\Routes.php(101): CodeIgniter\Router\RouteCollection->match([...], 'sms/gateway', 'SmsController::gateway')
 3 SYSTEMPATH\Router\RouteCollection.php(339): require('D:\\xampp\\htdocs\\FloodGuard\\app\\Config\\Routes.php')
 4 SYSTEMPATH\CodeIgniter.php(821): CodeIgniter\Router\RouteCollection->loadRoutes()
 5 SYSTEMPATH\CodeIgniter.php(455): CodeIgniter\CodeIgniter->tryToRouteIt(null)
 6 SYSTEMPATH\CodeIgniter.php(354): CodeIgniter\CodeIgniter->handleRequest(null, Object(Config\Cache), false)
 7 SYSTEMPATH\Boot.php(334): CodeIgniter\CodeIgniter->run()
 8 SYSTEMPATH\Boot.php(67): CodeIgniter\Boot::runCodeIgniter(Object(CodeIgniter\CodeIgniter))
 9 FCPATH\index.php(59): CodeIgniter\Boot::bootWeb(Object(Config\Paths))
WARNING - 2025-12-04 13:28:49 --> [DEPRECATED] Passing lowercase HTTP method "post" is deprecated. Use uppercase HTTP method like "POST". in SYSTEMPATH\Router\RouteCollection.php on line 1026.
 1 SYSTEMPATH\Router\RouteCollection.php(1026): trigger_error('Passing lowercase HTTP method "post" is deprecated. Use uppercase HTTP method like "POST".', 16384)
 2 APPPATH\Config\Routes.php(101): CodeIgniter\Router\RouteCollection->match([...], 'sms/gateway', 'SmsController::gateway')
 3 SYSTEMPATH\Router\RouteCollection.php(339): require('D:\\xampp\\htdocs\\FloodGuard\\app\\Config\\Routes.php')
 4 SYSTEMPATH\CodeIgniter.php(821): CodeIgniter\Router\RouteCollection->loadRoutes()
 5 SYSTEMPATH\CodeIgniter.php(455): CodeIgniter\CodeIgniter->tryToRouteIt(null)
 6 SYSTEMPATH\CodeIgniter.php(354): CodeIgniter\CodeIgniter->handleRequest(null, Object(Config\Cache), false)
 7 SYSTEMPATH\Boot.php(334): CodeIgniter\CodeIgniter->run()
 8 SYSTEMPATH\Boot.php(67): CodeIgniter\Boot::runCodeIgniter(Object(CodeIgniter\CodeIgniter))
 9 FCPATH\index.php(59): CodeIgniter\Boot::bootWeb(Object(Config\Paths))
DEBUG - 2025-12-04 13:28:49 --> Session: Class initialized using 'CodeIgniter\Session\Handlers\FileHandler' driver.
WARNING - 2025-12-04 13:28:51 --> [DEPRECATED] Passing lowercase HTTP method "get" is deprecated. Use uppercase HTTP method like "GET". in SYSTEMPATH\Router\RouteCollection.php on line 1026.
 1 SYSTEMPATH\Router\RouteCollection.php(1026): trigger_error('Passing lowercase HTTP method "get" is deprecated. Use uppercase HTTP method like "GET".', 16384)
 2 APPPATH\Config\Routes.php(101): CodeIgniter\Router\RouteCollection->match([...], 'sms/gateway', 'SmsController::gateway')
 3 SYSTEMPATH\Router\RouteCollection.php(339): require('D:\\xampp\\htdocs\\FloodGuard\\app\\Config\\Routes.php')
 4 SYSTEMPATH\CodeIgniter.php(821): CodeIgniter\Router\RouteCollection->loadRoutes()
 5 SYSTEMPATH\CodeIgniter.php(455): CodeIgniter\CodeIgniter->tryToRouteIt(null)
 6 SYSTEMPATH\CodeIgniter.php(354): CodeIgniter\CodeIgniter->handleRequest(null, Object(Config\Cache), false)
 7 SYSTEMPATH\Boot.php(334): CodeIgniter\CodeIgniter->run()
 8 SYSTEMPATH\Boot.php(67): CodeIgniter\Boot::runCodeIgniter(Object(CodeIgniter\CodeIgniter))
 9 FCPATH\index.php(59): CodeIgniter\Boot::bootWeb(Object(Config\Paths))
WARNING - 2025-12-04 13:28:51 --> [DEPRECATED] Passing lowercase HTTP method "post" is deprecated. Use uppercase HTTP method like "POST". in SYSTEMPATH\Router\RouteCollection.php on line 1026.
 1 SYSTEMPATH\Router\RouteCollection.php(1026): trigger_error('Passing lowercase HTTP method "post" is deprecated. Use uppercase HTTP method like "POST".', 16384)
 2 APPPATH\Config\Routes.php(101): CodeIgniter\Router\RouteCollection->match([...], 'sms/gateway', 'SmsController::gateway')
 3 SYSTEMPATH\Router\RouteCollection.php(339): require('D:\\xampp\\htdocs\\FloodGuard\\app\\Config\\Routes.php')
 4 SYSTEMPATH\CodeIgniter.php(821): CodeIgniter\Router\RouteCollection->loadRoutes()
 5 SYSTEMPATH\CodeIgniter.php(455): CodeIgniter\CodeIgniter->tryToRouteIt(null)
 6 SYSTEMPATH\CodeIgniter.php(354): CodeIgniter\CodeIgniter->handleRequest(null, Object(Config\Cache), false)
 7 SYSTEMPATH\Boot.php(334): CodeIgniter\CodeIgniter->run()
 8 SYSTEMPATH\Boot.php(67): CodeIgniter\Boot::runCodeIgniter(Object(CodeIgniter\CodeIgniter))
 9 FCPATH\index.php(59): CodeIgniter\Boot::bootWeb(Object(Config\Paths))
DEBUG - 2025-12-04 13:28:51 --> Session: Class initialized using 'CodeIgniter\Session\Handlers\FileHandler' driver.
WARNING - 2025-12-04 13:28:55 --> [DEPRECATED] Passing lowercase HTTP method "get" is deprecated. Use uppercase HTTP method like "GET". in SYSTEMPATH\Router\RouteCollection.php on line 1026.
 1 SYSTEMPATH\Router\RouteCollection.php(1026): trigger_error('Passing lowercase HTTP method "get" is deprecated. Use uppercase HTTP method like "GET".', 16384)
 2 APPPATH\Config\Routes.php(101): CodeIgniter\Router\RouteCollection->match([...], 'sms/gateway', 'SmsController::gateway')
 3 SYSTEMPATH\Router\RouteCollection.php(339): require('D:\\xampp\\htdocs\\FloodGuard\\app\\Config\\Routes.php')
 4 SYSTEMPATH\CodeIgniter.php(821): CodeIgniter\Router\RouteCollection->loadRoutes()
 5 SYSTEMPATH\CodeIgniter.php(455): CodeIgniter\CodeIgniter->tryToRouteIt(null)
 6 SYSTEMPATH\CodeIgniter.php(354): CodeIgniter\CodeIgniter->handleRequest(null, Object(Config\Cache), false)
 7 SYSTEMPATH\Boot.php(334): CodeIgniter\CodeIgniter->run()
 8 SYSTEMPATH\Boot.php(67): CodeIgniter\Boot::runCodeIgniter(Object(CodeIgniter\CodeIgniter))
 9 FCPATH\index.php(59): CodeIgniter\Boot::bootWeb(Object(Config\Paths))
WARNING - 2025-12-04 13:28:55 --> [DEPRECATED] Passing lowercase HTTP method "post" is deprecated. Use uppercase HTTP method like "POST". in SYSTEMPATH\Router\RouteCollection.php on line 1026.
 1 SYSTEMPATH\Router\RouteCollection.php(1026): trigger_error('Passing lowercase HTTP method "post" is deprecated. Use uppercase HTTP method like "POST".', 16384)
 2 APPPATH\Config\Routes.php(101): CodeIgniter\Router\RouteCollection->match([...], 'sms/gateway', 'SmsController::gateway')
 3 SYSTEMPATH\Router\RouteCollection.php(339): require('D:\\xampp\\htdocs\\FloodGuard\\app\\Config\\Routes.php')
 4 SYSTEMPATH\CodeIgniter.php(821): CodeIgniter\Router\RouteCollection->loadRoutes()
 5 SYSTEMPATH\CodeIgniter.php(455): CodeIgniter\CodeIgniter->tryToRouteIt(null)
 6 SYSTEMPATH\CodeIgniter.php(354): CodeIgniter\CodeIgniter->handleRequest(null, Object(Config\Cache), false)
 7 SYSTEMPATH\Boot.php(334): CodeIgniter\CodeIgniter->run()
 8 SYSTEMPATH\Boot.php(67): CodeIgniter\Boot::runCodeIgniter(Object(CodeIgniter\CodeIgniter))
 9 FCPATH\index.php(59): CodeIgniter\Boot::bootWeb(Object(Config\Paths))
DEBUG - 2025-12-04 13:28:56 --> Session: Class initialized using 'CodeIgniter\Session\Handlers\FileHandler' driver.
WARNING - 2025-12-04 13:28:56 --> [DEPRECATED] Passing lowercase HTTP method "get" is deprecated. Use uppercase HTTP method like "GET". in SYSTEMPATH\Router\RouteCollection.php on line 1026.
 1 SYSTEMPATH\Router\RouteCollection.php(1026): trigger_error('Passing lowercase HTTP method "get" is deprecated. Use uppercase HTTP method like "GET".', 16384)
 2 APPPATH\Config\Routes.php(101): CodeIgniter\Router\RouteCollection->match([...], 'sms/gateway', 'SmsController::gateway')
 3 SYSTEMPATH\Router\RouteCollection.php(339): require('D:\\xampp\\htdocs\\FloodGuard\\app\\Config\\Routes.php')
 4 SYSTEMPATH\CodeIgniter.php(821): CodeIgniter\Router\RouteCollection->loadRoutes()
 5 SYSTEMPATH\CodeIgniter.php(455): CodeIgniter\CodeIgniter->tryToRouteIt(null)
 6 SYSTEMPATH\CodeIgniter.php(354): CodeIgniter\CodeIgniter->handleRequest(null, Object(Config\Cache), false)
 7 SYSTEMPATH\Boot.php(334): CodeIgniter\CodeIgniter->run()
 8 SYSTEMPATH\Boot.php(67): CodeIgniter\Boot::runCodeIgniter(Object(CodeIgniter\CodeIgniter))
 9 FCPATH\index.php(59): CodeIgniter\Boot::bootWeb(Object(Config\Paths))
WARNING - 2025-12-04 13:28:56 --> [DEPRECATED] Passing lowercase HTTP method "post" is deprecated. Use uppercase HTTP method like "POST". in SYSTEMPATH\Router\RouteCollection.php on line 1026.
 1 SYSTEMPATH\Router\RouteCollection.php(1026): trigger_error('Passing lowercase HTTP method "post" is deprecated. Use uppercase HTTP method like "POST".', 16384)
 2 APPPATH\Config\Routes.php(101): CodeIgniter\Router\RouteCollection->match([...], 'sms/gateway', 'SmsController::gateway')
 3 SYSTEMPATH\Router\RouteCollection.php(339): require('D:\\xampp\\htdocs\\FloodGuard\\app\\Config\\Routes.php')
 4 SYSTEMPATH\CodeIgniter.php(821): CodeIgniter\Router\RouteCollection->loadRoutes()
 5 SYSTEMPATH\CodeIgniter.php(455): CodeIgniter\CodeIgniter->tryToRouteIt(null)
 6 SYSTEMPATH\CodeIgniter.php(354): CodeIgniter\CodeIgniter->handleRequest(null, Object(Config\Cache), false)
 7 SYSTEMPATH\Boot.php(334): CodeIgniter\CodeIgniter->run()
 8 SYSTEMPATH\Boot.php(67): CodeIgniter\Boot::runCodeIgniter(Object(CodeIgniter\CodeIgniter))
 9 FCPATH\index.php(59): CodeIgniter\Boot::bootWeb(Object(Config\Paths))
CRITICAL - 2025-12-04 13:29:04 --> ErrorException: Undefined array key "precipitation (mm)"
[Method: GET, Route: flood/hourly/data]
in APPPATH\Controllers\FloodPredictor.php on line 280.
 1 APPPATH\Controllers\FloodPredictor.php(280): CodeIgniter\Debug\Exceptions->errorHandler(2, 'Undefined array key "precipitation (mm)"', 'D:\\xampp\\htdocs\\FloodGuard\\app\\Controllers\\FloodPredictor.php', 280)
 2 SYSTEMPATH\CodeIgniter.php(933): App\Controllers\FloodPredictor->predict_hourly_ajax()
 3 SYSTEMPATH\CodeIgniter.php(507): CodeIgniter\CodeIgniter->runController(Object(App\Controllers\FloodPredictor))
 4 SYSTEMPATH\CodeIgniter.php(354): CodeIgniter\CodeIgniter->handleRequest(null, Object(Config\Cache), false)
 5 SYSTEMPATH\Boot.php(334): CodeIgniter\CodeIgniter->run()
 6 SYSTEMPATH\Boot.php(67): CodeIgniter\Boot::runCodeIgniter(Object(CodeIgniter\CodeIgniter))
 7 FCPATH\index.php(59): CodeIgniter\Boot::bootWeb(Object(Config\Paths))
WARNING - 2025-12-04 13:32:36 --> [DEPRECATED] Passing lowercase HTTP method "get" is deprecated. Use uppercase HTTP method like "GET". in SYSTEMPATH\Router\RouteCollection.php on line 1026.
 1 SYSTEMPATH\Router\RouteCollection.php(1026): trigger_error('Passing lowercase HTTP method "get" is deprecated. Use uppercase HTTP method like "GET".', 16384)
 2 APPPATH\Config\Routes.php(101): CodeIgniter\Router\RouteCollection->match([...], 'sms/gateway', 'SmsController::gateway')
 3 SYSTEMPATH\Router\RouteCollection.php(339): require('D:\\xampp\\htdocs\\FloodGuard\\app\\Config\\Routes.php')
 4 SYSTEMPATH\CodeIgniter.php(821): CodeIgniter\Router\RouteCollection->loadRoutes()
 5 SYSTEMPATH\CodeIgniter.php(455): CodeIgniter\CodeIgniter->tryToRouteIt(null)
 6 SYSTEMPATH\CodeIgniter.php(354): CodeIgniter\CodeIgniter->handleRequest(null, Object(Config\Cache), false)
 7 SYSTEMPATH\Boot.php(334): CodeIgniter\CodeIgniter->run()
 8 SYSTEMPATH\Boot.php(67): CodeIgniter\Boot::runCodeIgniter(Object(CodeIgniter\CodeIgniter))
 9 FCPATH\index.php(59): CodeIgniter\Boot::bootWeb(Object(Config\Paths))
WARNING - 2025-12-04 13:32:36 --> [DEPRECATED] Passing lowercase HTTP method "post" is deprecated. Use uppercase HTTP method like "POST". in SYSTEMPATH\Router\RouteCollection.php on line 1026.
 1 SYSTEMPATH\Router\RouteCollection.php(1026): trigger_error('Passing lowercase HTTP method "post" is deprecated. Use uppercase HTTP method like "POST".', 16384)
 2 APPPATH\Config\Routes.php(101): CodeIgniter\Router\RouteCollection->match([...], 'sms/gateway', 'SmsController::gateway')
 3 SYSTEMPATH\Router\RouteCollection.php(339): require('D:\\xampp\\htdocs\\FloodGuard\\app\\Config\\Routes.php')
 4 SYSTEMPATH\CodeIgniter.php(821): CodeIgniter\Router\RouteCollection->loadRoutes()
 5 SYSTEMPATH\CodeIgniter.php(455): CodeIgniter\CodeIgniter->tryToRouteIt(null)
 6 SYSTEMPATH\CodeIgniter.php(354): CodeIgniter\CodeIgniter->handleRequest(null, Object(Config\Cache), false)
 7 SYSTEMPATH\Boot.php(334): CodeIgniter\CodeIgniter->run()
 8 SYSTEMPATH\Boot.php(67): CodeIgniter\Boot::runCodeIgniter(Object(CodeIgniter\CodeIgniter))
 9 FCPATH\index.php(59): CodeIgniter\Boot::bootWeb(Object(Config\Paths))
DEBUG - 2025-12-04 13:32:36 --> Session: Class initialized using 'CodeIgniter\Session\Handlers\FileHandler' driver.
WARNING - 2025-12-04 13:32:37 --> [DEPRECATED] Passing lowercase HTTP method "get" is deprecated. Use uppercase HTTP method like "GET". in SYSTEMPATH\Router\RouteCollection.php on line 1026.
 1 SYSTEMPATH\Router\RouteCollection.php(1026): trigger_error('Passing lowercase HTTP method "get" is deprecated. Use uppercase HTTP method like "GET".', 16384)
 2 APPPATH\Config\Routes.php(101): CodeIgniter\Router\RouteCollection->match([...], 'sms/gateway', 'SmsController::gateway')
 3 SYSTEMPATH\Router\RouteCollection.php(339): require('D:\\xampp\\htdocs\\FloodGuard\\app\\Config\\Routes.php')
 4 SYSTEMPATH\CodeIgniter.php(821): CodeIgniter\Router\RouteCollection->loadRoutes()
 5 SYSTEMPATH\CodeIgniter.php(455): CodeIgniter\CodeIgniter->tryToRouteIt(null)
 6 SYSTEMPATH\CodeIgniter.php(354): CodeIgniter\CodeIgniter->handleRequest(null, Object(Config\Cache), false)
 7 SYSTEMPATH\Boot.php(334): CodeIgniter\CodeIgniter->run()
 8 SYSTEMPATH\Boot.php(67): CodeIgniter\Boot::runCodeIgniter(Object(CodeIgniter\CodeIgniter))
 9 FCPATH\index.php(59): CodeIgniter\Boot::bootWeb(Object(Config\Paths))
WARNING - 2025-12-04 13:32:37 --> [DEPRECATED] Passing lowercase HTTP method "post" is deprecated. Use uppercase HTTP method like "POST". in SYSTEMPATH\Router\RouteCollection.php on line 1026.
 1 SYSTEMPATH\Router\RouteCollection.php(1026): trigger_error('Passing lowercase HTTP method "post" is deprecated. Use uppercase HTTP method like "POST".', 16384)
 2 APPPATH\Config\Routes.php(101): CodeIgniter\Router\RouteCollection->match([...], 'sms/gateway', 'SmsController::gateway')
 3 SYSTEMPATH\Router\RouteCollection.php(339): require('D:\\xampp\\htdocs\\FloodGuard\\app\\Config\\Routes.php')
 4 SYSTEMPATH\CodeIgniter.php(821): CodeIgniter\Router\RouteCollection->loadRoutes()
 5 SYSTEMPATH\CodeIgniter.php(455): CodeIgniter\CodeIgniter->tryToRouteIt(null)
 6 SYSTEMPATH\CodeIgniter.php(354): CodeIgniter\CodeIgniter->handleRequest(null, Object(Config\Cache), false)
 7 SYSTEMPATH\Boot.php(334): CodeIgniter\CodeIgniter->run()
 8 SYSTEMPATH\Boot.php(67): CodeIgniter\Boot::runCodeIgniter(Object(CodeIgniter\CodeIgniter))
 9 FCPATH\index.php(59): CodeIgniter\Boot::bootWeb(Object(Config\Paths))
WARNING - 2025-12-04 13:35:00 --> [DEPRECATED] Passing lowercase HTTP method "get" is deprecated. Use uppercase HTTP method like "GET". in SYSTEMPATH\Router\RouteCollection.php on line 1026.
 1 SYSTEMPATH\Router\RouteCollection.php(1026): trigger_error('Passing lowercase HTTP method "get" is deprecated. Use uppercase HTTP method like "GET".', 16384)
 2 APPPATH\Config\Routes.php(101): CodeIgniter\Router\RouteCollection->match([...], 'sms/gateway', 'SmsController::gateway')
 3 SYSTEMPATH\Router\RouteCollection.php(339): require('D:\\xampp\\htdocs\\FloodGuard\\app\\Config\\Routes.php')
 4 SYSTEMPATH\CodeIgniter.php(821): CodeIgniter\Router\RouteCollection->loadRoutes()
 5 SYSTEMPATH\CodeIgniter.php(455): CodeIgniter\CodeIgniter->tryToRouteIt(null)
 6 SYSTEMPATH\CodeIgniter.php(354): CodeIgniter\CodeIgniter->handleRequest(null, Object(Config\Cache), false)
 7 SYSTEMPATH\Boot.php(334): CodeIgniter\CodeIgniter->run()
 8 SYSTEMPATH\Boot.php(67): CodeIgniter\Boot::runCodeIgniter(Object(CodeIgniter\CodeIgniter))
 9 FCPATH\index.php(59): CodeIgniter\Boot::bootWeb(Object(Config\Paths))
WARNING - 2025-12-04 13:35:00 --> [DEPRECATED] Passing lowercase HTTP method "post" is deprecated. Use uppercase HTTP method like "POST". in SYSTEMPATH\Router\RouteCollection.php on line 1026.
 1 SYSTEMPATH\Router\RouteCollection.php(1026): trigger_error('Passing lowercase HTTP method "post" is deprecated. Use uppercase HTTP method like "POST".', 16384)
 2 APPPATH\Config\Routes.php(101): CodeIgniter\Router\RouteCollection->match([...], 'sms/gateway', 'SmsController::gateway')
 3 SYSTEMPATH\Router\RouteCollection.php(339): require('D:\\xampp\\htdocs\\FloodGuard\\app\\Config\\Routes.php')
 4 SYSTEMPATH\CodeIgniter.php(821): CodeIgniter\Router\RouteCollection->loadRoutes()
 5 SYSTEMPATH\CodeIgniter.php(455): CodeIgniter\CodeIgniter->tryToRouteIt(null)
 6 SYSTEMPATH\CodeIgniter.php(354): CodeIgniter\CodeIgniter->handleRequest(null, Object(Config\Cache), false)
 7 SYSTEMPATH\Boot.php(334): CodeIgniter\CodeIgniter->run()
 8 SYSTEMPATH\Boot.php(67): CodeIgniter\Boot::runCodeIgniter(Object(CodeIgniter\CodeIgniter))
 9 FCPATH\index.php(59): CodeIgniter\Boot::bootWeb(Object(Config\Paths))
WARNING - 2025-12-04 13:44:23 --> [DEPRECATED] Passing lowercase HTTP method "get" is deprecated. Use uppercase HTTP method like "GET". in SYSTEMPATH\Router\RouteCollection.php on line 1026.
 1 SYSTEMPATH\Router\RouteCollection.php(1026): trigger_error('Passing lowercase HTTP method "get" is deprecated. Use uppercase HTTP method like "GET".', 16384)
 2 APPPATH\Config\Routes.php(101): CodeIgniter\Router\RouteCollection->match([...], 'sms/gateway', 'SmsController::gateway')
 3 SYSTEMPATH\Router\RouteCollection.php(339): require('D:\\xampp\\htdocs\\FloodGuard\\app\\Config\\Routes.php')
 4 SYSTEMPATH\CodeIgniter.php(821): CodeIgniter\Router\RouteCollection->loadRoutes()
 5 SYSTEMPATH\CodeIgniter.php(455): CodeIgniter\CodeIgniter->tryToRouteIt(null)
 6 SYSTEMPATH\CodeIgniter.php(354): CodeIgniter\CodeIgniter->handleRequest(null, Object(Config\Cache), false)
 7 SYSTEMPATH\Boot.php(334): CodeIgniter\CodeIgniter->run()
 8 SYSTEMPATH\Boot.php(67): CodeIgniter\Boot::runCodeIgniter(Object(CodeIgniter\CodeIgniter))
 9 FCPATH\index.php(59): CodeIgniter\Boot::bootWeb(Object(Config\Paths))
WARNING - 2025-12-04 13:44:23 --> [DEPRECATED] Passing lowercase HTTP method "post" is deprecated. Use uppercase HTTP method like "POST". in SYSTEMPATH\Router\RouteCollection.php on line 1026.
 1 SYSTEMPATH\Router\RouteCollection.php(1026): trigger_error('Passing lowercase HTTP method "post" is deprecated. Use uppercase HTTP method like "POST".', 16384)
 2 APPPATH\Config\Routes.php(101): CodeIgniter\Router\RouteCollection->match([...], 'sms/gateway', 'SmsController::gateway')
 3 SYSTEMPATH\Router\RouteCollection.php(339): require('D:\\xampp\\htdocs\\FloodGuard\\app\\Config\\Routes.php')
 4 SYSTEMPATH\CodeIgniter.php(821): CodeIgniter\Router\RouteCollection->loadRoutes()
 5 SYSTEMPATH\CodeIgniter.php(455): CodeIgniter\CodeIgniter->tryToRouteIt(null)
 6 SYSTEMPATH\CodeIgniter.php(354): CodeIgniter\CodeIgniter->handleRequest(null, Object(Config\Cache), false)
 7 SYSTEMPATH\Boot.php(334): CodeIgniter\CodeIgniter->run()
 8 SYSTEMPATH\Boot.php(67): CodeIgniter\Boot::runCodeIgniter(Object(CodeIgniter\CodeIgniter))
 9 FCPATH\index.php(59): CodeIgniter\Boot::bootWeb(Object(Config\Paths))
DEBUG - 2025-12-04 13:44:23 --> Session: Class initialized using 'CodeIgniter\Session\Handlers\FileHandler' driver.
WARNING - 2025-12-04 13:44:24 --> [DEPRECATED] Passing lowercase HTTP method "get" is deprecated. Use uppercase HTTP method like "GET". in SYSTEMPATH\Router\RouteCollection.php on line 1026.
 1 SYSTEMPATH\Router\RouteCollection.php(1026): trigger_error('Passing lowercase HTTP method "get" is deprecated. Use uppercase HTTP method like "GET".', 16384)
 2 APPPATH\Config\Routes.php(101): CodeIgniter\Router\RouteCollection->match([...], 'sms/gateway', 'SmsController::gateway')
 3 SYSTEMPATH\Router\RouteCollection.php(339): require('D:\\xampp\\htdocs\\FloodGuard\\app\\Config\\Routes.php')
 4 SYSTEMPATH\CodeIgniter.php(821): CodeIgniter\Router\RouteCollection->loadRoutes()
 5 SYSTEMPATH\CodeIgniter.php(455): CodeIgniter\CodeIgniter->tryToRouteIt(null)
 6 SYSTEMPATH\CodeIgniter.php(354): CodeIgniter\CodeIgniter->handleRequest(null, Object(Config\Cache), false)
 7 SYSTEMPATH\Boot.php(334): CodeIgniter\CodeIgniter->run()
 8 SYSTEMPATH\Boot.php(67): CodeIgniter\Boot::runCodeIgniter(Object(CodeIgniter\CodeIgniter))
 9 FCPATH\index.php(59): CodeIgniter\Boot::bootWeb(Object(Config\Paths))
WARNING - 2025-12-04 13:44:24 --> [DEPRECATED] Passing lowercase HTTP method "post" is deprecated. Use uppercase HTTP method like "POST". in SYSTEMPATH\Router\RouteCollection.php on line 1026.
 1 SYSTEMPATH\Router\RouteCollection.php(1026): trigger_error('Passing lowercase HTTP method "post" is deprecated. Use uppercase HTTP method like "POST".', 16384)
 2 APPPATH\Config\Routes.php(101): CodeIgniter\Router\RouteCollection->match([...], 'sms/gateway', 'SmsController::gateway')
 3 SYSTEMPATH\Router\RouteCollection.php(339): require('D:\\xampp\\htdocs\\FloodGuard\\app\\Config\\Routes.php')
 4 SYSTEMPATH\CodeIgniter.php(821): CodeIgniter\Router\RouteCollection->loadRoutes()
 5 SYSTEMPATH\CodeIgniter.php(455): CodeIgniter\CodeIgniter->tryToRouteIt(null)
 6 SYSTEMPATH\CodeIgniter.php(354): CodeIgniter\CodeIgniter->handleRequest(null, Object(Config\Cache), false)
 7 SYSTEMPATH\Boot.php(334): CodeIgniter\CodeIgniter->run()
 8 SYSTEMPATH\Boot.php(67): CodeIgniter\Boot::runCodeIgniter(Object(CodeIgniter\CodeIgniter))
 9 FCPATH\index.php(59): CodeIgniter\Boot::bootWeb(Object(Config\Paths))
WARNING - 2025-12-04 14:14:36 --> [DEPRECATED] Passing lowercase HTTP method "get" is deprecated. Use uppercase HTTP method like "GET". in SYSTEMPATH\Router\RouteCollection.php on line 1026.
 1 SYSTEMPATH\Router\RouteCollection.php(1026): trigger_error('Passing lowercase HTTP method "get" is deprecated. Use uppercase HTTP method like "GET".', 16384)
 2 APPPATH\Config\Routes.php(101): CodeIgniter\Router\RouteCollection->match([...], 'sms/gateway', 'SmsController::gateway')
 3 SYSTEMPATH\Router\RouteCollection.php(339): require('D:\\xampp\\htdocs\\FloodGuard\\app\\Config\\Routes.php')
 4 SYSTEMPATH\CodeIgniter.php(821): CodeIgniter\Router\RouteCollection->loadRoutes()
 5 SYSTEMPATH\CodeIgniter.php(455): CodeIgniter\CodeIgniter->tryToRouteIt(null)
 6 SYSTEMPATH\CodeIgniter.php(354): CodeIgniter\CodeIgniter->handleRequest(null, Object(Config\Cache), false)
 7 SYSTEMPATH\Boot.php(334): CodeIgniter\CodeIgniter->run()
 8 SYSTEMPATH\Boot.php(67): CodeIgniter\Boot::runCodeIgniter(Object(CodeIgniter\CodeIgniter))
 9 FCPATH\index.php(59): CodeIgniter\Boot::bootWeb(Object(Config\Paths))
WARNING - 2025-12-04 14:14:36 --> [DEPRECATED] Passing lowercase HTTP method "post" is deprecated. Use uppercase HTTP method like "POST". in SYSTEMPATH\Router\RouteCollection.php on line 1026.
 1 SYSTEMPATH\Router\RouteCollection.php(1026): trigger_error('Passing lowercase HTTP method "post" is deprecated. Use uppercase HTTP method like "POST".', 16384)
 2 APPPATH\Config\Routes.php(101): CodeIgniter\Router\RouteCollection->match([...], 'sms/gateway', 'SmsController::gateway')
 3 SYSTEMPATH\Router\RouteCollection.php(339): require('D:\\xampp\\htdocs\\FloodGuard\\app\\Config\\Routes.php')
 4 SYSTEMPATH\CodeIgniter.php(821): CodeIgniter\Router\RouteCollection->loadRoutes()
 5 SYSTEMPATH\CodeIgniter.php(455): CodeIgniter\CodeIgniter->tryToRouteIt(null)
 6 SYSTEMPATH\CodeIgniter.php(354): CodeIgniter\CodeIgniter->handleRequest(null, Object(Config\Cache), false)
 7 SYSTEMPATH\Boot.php(334): CodeIgniter\CodeIgniter->run()
 8 SYSTEMPATH\Boot.php(67): CodeIgniter\Boot::runCodeIgniter(Object(CodeIgniter\CodeIgniter))
 9 FCPATH\index.php(59): CodeIgniter\Boot::bootWeb(Object(Config\Paths))
DEBUG - 2025-12-04 14:14:37 --> Session: Class initialized using 'CodeIgniter\Session\Handlers\FileHandler' driver.
WARNING - 2025-12-04 14:14:41 --> [DEPRECATED] Passing lowercase HTTP method "get" is deprecated. Use uppercase HTTP method like "GET". in SYSTEMPATH\Router\RouteCollection.php on line 1026.
 1 SYSTEMPATH\Router\RouteCollection.php(1026): trigger_error('Passing lowercase HTTP method "get" is deprecated. Use uppercase HTTP method like "GET".', 16384)
 2 APPPATH\Config\Routes.php(101): CodeIgniter\Router\RouteCollection->match([...], 'sms/gateway', 'SmsController::gateway')
 3 SYSTEMPATH\Router\RouteCollection.php(339): require('D:\\xampp\\htdocs\\FloodGuard\\app\\Config\\Routes.php')
 4 SYSTEMPATH\CodeIgniter.php(821): CodeIgniter\Router\RouteCollection->loadRoutes()
 5 SYSTEMPATH\CodeIgniter.php(455): CodeIgniter\CodeIgniter->tryToRouteIt(null)
 6 SYSTEMPATH\CodeIgniter.php(354): CodeIgniter\CodeIgniter->handleRequest(null, Object(Config\Cache), false)
 7 SYSTEMPATH\Boot.php(334): CodeIgniter\CodeIgniter->run()
 8 SYSTEMPATH\Boot.php(67): CodeIgniter\Boot::runCodeIgniter(Object(CodeIgniter\CodeIgniter))
 9 FCPATH\index.php(59): CodeIgniter\Boot::bootWeb(Object(Config\Paths))
WARNING - 2025-12-04 14:14:41 --> [DEPRECATED] Passing lowercase HTTP method "post" is deprecated. Use uppercase HTTP method like "POST". in SYSTEMPATH\Router\RouteCollection.php on line 1026.
 1 SYSTEMPATH\Router\RouteCollection.php(1026): trigger_error('Passing lowercase HTTP method "post" is deprecated. Use uppercase HTTP method like "POST".', 16384)
 2 APPPATH\Config\Routes.php(101): CodeIgniter\Router\RouteCollection->match([...], 'sms/gateway', 'SmsController::gateway')
 3 SYSTEMPATH\Router\RouteCollection.php(339): require('D:\\xampp\\htdocs\\FloodGuard\\app\\Config\\Routes.php')
 4 SYSTEMPATH\CodeIgniter.php(821): CodeIgniter\Router\RouteCollection->loadRoutes()
 5 SYSTEMPATH\CodeIgniter.php(455): CodeIgniter\CodeIgniter->tryToRouteIt(null)
 6 SYSTEMPATH\CodeIgniter.php(354): CodeIgniter\CodeIgniter->handleRequest(null, Object(Config\Cache), false)
 7 SYSTEMPATH\Boot.php(334): CodeIgniter\CodeIgniter->run()
 8 SYSTEMPATH\Boot.php(67): CodeIgniter\Boot::runCodeIgniter(Object(CodeIgniter\CodeIgniter))
 9 FCPATH\index.php(59): CodeIgniter\Boot::bootWeb(Object(Config\Paths))
WARNING - 2025-12-04 14:20:02 --> [DEPRECATED] Passing lowercase HTTP method "get" is deprecated. Use uppercase HTTP method like "GET". in SYSTEMPATH\Router\RouteCollection.php on line 1026.
 1 SYSTEMPATH\Router\RouteCollection.php(1026): trigger_error('Passing lowercase HTTP method "get" is deprecated. Use uppercase HTTP method like "GET".', 16384)
 2 APPPATH\Config\Routes.php(101): CodeIgniter\Router\RouteCollection->match([...], 'sms/gateway', 'SmsController::gateway')
 3 SYSTEMPATH\Router\RouteCollection.php(339): require('D:\\xampp\\htdocs\\FloodGuard\\app\\Config\\Routes.php')
 4 SYSTEMPATH\CodeIgniter.php(821): CodeIgniter\Router\RouteCollection->loadRoutes()
 5 SYSTEMPATH\CodeIgniter.php(455): CodeIgniter\CodeIgniter->tryToRouteIt(null)
 6 SYSTEMPATH\CodeIgniter.php(354): CodeIgniter\CodeIgniter->handleRequest(null, Object(Config\Cache), false)
 7 SYSTEMPATH\Boot.php(334): CodeIgniter\CodeIgniter->run()
 8 SYSTEMPATH\Boot.php(67): CodeIgniter\Boot::runCodeIgniter(Object(CodeIgniter\CodeIgniter))
 9 FCPATH\index.php(59): CodeIgniter\Boot::bootWeb(Object(Config\Paths))
WARNING - 2025-12-04 14:20:02 --> [DEPRECATED] Passing lowercase HTTP method "post" is deprecated. Use uppercase HTTP method like "POST". in SYSTEMPATH\Router\RouteCollection.php on line 1026.
 1 SYSTEMPATH\Router\RouteCollection.php(1026): trigger_error('Passing lowercase HTTP method "post" is deprecated. Use uppercase HTTP method like "POST".', 16384)
 2 APPPATH\Config\Routes.php(101): CodeIgniter\Router\RouteCollection->match([...], 'sms/gateway', 'SmsController::gateway')
 3 SYSTEMPATH\Router\RouteCollection.php(339): require('D:\\xampp\\htdocs\\FloodGuard\\app\\Config\\Routes.php')
 4 SYSTEMPATH\CodeIgniter.php(821): CodeIgniter\Router\RouteCollection->loadRoutes()
 5 SYSTEMPATH\CodeIgniter.php(455): CodeIgniter\CodeIgniter->tryToRouteIt(null)
 6 SYSTEMPATH\CodeIgniter.php(354): CodeIgniter\CodeIgniter->handleRequest(null, Object(Config\Cache), false)
 7 SYSTEMPATH\Boot.php(334): CodeIgniter\CodeIgniter->run()
 8 SYSTEMPATH\Boot.php(67): CodeIgniter\Boot::runCodeIgniter(Object(CodeIgniter\CodeIgniter))
 9 FCPATH\index.php(59): CodeIgniter\Boot::bootWeb(Object(Config\Paths))
WARNING - 2025-12-04 14:44:30 --> [DEPRECATED] Passing lowercase HTTP method "get" is deprecated. Use uppercase HTTP method like "GET". in SYSTEMPATH\Router\RouteCollection.php on line 1026.
 1 SYSTEMPATH\Router\RouteCollection.php(1026): trigger_error('Passing lowercase HTTP method "get" is deprecated. Use uppercase HTTP method like "GET".', 16384)
 2 APPPATH\Config\Routes.php(101): CodeIgniter\Router\RouteCollection->match([...], 'sms/gateway', 'SmsController::gateway')
 3 SYSTEMPATH\Router\RouteCollection.php(339): require('D:\\xampp\\htdocs\\FloodGuard\\app\\Config\\Routes.php')
 4 SYSTEMPATH\CodeIgniter.php(821): CodeIgniter\Router\RouteCollection->loadRoutes()
 5 SYSTEMPATH\CodeIgniter.php(455): CodeIgniter\CodeIgniter->tryToRouteIt(null)
 6 SYSTEMPATH\CodeIgniter.php(354): CodeIgniter\CodeIgniter->handleRequest(null, Object(Config\Cache), false)
 7 SYSTEMPATH\Boot.php(334): CodeIgniter\CodeIgniter->run()
 8 SYSTEMPATH\Boot.php(67): CodeIgniter\Boot::runCodeIgniter(Object(CodeIgniter\CodeIgniter))
 9 FCPATH\index.php(59): CodeIgniter\Boot::bootWeb(Object(Config\Paths))
WARNING - 2025-12-04 14:44:30 --> [DEPRECATED] Passing lowercase HTTP method "post" is deprecated. Use uppercase HTTP method like "POST". in SYSTEMPATH\Router\RouteCollection.php on line 1026.
 1 SYSTEMPATH\Router\RouteCollection.php(1026): trigger_error('Passing lowercase HTTP method "post" is deprecated. Use uppercase HTTP method like "POST".', 16384)
 2 APPPATH\Config\Routes.php(101): CodeIgniter\Router\RouteCollection->match([...], 'sms/gateway', 'SmsController::gateway')
 3 SYSTEMPATH\Router\RouteCollection.php(339): require('D:\\xampp\\htdocs\\FloodGuard\\app\\Config\\Routes.php')
 4 SYSTEMPATH\CodeIgniter.php(821): CodeIgniter\Router\RouteCollection->loadRoutes()
 5 SYSTEMPATH\CodeIgniter.php(455): CodeIgniter\CodeIgniter->tryToRouteIt(null)
 6 SYSTEMPATH\CodeIgniter.php(354): CodeIgniter\CodeIgniter->handleRequest(null, Object(Config\Cache), false)
 7 SYSTEMPATH\Boot.php(334): CodeIgniter\CodeIgniter->run()
 8 SYSTEMPATH\Boot.php(67): CodeIgniter\Boot::runCodeIgniter(Object(CodeIgniter\CodeIgniter))
 9 FCPATH\index.php(59): CodeIgniter\Boot::bootWeb(Object(Config\Paths))
DEBUG - 2025-12-04 14:44:30 --> Session: Class initialized using 'CodeIgniter\Session\Handlers\FileHandler' driver.
WARNING - 2025-12-04 14:44:31 --> [DEPRECATED] Passing lowercase HTTP method "get" is deprecated. Use uppercase HTTP method like "GET". in SYSTEMPATH\Router\RouteCollection.php on line 1026.
 1 SYSTEMPATH\Router\RouteCollection.php(1026): trigger_error('Passing lowercase HTTP method "get" is deprecated. Use uppercase HTTP method like "GET".', 16384)
 2 APPPATH\Config\Routes.php(101): CodeIgniter\Router\RouteCollection->match([...], 'sms/gateway', 'SmsController::gateway')
 3 SYSTEMPATH\Router\RouteCollection.php(339): require('D:\\xampp\\htdocs\\FloodGuard\\app\\Config\\Routes.php')
 4 SYSTEMPATH\CodeIgniter.php(821): CodeIgniter\Router\RouteCollection->loadRoutes()
 5 SYSTEMPATH\CodeIgniter.php(455): CodeIgniter\CodeIgniter->tryToRouteIt(null)
 6 SYSTEMPATH\CodeIgniter.php(354): CodeIgniter\CodeIgniter->handleRequest(null, Object(Config\Cache), false)
 7 SYSTEMPATH\Boot.php(334): CodeIgniter\CodeIgniter->run()
 8 SYSTEMPATH\Boot.php(67): CodeIgniter\Boot::runCodeIgniter(Object(CodeIgniter\CodeIgniter))
 9 FCPATH\index.php(59): CodeIgniter\Boot::bootWeb(Object(Config\Paths))
WARNING - 2025-12-04 14:44:31 --> [DEPRECATED] Passing lowercase HTTP method "post" is deprecated. Use uppercase HTTP method like "POST". in SYSTEMPATH\Router\RouteCollection.php on line 1026.
 1 SYSTEMPATH\Router\RouteCollection.php(1026): trigger_error('Passing lowercase HTTP method "post" is deprecated. Use uppercase HTTP method like "POST".', 16384)
 2 APPPATH\Config\Routes.php(101): CodeIgniter\Router\RouteCollection->match([...], 'sms/gateway', 'SmsController::gateway')
 3 SYSTEMPATH\Router\RouteCollection.php(339): require('D:\\xampp\\htdocs\\FloodGuard\\app\\Config\\Routes.php')
 4 SYSTEMPATH\CodeIgniter.php(821): CodeIgniter\Router\RouteCollection->loadRoutes()
 5 SYSTEMPATH\CodeIgniter.php(455): CodeIgniter\CodeIgniter->tryToRouteIt(null)
 6 SYSTEMPATH\CodeIgniter.php(354): CodeIgniter\CodeIgniter->handleRequest(null, Object(Config\Cache), false)
 7 SYSTEMPATH\Boot.php(334): CodeIgniter\CodeIgniter->run()
 8 SYSTEMPATH\Boot.php(67): CodeIgniter\Boot::runCodeIgniter(Object(CodeIgniter\CodeIgniter))
 9 FCPATH\index.php(59): CodeIgniter\Boot::bootWeb(Object(Config\Paths))
CRITICAL - 2025-12-04 14:44:36 --> ErrorException: fwrite(): Write of 4498 bytes failed with errno=32 Broken pipe
[Method: GET, Route: flood/hourly/data]
in APPPATH\Controllers\FloodPredictor.php on line 257.
 1 [internal function]: CodeIgniter\Debug\Exceptions->errorHandler(8, 'fwrite(): Write of 4498 bytes failed with errno=32 Broken pipe', 'D:\\xampp\\htdocs\\FloodGuard\\app\\Controllers\\FloodPredictor.php', 257)
 2 APPPATH\Controllers\FloodPredictor.php(257): fwrite(NULL, '[{"datetime":"2025-12-03T00:00","weather_code (wmo code)":2,"rain (mm)":0,"temp (?C)":26.1,"soil_moisture_0_to_7cm (m?\\/m?)":0,"river_discharge (m?\\/s)":1.28,"wind_gusts_10m (km\\/h)":9.7},{"datetime":"2025-12-03T03:00","weather_code (wmo code)":2,"rain (mm)":0,"temp (?C)":25.9,"soil_moisture_0_to_7cm (m?\\/m?)":0,"river_discharge (m?\\/s)":1.28,"wind_gusts_10m (km\\/h)":3.2},{"datetime":"2025-12-03T06:00","weather_code (wmo code)":3,"rain (mm)":0,"temp (?C)":25,"soil_moisture_0_to_7cm (m?\\/m?)":0,"river_discharge (m?\\/s)":1.28,"wind_gusts_10m (km\\/h)":4.7},{"datetime":"2025-12-03T09:00","weather_code (wmo code)":2,"rain (mm)":0,"temp (?C)":28.4,"soil_moisture_0_to_7cm (m?\\/m?)":0,"river_discharge (m?\\/s)":1.28,"wind_gusts_10m (km\\/h)":14.4},{"datetime":"2025-12-03T12:00","weather_code (wmo code)":2,"rain (mm)":0,"temp (?C)":31.7,"soil_moisture_0_to_7cm (m?\\/m?)":0,"river_discharge (m?\\/s)":1.28,"wind_gusts_10m (km\\/h)":24.8},{"datetime":"2025-12-03T15:00","weather_code (wmo code)":3,"rain (mm)":0,"temp (?C)":32.2,"soil_moisture_0_to_7cm (m?\\/m?)":0,"river_discharge (m?\\/s)":1.28,"wind_gusts_10m (km\\/h)":24.5},{"datetime":"2025-12-03T18:00","weather_code (wmo code)":1,"rain (mm)":0,"temp (?C)":30,"soil_moisture_0_to_7cm (m?\\/m?)":0,"river_discharge (m?\\/s)":1.28,"wind_gusts_10m (km\\/h)":9.7},{"datetime":"2025-12-03T21:00","weather_code (wmo code)":2,"rain (mm)":0,"temp (?C)":28.4,"soil_moisture_0_to_7cm (m?\\/m?)":0,"river_discharge (m?\\/s)":1.28,"wind_gusts_10m (km\\/h)":6.8},{"datetime":"2025-12-04T00:00","weather_code (wmo code)":3,"rain (mm)":0,"temp (?C)":26.7,"soil_moisture_0_to_7cm (m?\\/m?)":0,"river_discharge (m?\\/s)":1.67,"wind_gusts_10m (km\\/h)":6.5},{"datetime":"2025-12-04T03:00","weather_code (wmo code)":3,"rain (mm)":0,"temp (?C)":26.3,"soil_moisture_0_to_7cm (m?\\/m?)":0,"river_discharge (m?\\/s)":1.67,"wind_gusts_10m (km\\/h)":7.9},{"datetime":"2025-12-04T06:00","weather_code (wmo code)":3,"rain (mm)":0,"temp (?C)":25.7,"soil_moisture_0_to_7cm (m?\\/m?)":0,"river_discharge (m?\\/s)":1.67,"wind_gusts_10m (km\\/h)":7.9},{"datetime":"2025-12-04T09:00","weather_code (wmo code)":2,"rain (mm)":0,"temp (?C)":29.1,"soil_moisture_0_to_7cm (m?\\/m?)":0,"river_discharge (m?\\/s)":1.67,"wind_gusts_10m (km\\/h)":26.3},{"datetime":"2025-12-04T12:00","weather_code (wmo code)":1,"rain (mm)":0,"temp (?C)":31.7,"soil_moisture_0_to_7cm (m?\\/m?)":0,"river_discharge (m?\\/s)":1.67,"wind_gusts_10m (km\\/h)":40.3},{"datetime":"2025-12-04T15:00","weather_code (wmo code)":2,"rain (mm)":0,"temp (?C)":30.8,"soil_moisture_0_to_7cm (m?\\/m?)":0,"river_discharge (m?\\/s)":1.67,"wind_gusts_10m (km\\/h)":36.7},{"datetime":"2025-12-04T18:00","weather_code (wmo code)":3,"rain (mm)":0,"temp (?C)":27.1,"soil_moisture_0_to_7cm (m?\\/m?)":0,"river_discharge (m?\\/s)":1.67,"wind_gusts_10m (km\\/h)":19.1},{"datetime":"2025-12-04T21:00","weather_code (wmo code)":2,"rain (mm)":0,"temp (?C)":24.4,"soil_moisture_0_to_7cm (m?\\/m?)":0,"river_discharge (m?\\/s)":1.67,"wind_gusts_10m (km\\/h)":10.4},{"datetime":"2025-12-05T00:00","weather_code (wmo code)":3,"rain (mm)":0,"temp (?C)":23.3,"soil_moisture_0_to_7cm (m?\\/m?)":0,"river_discharge (m?\\/s)":2.05,"wind_gusts_10m (km\\/h)":9.7},{"datetime":"2025-12-05T03:00","weather_code (wmo code)":2,"rain (mm)":0,"temp (?C)":22.5,"soil_moisture_0_to_7cm (m?\\/m?)":0,"river_discharge (m?\\/s)":2.05,"wind_gusts_10m (km\\/h)":9.4},{"datetime":"2025-12-05T06:00","weather_code (wmo code)":0,"rain (mm)":0,"temp (?C)":22.1,"soil_moisture_0_to_7cm (m?\\/m?)":0,"river_discharge (m?\\/s)":2.05,"wind_gusts_10m (km\\/h)":8.6},{"datetime":"2025-12-05T09:00","weather_code (wmo code)":2,"rain (mm)":0,"temp (?C)":26.8,"soil_moisture_0_to_7cm (m?\\/m?)":0,"river_discharge (m?\\/s)":2.05,"wind_gusts_10m (km\\/h)":15.1},{"datetime":"2025-12-05T12:00","weather_code (wmo code)":3,"rain (mm)":0,"temp (?C)":30.8,"soil_moisture_0_to_7cm (m?\\/m?)":0,"river_discharge (m?\\/s)":2.05,"wind_gusts_10m (km\\/h)":34.9},{"datetime":"2025-12-05T15:00","weather_code (wmo code)":3,"rain (mm)":0,"temp (?C)":29.9,"soil_moisture_0_to_7cm (m?\\/m?)":0,"river_discharge (m?\\/s)":2.05,"wind_gusts_10m (km\\/h)":33.5},{"datetime":"2025-12-05T18:00","weather_code (wmo code)":3,"rain (mm)":0,"temp (?C)":26.2,"soil_moisture_0_to_7cm (m?\\/m?)":0,"river_discharge (m?\\/s)":2.05,"wind_gusts_10m (km\\/h)":16.9},{"datetime":"2025-12-05T21:00","weather_code (wmo code)":3,"rain (mm)":0,"temp (?C)":24.3,"soil_moisture_0_to_7cm (m?\\/m?)":0,"river_discharge (m?\\/s)":2.05,"wind_gusts_10m (km\\/h)":10.4}]')
 3 SYSTEMPATH\CodeIgniter.php(933): App\Controllers\FloodPredictor->predict_hourly_ajax()
 4 SYSTEMPATH\CodeIgniter.php(507): CodeIgniter\CodeIgniter->runController(Object(App\Controllers\FloodPredictor))
 5 SYSTEMPATH\CodeIgniter.php(354): CodeIgniter\CodeIgniter->handleRequest(null, Object(Config\Cache), false)
 6 SYSTEMPATH\Boot.php(334): CodeIgniter\CodeIgniter->run()
 7 SYSTEMPATH\Boot.php(67): CodeIgniter\Boot::runCodeIgniter(Object(CodeIgniter\CodeIgniter))
 8 FCPATH\index.php(59): CodeIgniter\Boot::bootWeb(Object(Config\Paths))
CRITICAL - 2025-12-04 14:44:36 --> ErrorException: Uncaught CodeIgniter\Format\Exceptions\FormatException: Failed to parse JSON string. Error: Type is not supported in D:\xampp\htdocs\FloodGuard\system\Format\JSONFormatter.php:45
Stack trace:
#0 D:\xampp\htdocs\FloodGuard\system\Format\JSONFormatter.php(45): CodeIgniter\Format\Exceptions\FormatException::forInvalidJSON('Type is not sup...')
#1 D:\xampp\htdocs\FloodGuard\system\API\ResponseTrait.php(345): CodeIgniter\Format\JSONFormatter->format(Array)
#2 D:\xampp\htdocs\FloodGuard\system\API\ResponseTrait.php(103): CodeIgniter\Debug\ExceptionHandler->format(Array)
#3 D:\xampp\htdocs\FloodGuard\system\Debug\ExceptionHandler.php(85): CodeIgniter\Debug\ExceptionHandler->respond(Array, 500)
#4 D:\xampp\htdocs\FloodGuard\system\Debug\Exceptions.php(162): CodeIgniter\Debug\ExceptionHandler->handle(Object(ErrorException), Object(CodeIgniter\HTTP\IncomingRequest), Object(CodeIgniter\HTTP\Response), 500, 1)
#5 [internal function]: CodeIgniter\Debug\Exceptions->exceptionHandler(Object(ErrorException))
#6 {main}
  thrown
【Previous Exception】
ErrorException
fwrite(): Write of 4498 bytes failed with errno=32 Broken pipe
#0 [internal function]: CodeIgniter\Debug\Exceptions->errorHandler(8, 'fwrite(): Write...', 'D:\\xampp\\htdocs...', 257)
#1 D:\xampp\htdocs\FloodGuard\app\Controllers\FloodPredictor.php(257): fwrite(Resource id #182, '[{"datetime":"2...')
#2 D:\xampp\htdocs\FloodGuard\system\CodeIgniter.php(933): App\Controllers\FloodPredictor->predict_hourly_ajax()
#3 D:\xampp\htdocs\FloodGuard\system\CodeIgniter.php(507): CodeIgniter\CodeIgniter->runController(Object(App\Controllers\FloodPredictor))
#4 D:\xampp\htdocs\FloodGuard\system\CodeIgniter.php(354): CodeIgniter\CodeIgniter->handleRequest(NULL, Object(Config\Cache), false)
#5 D:\xampp\htdocs\FloodGuard\system\Boot.php(334): CodeIgniter\CodeIgniter->run()
#6 D:\xampp\htdocs\FloodGuard\system\Boot.php(67): CodeIgniter\Boot::runCodeIgniter(Object(CodeIgniter\CodeIgniter))
#7 D:\xampp\htdocs\FloodGuard\public\index.php(59): CodeIgniter\Boot::bootWeb(Object(Config\Paths))
#8 {main}
[Method: GET, Route: flood/hourly/data]
in SYSTEMPATH\Format\JSONFormatter.php on line 45.
 1 [internal function]: CodeIgniter\Debug\Exceptions->shutdownHandler()
WARNING - 2025-12-04 14:45:12 --> [DEPRECATED] Passing lowercase HTTP method "get" is deprecated. Use uppercase HTTP method like "GET". in SYSTEMPATH\Router\RouteCollection.php on line 1026.
 1 SYSTEMPATH\Router\RouteCollection.php(1026): trigger_error('Passing lowercase HTTP method "get" is deprecated. Use uppercase HTTP method like "GET".', 16384)
 2 APPPATH\Config\Routes.php(101): CodeIgniter\Router\RouteCollection->match([...], 'sms/gateway', 'SmsController::gateway')
 3 SYSTEMPATH\Router\RouteCollection.php(339): require('D:\\xampp\\htdocs\\FloodGuard\\app\\Config\\Routes.php')
 4 SYSTEMPATH\CodeIgniter.php(821): CodeIgniter\Router\RouteCollection->loadRoutes()
 5 SYSTEMPATH\CodeIgniter.php(455): CodeIgniter\CodeIgniter->tryToRouteIt(null)
 6 SYSTEMPATH\CodeIgniter.php(354): CodeIgniter\CodeIgniter->handleRequest(null, Object(Config\Cache), false)
 7 SYSTEMPATH\Boot.php(334): CodeIgniter\CodeIgniter->run()
 8 SYSTEMPATH\Boot.php(67): CodeIgniter\Boot::runCodeIgniter(Object(CodeIgniter\CodeIgniter))
 9 FCPATH\index.php(59): CodeIgniter\Boot::bootWeb(Object(Config\Paths))
WARNING - 2025-12-04 14:45:12 --> [DEPRECATED] Passing lowercase HTTP method "post" is deprecated. Use uppercase HTTP method like "POST". in SYSTEMPATH\Router\RouteCollection.php on line 1026.
 1 SYSTEMPATH\Router\RouteCollection.php(1026): trigger_error('Passing lowercase HTTP method "post" is deprecated. Use uppercase HTTP method like "POST".', 16384)
 2 APPPATH\Config\Routes.php(101): CodeIgniter\Router\RouteCollection->match([...], 'sms/gateway', 'SmsController::gateway')
 3 SYSTEMPATH\Router\RouteCollection.php(339): require('D:\\xampp\\htdocs\\FloodGuard\\app\\Config\\Routes.php')
 4 SYSTEMPATH\CodeIgniter.php(821): CodeIgniter\Router\RouteCollection->loadRoutes()
 5 SYSTEMPATH\CodeIgniter.php(455): CodeIgniter\CodeIgniter->tryToRouteIt(null)
 6 SYSTEMPATH\CodeIgniter.php(354): CodeIgniter\CodeIgniter->handleRequest(null, Object(Config\Cache), false)
 7 SYSTEMPATH\Boot.php(334): CodeIgniter\CodeIgniter->run()
 8 SYSTEMPATH\Boot.php(67): CodeIgniter\Boot::runCodeIgniter(Object(CodeIgniter\CodeIgniter))
 9 FCPATH\index.php(59): CodeIgniter\Boot::bootWeb(Object(Config\Paths))
DEBUG - 2025-12-04 14:45:12 --> Session: Class initialized using 'CodeIgniter\Session\Handlers\FileHandler' driver.
WARNING - 2025-12-04 14:45:14 --> [DEPRECATED] Passing lowercase HTTP method "get" is deprecated. Use uppercase HTTP method like "GET". in SYSTEMPATH\Router\RouteCollection.php on line 1026.
 1 SYSTEMPATH\Router\RouteCollection.php(1026): trigger_error('Passing lowercase HTTP method "get" is deprecated. Use uppercase HTTP method like "GET".', 16384)
 2 APPPATH\Config\Routes.php(101): CodeIgniter\Router\RouteCollection->match([...], 'sms/gateway', 'SmsController::gateway')
 3 SYSTEMPATH\Router\RouteCollection.php(339): require('D:\\xampp\\htdocs\\FloodGuard\\app\\Config\\Routes.php')
 4 SYSTEMPATH\CodeIgniter.php(821): CodeIgniter\Router\RouteCollection->loadRoutes()
 5 SYSTEMPATH\CodeIgniter.php(455): CodeIgniter\CodeIgniter->tryToRouteIt(null)
 6 SYSTEMPATH\CodeIgniter.php(354): CodeIgniter\CodeIgniter->handleRequest(null, Object(Config\Cache), false)
 7 SYSTEMPATH\Boot.php(334): CodeIgniter\CodeIgniter->run()
 8 SYSTEMPATH\Boot.php(67): CodeIgniter\Boot::runCodeIgniter(Object(CodeIgniter\CodeIgniter))
 9 FCPATH\index.php(59): CodeIgniter\Boot::bootWeb(Object(Config\Paths))
WARNING - 2025-12-04 14:45:14 --> [DEPRECATED] Passing lowercase HTTP method "post" is deprecated. Use uppercase HTTP method like "POST". in SYSTEMPATH\Router\RouteCollection.php on line 1026.
 1 SYSTEMPATH\Router\RouteCollection.php(1026): trigger_error('Passing lowercase HTTP method "post" is deprecated. Use uppercase HTTP method like "POST".', 16384)
 2 APPPATH\Config\Routes.php(101): CodeIgniter\Router\RouteCollection->match([...], 'sms/gateway', 'SmsController::gateway')
 3 SYSTEMPATH\Router\RouteCollection.php(339): require('D:\\xampp\\htdocs\\FloodGuard\\app\\Config\\Routes.php')
 4 SYSTEMPATH\CodeIgniter.php(821): CodeIgniter\Router\RouteCollection->loadRoutes()
 5 SYSTEMPATH\CodeIgniter.php(455): CodeIgniter\CodeIgniter->tryToRouteIt(null)
 6 SYSTEMPATH\CodeIgniter.php(354): CodeIgniter\CodeIgniter->handleRequest(null, Object(Config\Cache), false)
 7 SYSTEMPATH\Boot.php(334): CodeIgniter\CodeIgniter->run()
 8 SYSTEMPATH\Boot.php(67): CodeIgniter\Boot::runCodeIgniter(Object(CodeIgniter\CodeIgniter))
 9 FCPATH\index.php(59): CodeIgniter\Boot::bootWeb(Object(Config\Paths))
WARNING - 2025-12-04 14:47:14 --> [DEPRECATED] Passing lowercase HTTP method "get" is deprecated. Use uppercase HTTP method like "GET". in SYSTEMPATH\Router\RouteCollection.php on line 1026.
 1 SYSTEMPATH\Router\RouteCollection.php(1026): trigger_error('Passing lowercase HTTP method "get" is deprecated. Use uppercase HTTP method like "GET".', 16384)
 2 APPPATH\Config\Routes.php(101): CodeIgniter\Router\RouteCollection->match([...], 'sms/gateway', 'SmsController::gateway')
 3 SYSTEMPATH\Router\RouteCollection.php(339): require('D:\\xampp\\htdocs\\FloodGuard\\app\\Config\\Routes.php')
 4 SYSTEMPATH\CodeIgniter.php(821): CodeIgniter\Router\RouteCollection->loadRoutes()
 5 SYSTEMPATH\CodeIgniter.php(455): CodeIgniter\CodeIgniter->tryToRouteIt(null)
 6 SYSTEMPATH\CodeIgniter.php(354): CodeIgniter\CodeIgniter->handleRequest(null, Object(Config\Cache), false)
 7 SYSTEMPATH\Boot.php(334): CodeIgniter\CodeIgniter->run()
 8 SYSTEMPATH\Boot.php(67): CodeIgniter\Boot::runCodeIgniter(Object(CodeIgniter\CodeIgniter))
 9 FCPATH\index.php(59): CodeIgniter\Boot::bootWeb(Object(Config\Paths))
WARNING - 2025-12-04 14:47:14 --> [DEPRECATED] Passing lowercase HTTP method "post" is deprecated. Use uppercase HTTP method like "POST". in SYSTEMPATH\Router\RouteCollection.php on line 1026.
 1 SYSTEMPATH\Router\RouteCollection.php(1026): trigger_error('Passing lowercase HTTP method "post" is deprecated. Use uppercase HTTP method like "POST".', 16384)
 2 APPPATH\Config\Routes.php(101): CodeIgniter\Router\RouteCollection->match([...], 'sms/gateway', 'SmsController::gateway')
 3 SYSTEMPATH\Router\RouteCollection.php(339): require('D:\\xampp\\htdocs\\FloodGuard\\app\\Config\\Routes.php')
 4 SYSTEMPATH\CodeIgniter.php(821): CodeIgniter\Router\RouteCollection->loadRoutes()
 5 SYSTEMPATH\CodeIgniter.php(455): CodeIgniter\CodeIgniter->tryToRouteIt(null)
 6 SYSTEMPATH\CodeIgniter.php(354): CodeIgniter\CodeIgniter->handleRequest(null, Object(Config\Cache), false)
 7 SYSTEMPATH\Boot.php(334): CodeIgniter\CodeIgniter->run()
 8 SYSTEMPATH\Boot.php(67): CodeIgniter\Boot::runCodeIgniter(Object(CodeIgniter\CodeIgniter))
 9 FCPATH\index.php(59): CodeIgniter\Boot::bootWeb(Object(Config\Paths))
DEBUG - 2025-12-04 14:47:14 --> Session: Class initialized using 'CodeIgniter\Session\Handlers\FileHandler' driver.
WARNING - 2025-12-04 14:47:15 --> [DEPRECATED] Passing lowercase HTTP method "get" is deprecated. Use uppercase HTTP method like "GET". in SYSTEMPATH\Router\RouteCollection.php on line 1026.
 1 SYSTEMPATH\Router\RouteCollection.php(1026): trigger_error('Passing lowercase HTTP method "get" is deprecated. Use uppercase HTTP method like "GET".', 16384)
 2 APPPATH\Config\Routes.php(101): CodeIgniter\Router\RouteCollection->match([...], 'sms/gateway', 'SmsController::gateway')
 3 SYSTEMPATH\Router\RouteCollection.php(339): require('D:\\xampp\\htdocs\\FloodGuard\\app\\Config\\Routes.php')
 4 SYSTEMPATH\CodeIgniter.php(821): CodeIgniter\Router\RouteCollection->loadRoutes()
 5 SYSTEMPATH\CodeIgniter.php(455): CodeIgniter\CodeIgniter->tryToRouteIt(null)
 6 SYSTEMPATH\CodeIgniter.php(354): CodeIgniter\CodeIgniter->handleRequest(null, Object(Config\Cache), false)
 7 SYSTEMPATH\Boot.php(334): CodeIgniter\CodeIgniter->run()
 8 SYSTEMPATH\Boot.php(67): CodeIgniter\Boot::runCodeIgniter(Object(CodeIgniter\CodeIgniter))
 9 FCPATH\index.php(59): CodeIgniter\Boot::bootWeb(Object(Config\Paths))
WARNING - 2025-12-04 14:47:15 --> [DEPRECATED] Passing lowercase HTTP method "post" is deprecated. Use uppercase HTTP method like "POST". in SYSTEMPATH\Router\RouteCollection.php on line 1026.
 1 SYSTEMPATH\Router\RouteCollection.php(1026): trigger_error('Passing lowercase HTTP method "post" is deprecated. Use uppercase HTTP method like "POST".', 16384)
 2 APPPATH\Config\Routes.php(101): CodeIgniter\Router\RouteCollection->match([...], 'sms/gateway', 'SmsController::gateway')
 3 SYSTEMPATH\Router\RouteCollection.php(339): require('D:\\xampp\\htdocs\\FloodGuard\\app\\Config\\Routes.php')
 4 SYSTEMPATH\CodeIgniter.php(821): CodeIgniter\Router\RouteCollection->loadRoutes()
 5 SYSTEMPATH\CodeIgniter.php(455): CodeIgniter\CodeIgniter->tryToRouteIt(null)
 6 SYSTEMPATH\CodeIgniter.php(354): CodeIgniter\CodeIgniter->handleRequest(null, Object(Config\Cache), false)
 7 SYSTEMPATH\Boot.php(334): CodeIgniter\CodeIgniter->run()
 8 SYSTEMPATH\Boot.php(67): CodeIgniter\Boot::runCodeIgniter(Object(CodeIgniter\CodeIgniter))
 9 FCPATH\index.php(59): CodeIgniter\Boot::bootWeb(Object(Config\Paths))
WARNING - 2025-12-04 14:47:44 --> [DEPRECATED] Passing lowercase HTTP method "get" is deprecated. Use uppercase HTTP method like "GET". in SYSTEMPATH\Router\RouteCollection.php on line 1026.
 1 SYSTEMPATH\Router\RouteCollection.php(1026): trigger_error('Passing lowercase HTTP method "get" is deprecated. Use uppercase HTTP method like "GET".', 16384)
 2 APPPATH\Config\Routes.php(101): CodeIgniter\Router\RouteCollection->match([...], 'sms/gateway', 'SmsController::gateway')
 3 SYSTEMPATH\Router\RouteCollection.php(339): require('D:\\xampp\\htdocs\\FloodGuard\\app\\Config\\Routes.php')
 4 SYSTEMPATH\CodeIgniter.php(821): CodeIgniter\Router\RouteCollection->loadRoutes()
 5 SYSTEMPATH\CodeIgniter.php(455): CodeIgniter\CodeIgniter->tryToRouteIt(null)
 6 SYSTEMPATH\CodeIgniter.php(354): CodeIgniter\CodeIgniter->handleRequest(null, Object(Config\Cache), false)
 7 SYSTEMPATH\Boot.php(334): CodeIgniter\CodeIgniter->run()
 8 SYSTEMPATH\Boot.php(67): CodeIgniter\Boot::runCodeIgniter(Object(CodeIgniter\CodeIgniter))
 9 FCPATH\index.php(59): CodeIgniter\Boot::bootWeb(Object(Config\Paths))
WARNING - 2025-12-04 14:47:44 --> [DEPRECATED] Passing lowercase HTTP method "post" is deprecated. Use uppercase HTTP method like "POST". in SYSTEMPATH\Router\RouteCollection.php on line 1026.
 1 SYSTEMPATH\Router\RouteCollection.php(1026): trigger_error('Passing lowercase HTTP method "post" is deprecated. Use uppercase HTTP method like "POST".', 16384)
 2 APPPATH\Config\Routes.php(101): CodeIgniter\Router\RouteCollection->match([...], 'sms/gateway', 'SmsController::gateway')
 3 SYSTEMPATH\Router\RouteCollection.php(339): require('D:\\xampp\\htdocs\\FloodGuard\\app\\Config\\Routes.php')
 4 SYSTEMPATH\CodeIgniter.php(821): CodeIgniter\Router\RouteCollection->loadRoutes()
 5 SYSTEMPATH\CodeIgniter.php(455): CodeIgniter\CodeIgniter->tryToRouteIt(null)
 6 SYSTEMPATH\CodeIgniter.php(354): CodeIgniter\CodeIgniter->handleRequest(null, Object(Config\Cache), false)
 7 SYSTEMPATH\Boot.php(334): CodeIgniter\CodeIgniter->run()
 8 SYSTEMPATH\Boot.php(67): CodeIgniter\Boot::runCodeIgniter(Object(CodeIgniter\CodeIgniter))
 9 FCPATH\index.php(59): CodeIgniter\Boot::bootWeb(Object(Config\Paths))
DEBUG - 2025-12-04 14:47:44 --> Session: Class initialized using 'CodeIgniter\Session\Handlers\FileHandler' driver.
WARNING - 2025-12-04 14:47:45 --> [DEPRECATED] Passing lowercase HTTP method "get" is deprecated. Use uppercase HTTP method like "GET". in SYSTEMPATH\Router\RouteCollection.php on line 1026.
 1 SYSTEMPATH\Router\RouteCollection.php(1026): trigger_error('Passing lowercase HTTP method "get" is deprecated. Use uppercase HTTP method like "GET".', 16384)
 2 APPPATH\Config\Routes.php(101): CodeIgniter\Router\RouteCollection->match([...], 'sms/gateway', 'SmsController::gateway')
 3 SYSTEMPATH\Router\RouteCollection.php(339): require('D:\\xampp\\htdocs\\FloodGuard\\app\\Config\\Routes.php')
 4 SYSTEMPATH\CodeIgniter.php(821): CodeIgniter\Router\RouteCollection->loadRoutes()
 5 SYSTEMPATH\CodeIgniter.php(455): CodeIgniter\CodeIgniter->tryToRouteIt(null)
 6 SYSTEMPATH\CodeIgniter.php(354): CodeIgniter\CodeIgniter->handleRequest(null, Object(Config\Cache), false)
 7 SYSTEMPATH\Boot.php(334): CodeIgniter\CodeIgniter->run()
 8 SYSTEMPATH\Boot.php(67): CodeIgniter\Boot::runCodeIgniter(Object(CodeIgniter\CodeIgniter))
 9 FCPATH\index.php(59): CodeIgniter\Boot::bootWeb(Object(Config\Paths))
WARNING - 2025-12-04 14:47:45 --> [DEPRECATED] Passing lowercase HTTP method "post" is deprecated. Use uppercase HTTP method like "POST". in SYSTEMPATH\Router\RouteCollection.php on line 1026.
 1 SYSTEMPATH\Router\RouteCollection.php(1026): trigger_error('Passing lowercase HTTP method "post" is deprecated. Use uppercase HTTP method like "POST".', 16384)
 2 APPPATH\Config\Routes.php(101): CodeIgniter\Router\RouteCollection->match([...], 'sms/gateway', 'SmsController::gateway')
 3 SYSTEMPATH\Router\RouteCollection.php(339): require('D:\\xampp\\htdocs\\FloodGuard\\app\\Config\\Routes.php')
 4 SYSTEMPATH\CodeIgniter.php(821): CodeIgniter\Router\RouteCollection->loadRoutes()
 5 SYSTEMPATH\CodeIgniter.php(455): CodeIgniter\CodeIgniter->tryToRouteIt(null)
 6 SYSTEMPATH\CodeIgniter.php(354): CodeIgniter\CodeIgniter->handleRequest(null, Object(Config\Cache), false)
 7 SYSTEMPATH\Boot.php(334): CodeIgniter\CodeIgniter->run()
 8 SYSTEMPATH\Boot.php(67): CodeIgniter\Boot::runCodeIgniter(Object(CodeIgniter\CodeIgniter))
 9 FCPATH\index.php(59): CodeIgniter\Boot::bootWeb(Object(Config\Paths))
WARNING - 2025-12-04 14:59:51 --> [DEPRECATED] Passing lowercase HTTP method "get" is deprecated. Use uppercase HTTP method like "GET". in SYSTEMPATH\Router\RouteCollection.php on line 1026.
 1 SYSTEMPATH\Router\RouteCollection.php(1026): trigger_error('Passing lowercase HTTP method "get" is deprecated. Use uppercase HTTP method like "GET".', 16384)
 2 APPPATH\Config\Routes.php(101): CodeIgniter\Router\RouteCollection->match([...], 'sms/gateway', 'SmsController::gateway')
 3 SYSTEMPATH\Router\RouteCollection.php(339): require('D:\\xampp\\htdocs\\FloodGuard\\app\\Config\\Routes.php')
 4 SYSTEMPATH\CodeIgniter.php(821): CodeIgniter\Router\RouteCollection->loadRoutes()
 5 SYSTEMPATH\CodeIgniter.php(455): CodeIgniter\CodeIgniter->tryToRouteIt(null)
 6 SYSTEMPATH\CodeIgniter.php(354): CodeIgniter\CodeIgniter->handleRequest(null, Object(Config\Cache), false)
 7 SYSTEMPATH\Boot.php(334): CodeIgniter\CodeIgniter->run()
 8 SYSTEMPATH\Boot.php(67): CodeIgniter\Boot::runCodeIgniter(Object(CodeIgniter\CodeIgniter))
 9 FCPATH\index.php(59): CodeIgniter\Boot::bootWeb(Object(Config\Paths))
WARNING - 2025-12-04 14:59:51 --> [DEPRECATED] Passing lowercase HTTP method "post" is deprecated. Use uppercase HTTP method like "POST". in SYSTEMPATH\Router\RouteCollection.php on line 1026.
 1 SYSTEMPATH\Router\RouteCollection.php(1026): trigger_error('Passing lowercase HTTP method "post" is deprecated. Use uppercase HTTP method like "POST".', 16384)
 2 APPPATH\Config\Routes.php(101): CodeIgniter\Router\RouteCollection->match([...], 'sms/gateway', 'SmsController::gateway')
 3 SYSTEMPATH\Router\RouteCollection.php(339): require('D:\\xampp\\htdocs\\FloodGuard\\app\\Config\\Routes.php')
 4 SYSTEMPATH\CodeIgniter.php(821): CodeIgniter\Router\RouteCollection->loadRoutes()
 5 SYSTEMPATH\CodeIgniter.php(455): CodeIgniter\CodeIgniter->tryToRouteIt(null)
 6 SYSTEMPATH\CodeIgniter.php(354): CodeIgniter\CodeIgniter->handleRequest(null, Object(Config\Cache), false)
 7 SYSTEMPATH\Boot.php(334): CodeIgniter\CodeIgniter->run()
 8 SYSTEMPATH\Boot.php(67): CodeIgniter\Boot::runCodeIgniter(Object(CodeIgniter\CodeIgniter))
 9 FCPATH\index.php(59): CodeIgniter\Boot::bootWeb(Object(Config\Paths))
DEBUG - 2025-12-04 14:59:51 --> Session: Class initialized using 'CodeIgniter\Session\Handlers\FileHandler' driver.
WARNING - 2025-12-04 14:59:52 --> [DEPRECATED] Passing lowercase HTTP method "get" is deprecated. Use uppercase HTTP method like "GET". in SYSTEMPATH\Router\RouteCollection.php on line 1026.
 1 SYSTEMPATH\Router\RouteCollection.php(1026): trigger_error('Passing lowercase HTTP method "get" is deprecated. Use uppercase HTTP method like "GET".', 16384)
 2 APPPATH\Config\Routes.php(101): CodeIgniter\Router\RouteCollection->match([...], 'sms/gateway', 'SmsController::gateway')
 3 SYSTEMPATH\Router\RouteCollection.php(339): require('D:\\xampp\\htdocs\\FloodGuard\\app\\Config\\Routes.php')
 4 SYSTEMPATH\CodeIgniter.php(821): CodeIgniter\Router\RouteCollection->loadRoutes()
 5 SYSTEMPATH\CodeIgniter.php(455): CodeIgniter\CodeIgniter->tryToRouteIt(null)
 6 SYSTEMPATH\CodeIgniter.php(354): CodeIgniter\CodeIgniter->handleRequest(null, Object(Config\Cache), false)
 7 SYSTEMPATH\Boot.php(334): CodeIgniter\CodeIgniter->run()
 8 SYSTEMPATH\Boot.php(67): CodeIgniter\Boot::runCodeIgniter(Object(CodeIgniter\CodeIgniter))
 9 FCPATH\index.php(59): CodeIgniter\Boot::bootWeb(Object(Config\Paths))
WARNING - 2025-12-04 14:59:52 --> [DEPRECATED] Passing lowercase HTTP method "post" is deprecated. Use uppercase HTTP method like "POST". in SYSTEMPATH\Router\RouteCollection.php on line 1026.
 1 SYSTEMPATH\Router\RouteCollection.php(1026): trigger_error('Passing lowercase HTTP method "post" is deprecated. Use uppercase HTTP method like "POST".', 16384)
 2 APPPATH\Config\Routes.php(101): CodeIgniter\Router\RouteCollection->match([...], 'sms/gateway', 'SmsController::gateway')
 3 SYSTEMPATH\Router\RouteCollection.php(339): require('D:\\xampp\\htdocs\\FloodGuard\\app\\Config\\Routes.php')
 4 SYSTEMPATH\CodeIgniter.php(821): CodeIgniter\Router\RouteCollection->loadRoutes()
 5 SYSTEMPATH\CodeIgniter.php(455): CodeIgniter\CodeIgniter->tryToRouteIt(null)
 6 SYSTEMPATH\CodeIgniter.php(354): CodeIgniter\CodeIgniter->handleRequest(null, Object(Config\Cache), false)
 7 SYSTEMPATH\Boot.php(334): CodeIgniter\CodeIgniter->run()
 8 SYSTEMPATH\Boot.php(67): CodeIgniter\Boot::runCodeIgniter(Object(CodeIgniter\CodeIgniter))
 9 FCPATH\index.php(59): CodeIgniter\Boot::bootWeb(Object(Config\Paths))
WARNING - 2025-12-04 15:05:00 --> [DEPRECATED] Passing lowercase HTTP method "get" is deprecated. Use uppercase HTTP method like "GET". in SYSTEMPATH\Router\RouteCollection.php on line 1026.
 1 SYSTEMPATH\Router\RouteCollection.php(1026): trigger_error('Passing lowercase HTTP method "get" is deprecated. Use uppercase HTTP method like "GET".', 16384)
 2 APPPATH\Config\Routes.php(101): CodeIgniter\Router\RouteCollection->match([...], 'sms/gateway', 'SmsController::gateway')
 3 SYSTEMPATH\Router\RouteCollection.php(339): require('D:\\xampp\\htdocs\\FloodGuard\\app\\Config\\Routes.php')
 4 SYSTEMPATH\CodeIgniter.php(821): CodeIgniter\Router\RouteCollection->loadRoutes()
 5 SYSTEMPATH\CodeIgniter.php(455): CodeIgniter\CodeIgniter->tryToRouteIt(null)
 6 SYSTEMPATH\CodeIgniter.php(354): CodeIgniter\CodeIgniter->handleRequest(null, Object(Config\Cache), false)
 7 SYSTEMPATH\Boot.php(334): CodeIgniter\CodeIgniter->run()
 8 SYSTEMPATH\Boot.php(67): CodeIgniter\Boot::runCodeIgniter(Object(CodeIgniter\CodeIgniter))
 9 FCPATH\index.php(59): CodeIgniter\Boot::bootWeb(Object(Config\Paths))
WARNING - 2025-12-04 15:05:00 --> [DEPRECATED] Passing lowercase HTTP method "post" is deprecated. Use uppercase HTTP method like "POST". in SYSTEMPATH\Router\RouteCollection.php on line 1026.
 1 SYSTEMPATH\Router\RouteCollection.php(1026): trigger_error('Passing lowercase HTTP method "post" is deprecated. Use uppercase HTTP method like "POST".', 16384)
 2 APPPATH\Config\Routes.php(101): CodeIgniter\Router\RouteCollection->match([...], 'sms/gateway', 'SmsController::gateway')
 3 SYSTEMPATH\Router\RouteCollection.php(339): require('D:\\xampp\\htdocs\\FloodGuard\\app\\Config\\Routes.php')
 4 SYSTEMPATH\CodeIgniter.php(821): CodeIgniter\Router\RouteCollection->loadRoutes()
 5 SYSTEMPATH\CodeIgniter.php(455): CodeIgniter\CodeIgniter->tryToRouteIt(null)
 6 SYSTEMPATH\CodeIgniter.php(354): CodeIgniter\CodeIgniter->handleRequest(null, Object(Config\Cache), false)
 7 SYSTEMPATH\Boot.php(334): CodeIgniter\CodeIgniter->run()
 8 SYSTEMPATH\Boot.php(67): CodeIgniter\Boot::runCodeIgniter(Object(CodeIgniter\CodeIgniter))
 9 FCPATH\index.php(59): CodeIgniter\Boot::bootWeb(Object(Config\Paths))
WARNING - 2025-12-04 15:15:17 --> [DEPRECATED] Passing lowercase HTTP method "get" is deprecated. Use uppercase HTTP method like "GET". in SYSTEMPATH\Router\RouteCollection.php on line 1026.
 1 SYSTEMPATH\Router\RouteCollection.php(1026): trigger_error('Passing lowercase HTTP method "get" is deprecated. Use uppercase HTTP method like "GET".', 16384)
 2 APPPATH\Config\Routes.php(101): CodeIgniter\Router\RouteCollection->match([...], 'sms/gateway', 'SmsController::gateway')
 3 SYSTEMPATH\Router\RouteCollection.php(339): require('D:\\xampp\\htdocs\\FloodGuard\\app\\Config\\Routes.php')
 4 SYSTEMPATH\CodeIgniter.php(821): CodeIgniter\Router\RouteCollection->loadRoutes()
 5 SYSTEMPATH\CodeIgniter.php(455): CodeIgniter\CodeIgniter->tryToRouteIt(null)
 6 SYSTEMPATH\CodeIgniter.php(354): CodeIgniter\CodeIgniter->handleRequest(null, Object(Config\Cache), false)
 7 SYSTEMPATH\Boot.php(334): CodeIgniter\CodeIgniter->run()
 8 SYSTEMPATH\Boot.php(67): CodeIgniter\Boot::runCodeIgniter(Object(CodeIgniter\CodeIgniter))
 9 FCPATH\index.php(59): CodeIgniter\Boot::bootWeb(Object(Config\Paths))
WARNING - 2025-12-04 15:15:17 --> [DEPRECATED] Passing lowercase HTTP method "post" is deprecated. Use uppercase HTTP method like "POST". in SYSTEMPATH\Router\RouteCollection.php on line 1026.
 1 SYSTEMPATH\Router\RouteCollection.php(1026): trigger_error('Passing lowercase HTTP method "post" is deprecated. Use uppercase HTTP method like "POST".', 16384)
 2 APPPATH\Config\Routes.php(101): CodeIgniter\Router\RouteCollection->match([...], 'sms/gateway', 'SmsController::gateway')
 3 SYSTEMPATH\Router\RouteCollection.php(339): require('D:\\xampp\\htdocs\\FloodGuard\\app\\Config\\Routes.php')
 4 SYSTEMPATH\CodeIgniter.php(821): CodeIgniter\Router\RouteCollection->loadRoutes()
 5 SYSTEMPATH\CodeIgniter.php(455): CodeIgniter\CodeIgniter->tryToRouteIt(null)
 6 SYSTEMPATH\CodeIgniter.php(354): CodeIgniter\CodeIgniter->handleRequest(null, Object(Config\Cache), false)
 7 SYSTEMPATH\Boot.php(334): CodeIgniter\CodeIgniter->run()
 8 SYSTEMPATH\Boot.php(67): CodeIgniter\Boot::runCodeIgniter(Object(CodeIgniter\CodeIgniter))
 9 FCPATH\index.php(59): CodeIgniter\Boot::bootWeb(Object(Config\Paths))
DEBUG - 2025-12-04 15:15:17 --> Session: Class initialized using 'CodeIgniter\Session\Handlers\FileHandler' driver.
WARNING - 2025-12-04 15:15:18 --> [DEPRECATED] Passing lowercase HTTP method "get" is deprecated. Use uppercase HTTP method like "GET". in SYSTEMPATH\Router\RouteCollection.php on line 1026.
 1 SYSTEMPATH\Router\RouteCollection.php(1026): trigger_error('Passing lowercase HTTP method "get" is deprecated. Use uppercase HTTP method like "GET".', 16384)
 2 APPPATH\Config\Routes.php(101): CodeIgniter\Router\RouteCollection->match([...], 'sms/gateway', 'SmsController::gateway')
 3 SYSTEMPATH\Router\RouteCollection.php(339): require('D:\\xampp\\htdocs\\FloodGuard\\app\\Config\\Routes.php')
 4 SYSTEMPATH\CodeIgniter.php(821): CodeIgniter\Router\RouteCollection->loadRoutes()
 5 SYSTEMPATH\CodeIgniter.php(455): CodeIgniter\CodeIgniter->tryToRouteIt(null)
 6 SYSTEMPATH\CodeIgniter.php(354): CodeIgniter\CodeIgniter->handleRequest(null, Object(Config\Cache), false)
 7 SYSTEMPATH\Boot.php(334): CodeIgniter\CodeIgniter->run()
 8 SYSTEMPATH\Boot.php(67): CodeIgniter\Boot::runCodeIgniter(Object(CodeIgniter\CodeIgniter))
 9 FCPATH\index.php(59): CodeIgniter\Boot::bootWeb(Object(Config\Paths))
WARNING - 2025-12-04 15:15:18 --> [DEPRECATED] Passing lowercase HTTP method "post" is deprecated. Use uppercase HTTP method like "POST". in SYSTEMPATH\Router\RouteCollection.php on line 1026.
 1 SYSTEMPATH\Router\RouteCollection.php(1026): trigger_error('Passing lowercase HTTP method "post" is deprecated. Use uppercase HTTP method like "POST".', 16384)
 2 APPPATH\Config\Routes.php(101): CodeIgniter\Router\RouteCollection->match([...], 'sms/gateway', 'SmsController::gateway')
 3 SYSTEMPATH\Router\RouteCollection.php(339): require('D:\\xampp\\htdocs\\FloodGuard\\app\\Config\\Routes.php')
 4 SYSTEMPATH\CodeIgniter.php(821): CodeIgniter\Router\RouteCollection->loadRoutes()
 5 SYSTEMPATH\CodeIgniter.php(455): CodeIgniter\CodeIgniter->tryToRouteIt(null)
 6 SYSTEMPATH\CodeIgniter.php(354): CodeIgniter\CodeIgniter->handleRequest(null, Object(Config\Cache), false)
 7 SYSTEMPATH\Boot.php(334): CodeIgniter\CodeIgniter->run()
 8 SYSTEMPATH\Boot.php(67): CodeIgniter\Boot::runCodeIgniter(Object(CodeIgniter\CodeIgniter))
 9 FCPATH\index.php(59): CodeIgniter\Boot::bootWeb(Object(Config\Paths))
WARNING - 2025-12-04 15:21:53 --> [DEPRECATED] Passing lowercase HTTP method "get" is deprecated. Use uppercase HTTP method like "GET". in SYSTEMPATH\Router\RouteCollection.php on line 1026.
 1 SYSTEMPATH\Router\RouteCollection.php(1026): trigger_error('Passing lowercase HTTP method "get" is deprecated. Use uppercase HTTP method like "GET".', 16384)
 2 APPPATH\Config\Routes.php(101): CodeIgniter\Router\RouteCollection->match([...], 'sms/gateway', 'SmsController::gateway')
 3 SYSTEMPATH\Router\RouteCollection.php(339): require('D:\\xampp\\htdocs\\FloodGuard\\app\\Config\\Routes.php')
 4 SYSTEMPATH\CodeIgniter.php(821): CodeIgniter\Router\RouteCollection->loadRoutes()
 5 SYSTEMPATH\CodeIgniter.php(455): CodeIgniter\CodeIgniter->tryToRouteIt(null)
 6 SYSTEMPATH\CodeIgniter.php(354): CodeIgniter\CodeIgniter->handleRequest(null, Object(Config\Cache), false)
 7 SYSTEMPATH\Boot.php(334): CodeIgniter\CodeIgniter->run()
 8 SYSTEMPATH\Boot.php(67): CodeIgniter\Boot::runCodeIgniter(Object(CodeIgniter\CodeIgniter))
 9 FCPATH\index.php(59): CodeIgniter\Boot::bootWeb(Object(Config\Paths))
WARNING - 2025-12-04 15:21:53 --> [DEPRECATED] Passing lowercase HTTP method "post" is deprecated. Use uppercase HTTP method like "POST". in SYSTEMPATH\Router\RouteCollection.php on line 1026.
 1 SYSTEMPATH\Router\RouteCollection.php(1026): trigger_error('Passing lowercase HTTP method "post" is deprecated. Use uppercase HTTP method like "POST".', 16384)
 2 APPPATH\Config\Routes.php(101): CodeIgniter\Router\RouteCollection->match([...], 'sms/gateway', 'SmsController::gateway')
 3 SYSTEMPATH\Router\RouteCollection.php(339): require('D:\\xampp\\htdocs\\FloodGuard\\app\\Config\\Routes.php')
 4 SYSTEMPATH\CodeIgniter.php(821): CodeIgniter\Router\RouteCollection->loadRoutes()
 5 SYSTEMPATH\CodeIgniter.php(455): CodeIgniter\CodeIgniter->tryToRouteIt(null)
 6 SYSTEMPATH\CodeIgniter.php(354): CodeIgniter\CodeIgniter->handleRequest(null, Object(Config\Cache), false)
 7 SYSTEMPATH\Boot.php(334): CodeIgniter\CodeIgniter->run()
 8 SYSTEMPATH\Boot.php(67): CodeIgniter\Boot::runCodeIgniter(Object(CodeIgniter\CodeIgniter))
 9 FCPATH\index.php(59): CodeIgniter\Boot::bootWeb(Object(Config\Paths))
DEBUG - 2025-12-04 15:21:53 --> Session: Class initialized using 'CodeIgniter\Session\Handlers\FileHandler' driver.
WARNING - 2025-12-04 15:21:54 --> [DEPRECATED] Passing lowercase HTTP method "get" is deprecated. Use uppercase HTTP method like "GET". in SYSTEMPATH\Router\RouteCollection.php on line 1026.
 1 SYSTEMPATH\Router\RouteCollection.php(1026): trigger_error('Passing lowercase HTTP method "get" is deprecated. Use uppercase HTTP method like "GET".', 16384)
 2 APPPATH\Config\Routes.php(101): CodeIgniter\Router\RouteCollection->match([...], 'sms/gateway', 'SmsController::gateway')
 3 SYSTEMPATH\Router\RouteCollection.php(339): require('D:\\xampp\\htdocs\\FloodGuard\\app\\Config\\Routes.php')
 4 SYSTEMPATH\CodeIgniter.php(821): CodeIgniter\Router\RouteCollection->loadRoutes()
 5 SYSTEMPATH\CodeIgniter.php(455): CodeIgniter\CodeIgniter->tryToRouteIt(null)
 6 SYSTEMPATH\CodeIgniter.php(354): CodeIgniter\CodeIgniter->handleRequest(null, Object(Config\Cache), false)
 7 SYSTEMPATH\Boot.php(334): CodeIgniter\CodeIgniter->run()
 8 SYSTEMPATH\Boot.php(67): CodeIgniter\Boot::runCodeIgniter(Object(CodeIgniter\CodeIgniter))
 9 FCPATH\index.php(59): CodeIgniter\Boot::bootWeb(Object(Config\Paths))
WARNING - 2025-12-04 15:21:54 --> [DEPRECATED] Passing lowercase HTTP method "post" is deprecated. Use uppercase HTTP method like "POST". in SYSTEMPATH\Router\RouteCollection.php on line 1026.
 1 SYSTEMPATH\Router\RouteCollection.php(1026): trigger_error('Passing lowercase HTTP method "post" is deprecated. Use uppercase HTTP method like "POST".', 16384)
 2 APPPATH\Config\Routes.php(101): CodeIgniter\Router\RouteCollection->match([...], 'sms/gateway', 'SmsController::gateway')
 3 SYSTEMPATH\Router\RouteCollection.php(339): require('D:\\xampp\\htdocs\\FloodGuard\\app\\Config\\Routes.php')
 4 SYSTEMPATH\CodeIgniter.php(821): CodeIgniter\Router\RouteCollection->loadRoutes()
 5 SYSTEMPATH\CodeIgniter.php(455): CodeIgniter\CodeIgniter->tryToRouteIt(null)
 6 SYSTEMPATH\CodeIgniter.php(354): CodeIgniter\CodeIgniter->handleRequest(null, Object(Config\Cache), false)
 7 SYSTEMPATH\Boot.php(334): CodeIgniter\CodeIgniter->run()
 8 SYSTEMPATH\Boot.php(67): CodeIgniter\Boot::runCodeIgniter(Object(CodeIgniter\CodeIgniter))
 9 FCPATH\index.php(59): CodeIgniter\Boot::bootWeb(Object(Config\Paths))
WARNING - 2025-12-04 15:34:55 --> [DEPRECATED] Passing lowercase HTTP method "get" is deprecated. Use uppercase HTTP method like "GET". in SYSTEMPATH\Router\RouteCollection.php on line 1026.
 1 SYSTEMPATH\Router\RouteCollection.php(1026): trigger_error('Passing lowercase HTTP method "get" is deprecated. Use uppercase HTTP method like "GET".', 16384)
 2 APPPATH\Config\Routes.php(101): CodeIgniter\Router\RouteCollection->match([...], 'sms/gateway', 'SmsController::gateway')
 3 SYSTEMPATH\Router\RouteCollection.php(339): require('D:\\xampp\\htdocs\\FloodGuard\\app\\Config\\Routes.php')
 4 SYSTEMPATH\CodeIgniter.php(821): CodeIgniter\Router\RouteCollection->loadRoutes()
 5 SYSTEMPATH\CodeIgniter.php(455): CodeIgniter\CodeIgniter->tryToRouteIt(null)
 6 SYSTEMPATH\CodeIgniter.php(354): CodeIgniter\CodeIgniter->handleRequest(null, Object(Config\Cache), false)
 7 SYSTEMPATH\Boot.php(334): CodeIgniter\CodeIgniter->run()
 8 SYSTEMPATH\Boot.php(67): CodeIgniter\Boot::runCodeIgniter(Object(CodeIgniter\CodeIgniter))
 9 FCPATH\index.php(59): CodeIgniter\Boot::bootWeb(Object(Config\Paths))
WARNING - 2025-12-04 15:34:55 --> [DEPRECATED] Passing lowercase HTTP method "post" is deprecated. Use uppercase HTTP method like "POST". in SYSTEMPATH\Router\RouteCollection.php on line 1026.
 1 SYSTEMPATH\Router\RouteCollection.php(1026): trigger_error('Passing lowercase HTTP method "post" is deprecated. Use uppercase HTTP method like "POST".', 16384)
 2 APPPATH\Config\Routes.php(101): CodeIgniter\Router\RouteCollection->match([...], 'sms/gateway', 'SmsController::gateway')
 3 SYSTEMPATH\Router\RouteCollection.php(339): require('D:\\xampp\\htdocs\\FloodGuard\\app\\Config\\Routes.php')
 4 SYSTEMPATH\CodeIgniter.php(821): CodeIgniter\Router\RouteCollection->loadRoutes()
 5 SYSTEMPATH\CodeIgniter.php(455): CodeIgniter\CodeIgniter->tryToRouteIt(null)
 6 SYSTEMPATH\CodeIgniter.php(354): CodeIgniter\CodeIgniter->handleRequest(null, Object(Config\Cache), false)
 7 SYSTEMPATH\Boot.php(334): CodeIgniter\CodeIgniter->run()
 8 SYSTEMPATH\Boot.php(67): CodeIgniter\Boot::runCodeIgniter(Object(CodeIgniter\CodeIgniter))
 9 FCPATH\index.php(59): CodeIgniter\Boot::bootWeb(Object(Config\Paths))
DEBUG - 2025-12-04 15:34:55 --> Session: Class initialized using 'CodeIgniter\Session\Handlers\FileHandler' driver.
WARNING - 2025-12-04 15:34:56 --> [DEPRECATED] Passing lowercase HTTP method "get" is deprecated. Use uppercase HTTP method like "GET". in SYSTEMPATH\Router\RouteCollection.php on line 1026.
 1 SYSTEMPATH\Router\RouteCollection.php(1026): trigger_error('Passing lowercase HTTP method "get" is deprecated. Use uppercase HTTP method like "GET".', 16384)
 2 APPPATH\Config\Routes.php(101): CodeIgniter\Router\RouteCollection->match([...], 'sms/gateway', 'SmsController::gateway')
 3 SYSTEMPATH\Router\RouteCollection.php(339): require('D:\\xampp\\htdocs\\FloodGuard\\app\\Config\\Routes.php')
 4 SYSTEMPATH\CodeIgniter.php(821): CodeIgniter\Router\RouteCollection->loadRoutes()
 5 SYSTEMPATH\CodeIgniter.php(455): CodeIgniter\CodeIgniter->tryToRouteIt(null)
 6 SYSTEMPATH\CodeIgniter.php(354): CodeIgniter\CodeIgniter->handleRequest(null, Object(Config\Cache), false)
 7 SYSTEMPATH\Boot.php(334): CodeIgniter\CodeIgniter->run()
 8 SYSTEMPATH\Boot.php(67): CodeIgniter\Boot::runCodeIgniter(Object(CodeIgniter\CodeIgniter))
 9 FCPATH\index.php(59): CodeIgniter\Boot::bootWeb(Object(Config\Paths))
WARNING - 2025-12-04 15:34:56 --> [DEPRECATED] Passing lowercase HTTP method "post" is deprecated. Use uppercase HTTP method like "POST". in SYSTEMPATH\Router\RouteCollection.php on line 1026.
 1 SYSTEMPATH\Router\RouteCollection.php(1026): trigger_error('Passing lowercase HTTP method "post" is deprecated. Use uppercase HTTP method like "POST".', 16384)
 2 APPPATH\Config\Routes.php(101): CodeIgniter\Router\RouteCollection->match([...], 'sms/gateway', 'SmsController::gateway')
 3 SYSTEMPATH\Router\RouteCollection.php(339): require('D:\\xampp\\htdocs\\FloodGuard\\app\\Config\\Routes.php')
 4 SYSTEMPATH\CodeIgniter.php(821): CodeIgniter\Router\RouteCollection->loadRoutes()
 5 SYSTEMPATH\CodeIgniter.php(455): CodeIgniter\CodeIgniter->tryToRouteIt(null)
 6 SYSTEMPATH\CodeIgniter.php(354): CodeIgniter\CodeIgniter->handleRequest(null, Object(Config\Cache), false)
 7 SYSTEMPATH\Boot.php(334): CodeIgniter\CodeIgniter->run()
 8 SYSTEMPATH\Boot.php(67): CodeIgniter\Boot::runCodeIgniter(Object(CodeIgniter\CodeIgniter))
 9 FCPATH\index.php(59): CodeIgniter\Boot::bootWeb(Object(Config\Paths))
WARNING - 2025-12-04 15:37:42 --> [DEPRECATED] Passing lowercase HTTP method "get" is deprecated. Use uppercase HTTP method like "GET". in SYSTEMPATH\Router\RouteCollection.php on line 1026.
 1 SYSTEMPATH\Router\RouteCollection.php(1026): trigger_error('Passing lowercase HTTP method "get" is deprecated. Use uppercase HTTP method like "GET".', 16384)
 2 APPPATH\Config\Routes.php(101): CodeIgniter\Router\RouteCollection->match([...], 'sms/gateway', 'SmsController::gateway')
 3 SYSTEMPATH\Router\RouteCollection.php(339): require('D:\\xampp\\htdocs\\FloodGuard\\app\\Config\\Routes.php')
 4 SYSTEMPATH\CodeIgniter.php(821): CodeIgniter\Router\RouteCollection->loadRoutes()
 5 SYSTEMPATH\CodeIgniter.php(455): CodeIgniter\CodeIgniter->tryToRouteIt(null)
 6 SYSTEMPATH\CodeIgniter.php(354): CodeIgniter\CodeIgniter->handleRequest(null, Object(Config\Cache), false)
 7 SYSTEMPATH\Boot.php(334): CodeIgniter\CodeIgniter->run()
 8 SYSTEMPATH\Boot.php(67): CodeIgniter\Boot::runCodeIgniter(Object(CodeIgniter\CodeIgniter))
 9 FCPATH\index.php(59): CodeIgniter\Boot::bootWeb(Object(Config\Paths))
WARNING - 2025-12-04 15:37:42 --> [DEPRECATED] Passing lowercase HTTP method "post" is deprecated. Use uppercase HTTP method like "POST". in SYSTEMPATH\Router\RouteCollection.php on line 1026.
 1 SYSTEMPATH\Router\RouteCollection.php(1026): trigger_error('Passing lowercase HTTP method "post" is deprecated. Use uppercase HTTP method like "POST".', 16384)
 2 APPPATH\Config\Routes.php(101): CodeIgniter\Router\RouteCollection->match([...], 'sms/gateway', 'SmsController::gateway')
 3 SYSTEMPATH\Router\RouteCollection.php(339): require('D:\\xampp\\htdocs\\FloodGuard\\app\\Config\\Routes.php')
 4 SYSTEMPATH\CodeIgniter.php(821): CodeIgniter\Router\RouteCollection->loadRoutes()
 5 SYSTEMPATH\CodeIgniter.php(455): CodeIgniter\CodeIgniter->tryToRouteIt(null)
 6 SYSTEMPATH\CodeIgniter.php(354): CodeIgniter\CodeIgniter->handleRequest(null, Object(Config\Cache), false)
 7 SYSTEMPATH\Boot.php(334): CodeIgniter\CodeIgniter->run()
 8 SYSTEMPATH\Boot.php(67): CodeIgniter\Boot::runCodeIgniter(Object(CodeIgniter\CodeIgniter))
 9 FCPATH\index.php(59): CodeIgniter\Boot::bootWeb(Object(Config\Paths))
DEBUG - 2025-12-04 15:37:42 --> Session: Class initialized using 'CodeIgniter\Session\Handlers\FileHandler' driver.
WARNING - 2025-12-04 15:37:43 --> [DEPRECATED] Passing lowercase HTTP method "get" is deprecated. Use uppercase HTTP method like "GET". in SYSTEMPATH\Router\RouteCollection.php on line 1026.
 1 SYSTEMPATH\Router\RouteCollection.php(1026): trigger_error('Passing lowercase HTTP method "get" is deprecated. Use uppercase HTTP method like "GET".', 16384)
 2 APPPATH\Config\Routes.php(101): CodeIgniter\Router\RouteCollection->match([...], 'sms/gateway', 'SmsController::gateway')
 3 SYSTEMPATH\Router\RouteCollection.php(339): require('D:\\xampp\\htdocs\\FloodGuard\\app\\Config\\Routes.php')
 4 SYSTEMPATH\CodeIgniter.php(821): CodeIgniter\Router\RouteCollection->loadRoutes()
 5 SYSTEMPATH\CodeIgniter.php(455): CodeIgniter\CodeIgniter->tryToRouteIt(null)
 6 SYSTEMPATH\CodeIgniter.php(354): CodeIgniter\CodeIgniter->handleRequest(null, Object(Config\Cache), false)
 7 SYSTEMPATH\Boot.php(334): CodeIgniter\CodeIgniter->run()
 8 SYSTEMPATH\Boot.php(67): CodeIgniter\Boot::runCodeIgniter(Object(CodeIgniter\CodeIgniter))
 9 FCPATH\index.php(59): CodeIgniter\Boot::bootWeb(Object(Config\Paths))
WARNING - 2025-12-04 15:37:43 --> [DEPRECATED] Passing lowercase HTTP method "post" is deprecated. Use uppercase HTTP method like "POST". in SYSTEMPATH\Router\RouteCollection.php on line 1026.
 1 SYSTEMPATH\Router\RouteCollection.php(1026): trigger_error('Passing lowercase HTTP method "post" is deprecated. Use uppercase HTTP method like "POST".', 16384)
 2 APPPATH\Config\Routes.php(101): CodeIgniter\Router\RouteCollection->match([...], 'sms/gateway', 'SmsController::gateway')
 3 SYSTEMPATH\Router\RouteCollection.php(339): require('D:\\xampp\\htdocs\\FloodGuard\\app\\Config\\Routes.php')
 4 SYSTEMPATH\CodeIgniter.php(821): CodeIgniter\Router\RouteCollection->loadRoutes()
 5 SYSTEMPATH\CodeIgniter.php(455): CodeIgniter\CodeIgniter->tryToRouteIt(null)
 6 SYSTEMPATH\CodeIgniter.php(354): CodeIgniter\CodeIgniter->handleRequest(null, Object(Config\Cache), false)
 7 SYSTEMPATH\Boot.php(334): CodeIgniter\CodeIgniter->run()
 8 SYSTEMPATH\Boot.php(67): CodeIgniter\Boot::runCodeIgniter(Object(CodeIgniter\CodeIgniter))
 9 FCPATH\index.php(59): CodeIgniter\Boot::bootWeb(Object(Config\Paths))
WARNING - 2025-12-04 15:39:45 --> [DEPRECATED] Passing lowercase HTTP method "get" is deprecated. Use uppercase HTTP method like "GET". in SYSTEMPATH\Router\RouteCollection.php on line 1026.
 1 SYSTEMPATH\Router\RouteCollection.php(1026): trigger_error('Passing lowercase HTTP method "get" is deprecated. Use uppercase HTTP method like "GET".', 16384)
 2 APPPATH\Config\Routes.php(101): CodeIgniter\Router\RouteCollection->match([...], 'sms/gateway', 'SmsController::gateway')
 3 SYSTEMPATH\Router\RouteCollection.php(339): require('D:\\xampp\\htdocs\\FloodGuard\\app\\Config\\Routes.php')
 4 SYSTEMPATH\CodeIgniter.php(821): CodeIgniter\Router\RouteCollection->loadRoutes()
 5 SYSTEMPATH\CodeIgniter.php(455): CodeIgniter\CodeIgniter->tryToRouteIt(null)
 6 SYSTEMPATH\CodeIgniter.php(354): CodeIgniter\CodeIgniter->handleRequest(null, Object(Config\Cache), false)
 7 SYSTEMPATH\Boot.php(334): CodeIgniter\CodeIgniter->run()
 8 SYSTEMPATH\Boot.php(67): CodeIgniter\Boot::runCodeIgniter(Object(CodeIgniter\CodeIgniter))
 9 FCPATH\index.php(59): CodeIgniter\Boot::bootWeb(Object(Config\Paths))
WARNING - 2025-12-04 15:39:45 --> [DEPRECATED] Passing lowercase HTTP method "post" is deprecated. Use uppercase HTTP method like "POST". in SYSTEMPATH\Router\RouteCollection.php on line 1026.
 1 SYSTEMPATH\Router\RouteCollection.php(1026): trigger_error('Passing lowercase HTTP method "post" is deprecated. Use uppercase HTTP method like "POST".', 16384)
 2 APPPATH\Config\Routes.php(101): CodeIgniter\Router\RouteCollection->match([...], 'sms/gateway', 'SmsController::gateway')
 3 SYSTEMPATH\Router\RouteCollection.php(339): require('D:\\xampp\\htdocs\\FloodGuard\\app\\Config\\Routes.php')
 4 SYSTEMPATH\CodeIgniter.php(821): CodeIgniter\Router\RouteCollection->loadRoutes()
 5 SYSTEMPATH\CodeIgniter.php(455): CodeIgniter\CodeIgniter->tryToRouteIt(null)
 6 SYSTEMPATH\CodeIgniter.php(354): CodeIgniter\CodeIgniter->handleRequest(null, Object(Config\Cache), false)
 7 SYSTEMPATH\Boot.php(334): CodeIgniter\CodeIgniter->run()
 8 SYSTEMPATH\Boot.php(67): CodeIgniter\Boot::runCodeIgniter(Object(CodeIgniter\CodeIgniter))
 9 FCPATH\index.php(59): CodeIgniter\Boot::bootWeb(Object(Config\Paths))
DEBUG - 2025-12-04 15:39:45 --> Session: Class initialized using 'CodeIgniter\Session\Handlers\FileHandler' driver.
WARNING - 2025-12-04 15:39:45 --> [DEPRECATED] Passing lowercase HTTP method "get" is deprecated. Use uppercase HTTP method like "GET". in SYSTEMPATH\Router\RouteCollection.php on line 1026.
 1 SYSTEMPATH\Router\RouteCollection.php(1026): trigger_error('Passing lowercase HTTP method "get" is deprecated. Use uppercase HTTP method like "GET".', 16384)
 2 APPPATH\Config\Routes.php(101): CodeIgniter\Router\RouteCollection->match([...], 'sms/gateway', 'SmsController::gateway')
 3 SYSTEMPATH\Router\RouteCollection.php(339): require('D:\\xampp\\htdocs\\FloodGuard\\app\\Config\\Routes.php')
 4 SYSTEMPATH\CodeIgniter.php(821): CodeIgniter\Router\RouteCollection->loadRoutes()
 5 SYSTEMPATH\CodeIgniter.php(455): CodeIgniter\CodeIgniter->tryToRouteIt(null)
 6 SYSTEMPATH\CodeIgniter.php(354): CodeIgniter\CodeIgniter->handleRequest(null, Object(Config\Cache), false)
 7 SYSTEMPATH\Boot.php(334): CodeIgniter\CodeIgniter->run()
 8 SYSTEMPATH\Boot.php(67): CodeIgniter\Boot::runCodeIgniter(Object(CodeIgniter\CodeIgniter))
 9 FCPATH\index.php(59): CodeIgniter\Boot::bootWeb(Object(Config\Paths))
WARNING - 2025-12-04 15:39:45 --> [DEPRECATED] Passing lowercase HTTP method "post" is deprecated. Use uppercase HTTP method like "POST". in SYSTEMPATH\Router\RouteCollection.php on line 1026.
 1 SYSTEMPATH\Router\RouteCollection.php(1026): trigger_error('Passing lowercase HTTP method "post" is deprecated. Use uppercase HTTP method like "POST".', 16384)
 2 APPPATH\Config\Routes.php(101): CodeIgniter\Router\RouteCollection->match([...], 'sms/gateway', 'SmsController::gateway')
 3 SYSTEMPATH\Router\RouteCollection.php(339): require('D:\\xampp\\htdocs\\FloodGuard\\app\\Config\\Routes.php')
 4 SYSTEMPATH\CodeIgniter.php(821): CodeIgniter\Router\RouteCollection->loadRoutes()
 5 SYSTEMPATH\CodeIgniter.php(455): CodeIgniter\CodeIgniter->tryToRouteIt(null)
 6 SYSTEMPATH\CodeIgniter.php(354): CodeIgniter\CodeIgniter->handleRequest(null, Object(Config\Cache), false)
 7 SYSTEMPATH\Boot.php(334): CodeIgniter\CodeIgniter->run()
 8 SYSTEMPATH\Boot.php(67): CodeIgniter\Boot::runCodeIgniter(Object(CodeIgniter\CodeIgniter))
 9 FCPATH\index.php(59): CodeIgniter\Boot::bootWeb(Object(Config\Paths))
WARNING - 2025-12-04 15:50:00 --> [DEPRECATED] Passing lowercase HTTP method "get" is deprecated. Use uppercase HTTP method like "GET". in SYSTEMPATH\Router\RouteCollection.php on line 1026.
 1 SYSTEMPATH\Router\RouteCollection.php(1026): trigger_error('Passing lowercase HTTP method "get" is deprecated. Use uppercase HTTP method like "GET".', 16384)
 2 APPPATH\Config\Routes.php(101): CodeIgniter\Router\RouteCollection->match([...], 'sms/gateway', 'SmsController::gateway')
 3 SYSTEMPATH\Router\RouteCollection.php(339): require('D:\\xampp\\htdocs\\FloodGuard\\app\\Config\\Routes.php')
 4 SYSTEMPATH\CodeIgniter.php(821): CodeIgniter\Router\RouteCollection->loadRoutes()
 5 SYSTEMPATH\CodeIgniter.php(455): CodeIgniter\CodeIgniter->tryToRouteIt(null)
 6 SYSTEMPATH\CodeIgniter.php(354): CodeIgniter\CodeIgniter->handleRequest(null, Object(Config\Cache), false)
 7 SYSTEMPATH\Boot.php(334): CodeIgniter\CodeIgniter->run()
 8 SYSTEMPATH\Boot.php(67): CodeIgniter\Boot::runCodeIgniter(Object(CodeIgniter\CodeIgniter))
 9 FCPATH\index.php(59): CodeIgniter\Boot::bootWeb(Object(Config\Paths))
WARNING - 2025-12-04 15:50:00 --> [DEPRECATED] Passing lowercase HTTP method "post" is deprecated. Use uppercase HTTP method like "POST". in SYSTEMPATH\Router\RouteCollection.php on line 1026.
 1 SYSTEMPATH\Router\RouteCollection.php(1026): trigger_error('Passing lowercase HTTP method "post" is deprecated. Use uppercase HTTP method like "POST".', 16384)
 2 APPPATH\Config\Routes.php(101): CodeIgniter\Router\RouteCollection->match([...], 'sms/gateway', 'SmsController::gateway')
 3 SYSTEMPATH\Router\RouteCollection.php(339): require('D:\\xampp\\htdocs\\FloodGuard\\app\\Config\\Routes.php')
 4 SYSTEMPATH\CodeIgniter.php(821): CodeIgniter\Router\RouteCollection->loadRoutes()
 5 SYSTEMPATH\CodeIgniter.php(455): CodeIgniter\CodeIgniter->tryToRouteIt(null)
 6 SYSTEMPATH\CodeIgniter.php(354): CodeIgniter\CodeIgniter->handleRequest(null, Object(Config\Cache), false)
 7 SYSTEMPATH\Boot.php(334): CodeIgniter\CodeIgniter->run()
 8 SYSTEMPATH\Boot.php(67): CodeIgniter\Boot::runCodeIgniter(Object(CodeIgniter\CodeIgniter))
 9 FCPATH\index.php(59): CodeIgniter\Boot::bootWeb(Object(Config\Paths))
WARNING - 2025-12-04 16:09:45 --> [DEPRECATED] Passing lowercase HTTP method "get" is deprecated. Use uppercase HTTP method like "GET". in SYSTEMPATH\Router\RouteCollection.php on line 1026.
 1 SYSTEMPATH\Router\RouteCollection.php(1026): trigger_error('Passing lowercase HTTP method "get" is deprecated. Use uppercase HTTP method like "GET".', 16384)
 2 APPPATH\Config\Routes.php(101): CodeIgniter\Router\RouteCollection->match([...], 'sms/gateway', 'SmsController::gateway')
 3 SYSTEMPATH\Router\RouteCollection.php(339): require('D:\\xampp\\htdocs\\FloodGuard\\app\\Config\\Routes.php')
 4 SYSTEMPATH\CodeIgniter.php(821): CodeIgniter\Router\RouteCollection->loadRoutes()
 5 SYSTEMPATH\CodeIgniter.php(455): CodeIgniter\CodeIgniter->tryToRouteIt(null)
 6 SYSTEMPATH\CodeIgniter.php(354): CodeIgniter\CodeIgniter->handleRequest(null, Object(Config\Cache), false)
 7 SYSTEMPATH\Boot.php(334): CodeIgniter\CodeIgniter->run()
 8 SYSTEMPATH\Boot.php(67): CodeIgniter\Boot::runCodeIgniter(Object(CodeIgniter\CodeIgniter))
 9 FCPATH\index.php(59): CodeIgniter\Boot::bootWeb(Object(Config\Paths))
WARNING - 2025-12-04 16:09:45 --> [DEPRECATED] Passing lowercase HTTP method "post" is deprecated. Use uppercase HTTP method like "POST". in SYSTEMPATH\Router\RouteCollection.php on line 1026.
 1 SYSTEMPATH\Router\RouteCollection.php(1026): trigger_error('Passing lowercase HTTP method "post" is deprecated. Use uppercase HTTP method like "POST".', 16384)
 2 APPPATH\Config\Routes.php(101): CodeIgniter\Router\RouteCollection->match([...], 'sms/gateway', 'SmsController::gateway')
 3 SYSTEMPATH\Router\RouteCollection.php(339): require('D:\\xampp\\htdocs\\FloodGuard\\app\\Config\\Routes.php')
 4 SYSTEMPATH\CodeIgniter.php(821): CodeIgniter\Router\RouteCollection->loadRoutes()
 5 SYSTEMPATH\CodeIgniter.php(455): CodeIgniter\CodeIgniter->tryToRouteIt(null)
 6 SYSTEMPATH\CodeIgniter.php(354): CodeIgniter\CodeIgniter->handleRequest(null, Object(Config\Cache), false)
 7 SYSTEMPATH\Boot.php(334): CodeIgniter\CodeIgniter->run()
 8 SYSTEMPATH\Boot.php(67): CodeIgniter\Boot::runCodeIgniter(Object(CodeIgniter\CodeIgniter))
 9 FCPATH\index.php(59): CodeIgniter\Boot::bootWeb(Object(Config\Paths))
DEBUG - 2025-12-04 16:09:45 --> Session: Class initialized using 'CodeIgniter\Session\Handlers\FileHandler' driver.
WARNING - 2025-12-04 16:22:00 --> [DEPRECATED] Passing lowercase HTTP method "get" is deprecated. Use uppercase HTTP method like "GET". in SYSTEMPATH\Router\RouteCollection.php on line 1026.
 1 SYSTEMPATH\Router\RouteCollection.php(1026): trigger_error('Passing lowercase HTTP method "get" is deprecated. Use uppercase HTTP method like "GET".', 16384)
 2 APPPATH\Config\Routes.php(101): CodeIgniter\Router\RouteCollection->match([...], 'sms/gateway', 'SmsController::gateway')
 3 SYSTEMPATH\Router\RouteCollection.php(339): require('D:\\xampp\\htdocs\\FloodGuard\\app\\Config\\Routes.php')
 4 SYSTEMPATH\CodeIgniter.php(821): CodeIgniter\Router\RouteCollection->loadRoutes()
 5 SYSTEMPATH\CodeIgniter.php(455): CodeIgniter\CodeIgniter->tryToRouteIt(null)
 6 SYSTEMPATH\CodeIgniter.php(354): CodeIgniter\CodeIgniter->handleRequest(null, Object(Config\Cache), false)
 7 SYSTEMPATH\Boot.php(334): CodeIgniter\CodeIgniter->run()
 8 SYSTEMPATH\Boot.php(67): CodeIgniter\Boot::runCodeIgniter(Object(CodeIgniter\CodeIgniter))
 9 FCPATH\index.php(59): CodeIgniter\Boot::bootWeb(Object(Config\Paths))
WARNING - 2025-12-04 16:22:00 --> [DEPRECATED] Passing lowercase HTTP method "post" is deprecated. Use uppercase HTTP method like "POST". in SYSTEMPATH\Router\RouteCollection.php on line 1026.
 1 SYSTEMPATH\Router\RouteCollection.php(1026): trigger_error('Passing lowercase HTTP method "post" is deprecated. Use uppercase HTTP method like "POST".', 16384)
 2 APPPATH\Config\Routes.php(101): CodeIgniter\Router\RouteCollection->match([...], 'sms/gateway', 'SmsController::gateway')
 3 SYSTEMPATH\Router\RouteCollection.php(339): require('D:\\xampp\\htdocs\\FloodGuard\\app\\Config\\Routes.php')
 4 SYSTEMPATH\CodeIgniter.php(821): CodeIgniter\Router\RouteCollection->loadRoutes()
 5 SYSTEMPATH\CodeIgniter.php(455): CodeIgniter\CodeIgniter->tryToRouteIt(null)
 6 SYSTEMPATH\CodeIgniter.php(354): CodeIgniter\CodeIgniter->handleRequest(null, Object(Config\Cache), false)
 7 SYSTEMPATH\Boot.php(334): CodeIgniter\CodeIgniter->run()
 8 SYSTEMPATH\Boot.php(67): CodeIgniter\Boot::runCodeIgniter(Object(CodeIgniter\CodeIgniter))
 9 FCPATH\index.php(59): CodeIgniter\Boot::bootWeb(Object(Config\Paths))
DEBUG - 2025-12-04 16:22:00 --> Session: Class initialized using 'CodeIgniter\Session\Handlers\FileHandler' driver.
WARNING - 2025-12-04 16:27:01 --> [DEPRECATED] Passing lowercase HTTP method "get" is deprecated. Use uppercase HTTP method like "GET". in SYSTEMPATH\Router\RouteCollection.php on line 1026.
 1 SYSTEMPATH\Router\RouteCollection.php(1026): trigger_error('Passing lowercase HTTP method "get" is deprecated. Use uppercase HTTP method like "GET".', 16384)
 2 APPPATH\Config\Routes.php(101): CodeIgniter\Router\RouteCollection->match([...], 'sms/gateway', 'SmsController::gateway')
 3 SYSTEMPATH\Router\RouteCollection.php(339): require('D:\\xampp\\htdocs\\FloodGuard\\app\\Config\\Routes.php')
 4 SYSTEMPATH\CodeIgniter.php(821): CodeIgniter\Router\RouteCollection->loadRoutes()
 5 SYSTEMPATH\CodeIgniter.php(455): CodeIgniter\CodeIgniter->tryToRouteIt(null)
 6 SYSTEMPATH\CodeIgniter.php(354): CodeIgniter\CodeIgniter->handleRequest(null, Object(Config\Cache), false)
 7 SYSTEMPATH\Boot.php(334): CodeIgniter\CodeIgniter->run()
 8 SYSTEMPATH\Boot.php(67): CodeIgniter\Boot::runCodeIgniter(Object(CodeIgniter\CodeIgniter))
 9 FCPATH\index.php(59): CodeIgniter\Boot::bootWeb(Object(Config\Paths))
WARNING - 2025-12-04 16:27:01 --> [DEPRECATED] Passing lowercase HTTP method "post" is deprecated. Use uppercase HTTP method like "POST". in SYSTEMPATH\Router\RouteCollection.php on line 1026.
 1 SYSTEMPATH\Router\RouteCollection.php(1026): trigger_error('Passing lowercase HTTP method "post" is deprecated. Use uppercase HTTP method like "POST".', 16384)
 2 APPPATH\Config\Routes.php(101): CodeIgniter\Router\RouteCollection->match([...], 'sms/gateway', 'SmsController::gateway')
 3 SYSTEMPATH\Router\RouteCollection.php(339): require('D:\\xampp\\htdocs\\FloodGuard\\app\\Config\\Routes.php')
 4 SYSTEMPATH\CodeIgniter.php(821): CodeIgniter\Router\RouteCollection->loadRoutes()
 5 SYSTEMPATH\CodeIgniter.php(455): CodeIgniter\CodeIgniter->tryToRouteIt(null)
 6 SYSTEMPATH\CodeIgniter.php(354): CodeIgniter\CodeIgniter->handleRequest(null, Object(Config\Cache), false)
 7 SYSTEMPATH\Boot.php(334): CodeIgniter\CodeIgniter->run()
 8 SYSTEMPATH\Boot.php(67): CodeIgniter\Boot::runCodeIgniter(Object(CodeIgniter\CodeIgniter))
 9 FCPATH\index.php(59): CodeIgniter\Boot::bootWeb(Object(Config\Paths))
DEBUG - 2025-12-04 16:27:01 --> Session: Class initialized using 'CodeIgniter\Session\Handlers\FileHandler' driver.
WARNING - 2025-12-04 17:14:40 --> [DEPRECATED] Passing lowercase HTTP method "get" is deprecated. Use uppercase HTTP method like "GET". in SYSTEMPATH\Router\RouteCollection.php on line 1026.
 1 SYSTEMPATH\Router\RouteCollection.php(1026): trigger_error('Passing lowercase HTTP method "get" is deprecated. Use uppercase HTTP method like "GET".', 16384)
 2 APPPATH\Config\Routes.php(101): CodeIgniter\Router\RouteCollection->match([...], 'sms/gateway', 'SmsController::gateway')
 3 SYSTEMPATH\Router\RouteCollection.php(339): require('D:\\xampp\\htdocs\\FloodGuard\\app\\Config\\Routes.php')
 4 SYSTEMPATH\CodeIgniter.php(821): CodeIgniter\Router\RouteCollection->loadRoutes()
 5 SYSTEMPATH\CodeIgniter.php(455): CodeIgniter\CodeIgniter->tryToRouteIt(null)
 6 SYSTEMPATH\CodeIgniter.php(354): CodeIgniter\CodeIgniter->handleRequest(null, Object(Config\Cache), false)
 7 SYSTEMPATH\Boot.php(334): CodeIgniter\CodeIgniter->run()
 8 SYSTEMPATH\Boot.php(67): CodeIgniter\Boot::runCodeIgniter(Object(CodeIgniter\CodeIgniter))
 9 FCPATH\index.php(59): CodeIgniter\Boot::bootWeb(Object(Config\Paths))
WARNING - 2025-12-04 17:14:41 --> [DEPRECATED] Passing lowercase HTTP method "post" is deprecated. Use uppercase HTTP method like "POST". in SYSTEMPATH\Router\RouteCollection.php on line 1026.
 1 SYSTEMPATH\Router\RouteCollection.php(1026): trigger_error('Passing lowercase HTTP method "post" is deprecated. Use uppercase HTTP method like "POST".', 16384)
 2 APPPATH\Config\Routes.php(101): CodeIgniter\Router\RouteCollection->match([...], 'sms/gateway', 'SmsController::gateway')
 3 SYSTEMPATH\Router\RouteCollection.php(339): require('D:\\xampp\\htdocs\\FloodGuard\\app\\Config\\Routes.php')
 4 SYSTEMPATH\CodeIgniter.php(821): CodeIgniter\Router\RouteCollection->loadRoutes()
 5 SYSTEMPATH\CodeIgniter.php(455): CodeIgniter\CodeIgniter->tryToRouteIt(null)
 6 SYSTEMPATH\CodeIgniter.php(354): CodeIgniter\CodeIgniter->handleRequest(null, Object(Config\Cache), false)
 7 SYSTEMPATH\Boot.php(334): CodeIgniter\CodeIgniter->run()
 8 SYSTEMPATH\Boot.php(67): CodeIgniter\Boot::runCodeIgniter(Object(CodeIgniter\CodeIgniter))
 9 FCPATH\index.php(59): CodeIgniter\Boot::bootWeb(Object(Config\Paths))
WARNING - 2025-12-04 17:14:52 --> [DEPRECATED] Passing lowercase HTTP method "get" is deprecated. Use uppercase HTTP method like "GET". in SYSTEMPATH\Router\RouteCollection.php on line 1026.
 1 SYSTEMPATH\Router\RouteCollection.php(1026): trigger_error('Passing lowercase HTTP method "get" is deprecated. Use uppercase HTTP method like "GET".', 16384)
 2 APPPATH\Config\Routes.php(101): CodeIgniter\Router\RouteCollection->match([...], 'sms/gateway', 'SmsController::gateway')
 3 SYSTEMPATH\Router\RouteCollection.php(339): require('D:\\xampp\\htdocs\\FloodGuard\\app\\Config\\Routes.php')
 4 SYSTEMPATH\CodeIgniter.php(821): CodeIgniter\Router\RouteCollection->loadRoutes()
 5 SYSTEMPATH\CodeIgniter.php(455): CodeIgniter\CodeIgniter->tryToRouteIt(null)
 6 SYSTEMPATH\CodeIgniter.php(354): CodeIgniter\CodeIgniter->handleRequest(null, Object(Config\Cache), false)
 7 SYSTEMPATH\Boot.php(334): CodeIgniter\CodeIgniter->run()
 8 SYSTEMPATH\Boot.php(67): CodeIgniter\Boot::runCodeIgniter(Object(CodeIgniter\CodeIgniter))
 9 FCPATH\index.php(59): CodeIgniter\Boot::bootWeb(Object(Config\Paths))
WARNING - 2025-12-04 17:14:52 --> [DEPRECATED] Passing lowercase HTTP method "post" is deprecated. Use uppercase HTTP method like "POST". in SYSTEMPATH\Router\RouteCollection.php on line 1026.
 1 SYSTEMPATH\Router\RouteCollection.php(1026): trigger_error('Passing lowercase HTTP method "post" is deprecated. Use uppercase HTTP method like "POST".', 16384)
 2 APPPATH\Config\Routes.php(101): CodeIgniter\Router\RouteCollection->match([...], 'sms/gateway', 'SmsController::gateway')
 3 SYSTEMPATH\Router\RouteCollection.php(339): require('D:\\xampp\\htdocs\\FloodGuard\\app\\Config\\Routes.php')
 4 SYSTEMPATH\CodeIgniter.php(821): CodeIgniter\Router\RouteCollection->loadRoutes()
 5 SYSTEMPATH\CodeIgniter.php(455): CodeIgniter\CodeIgniter->tryToRouteIt(null)
 6 SYSTEMPATH\CodeIgniter.php(354): CodeIgniter\CodeIgniter->handleRequest(null, Object(Config\Cache), false)
 7 SYSTEMPATH\Boot.php(334): CodeIgniter\CodeIgniter->run()
 8 SYSTEMPATH\Boot.php(67): CodeIgniter\Boot::runCodeIgniter(Object(CodeIgniter\CodeIgniter))
 9 FCPATH\index.php(59): CodeIgniter\Boot::bootWeb(Object(Config\Paths))
DEBUG - 2025-12-04 17:14:52 --> Session: Class initialized using 'CodeIgniter\Session\Handlers\FileHandler' driver.
WARNING - 2025-12-04 17:14:57 --> [DEPRECATED] Passing lowercase HTTP method "get" is deprecated. Use uppercase HTTP method like "GET". in SYSTEMPATH\Router\RouteCollection.php on line 1026.
 1 SYSTEMPATH\Router\RouteCollection.php(1026): trigger_error('Passing lowercase HTTP method "get" is deprecated. Use uppercase HTTP method like "GET".', 16384)
 2 APPPATH\Config\Routes.php(101): CodeIgniter\Router\RouteCollection->match([...], 'sms/gateway', 'SmsController::gateway')
 3 SYSTEMPATH\Router\RouteCollection.php(339): require('D:\\xampp\\htdocs\\FloodGuard\\app\\Config\\Routes.php')
 4 SYSTEMPATH\CodeIgniter.php(821): CodeIgniter\Router\RouteCollection->loadRoutes()
 5 SYSTEMPATH\CodeIgniter.php(455): CodeIgniter\CodeIgniter->tryToRouteIt(null)
 6 SYSTEMPATH\CodeIgniter.php(354): CodeIgniter\CodeIgniter->handleRequest(null, Object(Config\Cache), false)
 7 SYSTEMPATH\Boot.php(334): CodeIgniter\CodeIgniter->run()
 8 SYSTEMPATH\Boot.php(67): CodeIgniter\Boot::runCodeIgniter(Object(CodeIgniter\CodeIgniter))
 9 FCPATH\index.php(59): CodeIgniter\Boot::bootWeb(Object(Config\Paths))
WARNING - 2025-12-04 17:14:57 --> [DEPRECATED] Passing lowercase HTTP method "post" is deprecated. Use uppercase HTTP method like "POST". in SYSTEMPATH\Router\RouteCollection.php on line 1026.
 1 SYSTEMPATH\Router\RouteCollection.php(1026): trigger_error('Passing lowercase HTTP method "post" is deprecated. Use uppercase HTTP method like "POST".', 16384)
 2 APPPATH\Config\Routes.php(101): CodeIgniter\Router\RouteCollection->match([...], 'sms/gateway', 'SmsController::gateway')
 3 SYSTEMPATH\Router\RouteCollection.php(339): require('D:\\xampp\\htdocs\\FloodGuard\\app\\Config\\Routes.php')
 4 SYSTEMPATH\CodeIgniter.php(821): CodeIgniter\Router\RouteCollection->loadRoutes()
 5 SYSTEMPATH\CodeIgniter.php(455): CodeIgniter\CodeIgniter->tryToRouteIt(null)
 6 SYSTEMPATH\CodeIgniter.php(354): CodeIgniter\CodeIgniter->handleRequest(null, Object(Config\Cache), false)
 7 SYSTEMPATH\Boot.php(334): CodeIgniter\CodeIgniter->run()
 8 SYSTEMPATH\Boot.php(67): CodeIgniter\Boot::runCodeIgniter(Object(CodeIgniter\CodeIgniter))
 9 FCPATH\index.php(59): CodeIgniter\Boot::bootWeb(Object(Config\Paths))
DEBUG - 2025-12-04 17:14:57 --> Session: Class initialized using 'CodeIgniter\Session\Handlers\FileHandler' driver.
WARNING - 2025-12-04 17:14:58 --> [DEPRECATED] Passing lowercase HTTP method "get" is deprecated. Use uppercase HTTP method like "GET". in SYSTEMPATH\Router\RouteCollection.php on line 1026.
 1 SYSTEMPATH\Router\RouteCollection.php(1026): trigger_error('Passing lowercase HTTP method "get" is deprecated. Use uppercase HTTP method like "GET".', 16384)
 2 APPPATH\Config\Routes.php(101): CodeIgniter\Router\RouteCollection->match([...], 'sms/gateway', 'SmsController::gateway')
 3 SYSTEMPATH\Router\RouteCollection.php(339): require('D:\\xampp\\htdocs\\FloodGuard\\app\\Config\\Routes.php')
 4 SYSTEMPATH\CodeIgniter.php(821): CodeIgniter\Router\RouteCollection->loadRoutes()
 5 SYSTEMPATH\CodeIgniter.php(455): CodeIgniter\CodeIgniter->tryToRouteIt(null)
 6 SYSTEMPATH\CodeIgniter.php(354): CodeIgniter\CodeIgniter->handleRequest(null, Object(Config\Cache), false)
 7 SYSTEMPATH\Boot.php(334): CodeIgniter\CodeIgniter->run()
 8 SYSTEMPATH\Boot.php(67): CodeIgniter\Boot::runCodeIgniter(Object(CodeIgniter\CodeIgniter))
 9 FCPATH\index.php(59): CodeIgniter\Boot::bootWeb(Object(Config\Paths))
WARNING - 2025-12-04 17:14:58 --> [DEPRECATED] Passing lowercase HTTP method "post" is deprecated. Use uppercase HTTP method like "POST". in SYSTEMPATH\Router\RouteCollection.php on line 1026.
 1 SYSTEMPATH\Router\RouteCollection.php(1026): trigger_error('Passing lowercase HTTP method "post" is deprecated. Use uppercase HTTP method like "POST".', 16384)
 2 APPPATH\Config\Routes.php(101): CodeIgniter\Router\RouteCollection->match([...], 'sms/gateway', 'SmsController::gateway')
 3 SYSTEMPATH\Router\RouteCollection.php(339): require('D:\\xampp\\htdocs\\FloodGuard\\app\\Config\\Routes.php')
 4 SYSTEMPATH\CodeIgniter.php(821): CodeIgniter\Router\RouteCollection->loadRoutes()
 5 SYSTEMPATH\CodeIgniter.php(455): CodeIgniter\CodeIgniter->tryToRouteIt(null)
 6 SYSTEMPATH\CodeIgniter.php(354): CodeIgniter\CodeIgniter->handleRequest(null, Object(Config\Cache), false)
 7 SYSTEMPATH\Boot.php(334): CodeIgniter\CodeIgniter->run()
 8 SYSTEMPATH\Boot.php(67): CodeIgniter\Boot::runCodeIgniter(Object(CodeIgniter\CodeIgniter))
 9 FCPATH\index.php(59): CodeIgniter\Boot::bootWeb(Object(Config\Paths))
WARNING - 2025-12-04 17:15:00 --> [DEPRECATED] Passing lowercase HTTP method "get" is deprecated. Use uppercase HTTP method like "GET". in SYSTEMPATH\Router\RouteCollection.php on line 1026.
 1 SYSTEMPATH\Router\RouteCollection.php(1026): trigger_error('Passing lowercase HTTP method "get" is deprecated. Use uppercase HTTP method like "GET".', 16384)
 2 APPPATH\Config\Routes.php(101): CodeIgniter\Router\RouteCollection->match([...], 'sms/gateway', 'SmsController::gateway')
 3 SYSTEMPATH\Router\RouteCollection.php(339): require('D:\\xampp\\htdocs\\FloodGuard\\app\\Config\\Routes.php')
 4 SYSTEMPATH\CodeIgniter.php(821): CodeIgniter\Router\RouteCollection->loadRoutes()
 5 SYSTEMPATH\CodeIgniter.php(455): CodeIgniter\CodeIgniter->tryToRouteIt(null)
 6 SYSTEMPATH\CodeIgniter.php(354): CodeIgniter\CodeIgniter->handleRequest(null, Object(Config\Cache), false)
 7 SYSTEMPATH\Boot.php(334): CodeIgniter\CodeIgniter->run()
 8 SYSTEMPATH\Boot.php(67): CodeIgniter\Boot::runCodeIgniter(Object(CodeIgniter\CodeIgniter))
 9 FCPATH\index.php(59): CodeIgniter\Boot::bootWeb(Object(Config\Paths))
WARNING - 2025-12-04 17:15:00 --> [DEPRECATED] Passing lowercase HTTP method "post" is deprecated. Use uppercase HTTP method like "POST". in SYSTEMPATH\Router\RouteCollection.php on line 1026.
 1 SYSTEMPATH\Router\RouteCollection.php(1026): trigger_error('Passing lowercase HTTP method "post" is deprecated. Use uppercase HTTP method like "POST".', 16384)
 2 APPPATH\Config\Routes.php(101): CodeIgniter\Router\RouteCollection->match([...], 'sms/gateway', 'SmsController::gateway')
 3 SYSTEMPATH\Router\RouteCollection.php(339): require('D:\\xampp\\htdocs\\FloodGuard\\app\\Config\\Routes.php')
 4 SYSTEMPATH\CodeIgniter.php(821): CodeIgniter\Router\RouteCollection->loadRoutes()
 5 SYSTEMPATH\CodeIgniter.php(455): CodeIgniter\CodeIgniter->tryToRouteIt(null)
 6 SYSTEMPATH\CodeIgniter.php(354): CodeIgniter\CodeIgniter->handleRequest(null, Object(Config\Cache), false)
 7 SYSTEMPATH\Boot.php(334): CodeIgniter\CodeIgniter->run()
 8 SYSTEMPATH\Boot.php(67): CodeIgniter\Boot::runCodeIgniter(Object(CodeIgniter\CodeIgniter))
 9 FCPATH\index.php(59): CodeIgniter\Boot::bootWeb(Object(Config\Paths))
DEBUG - 2025-12-04 17:15:00 --> Session: Class initialized using 'CodeIgniter\Session\Handlers\FileHandler' driver.
WARNING - 2025-12-04 17:15:01 --> [DEPRECATED] Passing lowercase HTTP method "get" is deprecated. Use uppercase HTTP method like "GET". in SYSTEMPATH\Router\RouteCollection.php on line 1026.
 1 SYSTEMPATH\Router\RouteCollection.php(1026): trigger_error('Passing lowercase HTTP method "get" is deprecated. Use uppercase HTTP method like "GET".', 16384)
 2 APPPATH\Config\Routes.php(101): CodeIgniter\Router\RouteCollection->match([...], 'sms/gateway', 'SmsController::gateway')
 3 SYSTEMPATH\Router\RouteCollection.php(339): require('D:\\xampp\\htdocs\\FloodGuard\\app\\Config\\Routes.php')
 4 SYSTEMPATH\CodeIgniter.php(821): CodeIgniter\Router\RouteCollection->loadRoutes()
 5 SYSTEMPATH\CodeIgniter.php(455): CodeIgniter\CodeIgniter->tryToRouteIt(null)
 6 SYSTEMPATH\CodeIgniter.php(354): CodeIgniter\CodeIgniter->handleRequest(null, Object(Config\Cache), false)
 7 SYSTEMPATH\Boot.php(334): CodeIgniter\CodeIgniter->run()
 8 SYSTEMPATH\Boot.php(67): CodeIgniter\Boot::runCodeIgniter(Object(CodeIgniter\CodeIgniter))
 9 FCPATH\index.php(59): CodeIgniter\Boot::bootWeb(Object(Config\Paths))
WARNING - 2025-12-04 17:15:01 --> [DEPRECATED] Passing lowercase HTTP method "post" is deprecated. Use uppercase HTTP method like "POST". in SYSTEMPATH\Router\RouteCollection.php on line 1026.
 1 SYSTEMPATH\Router\RouteCollection.php(1026): trigger_error('Passing lowercase HTTP method "post" is deprecated. Use uppercase HTTP method like "POST".', 16384)
 2 APPPATH\Config\Routes.php(101): CodeIgniter\Router\RouteCollection->match([...], 'sms/gateway', 'SmsController::gateway')
 3 SYSTEMPATH\Router\RouteCollection.php(339): require('D:\\xampp\\htdocs\\FloodGuard\\app\\Config\\Routes.php')
 4 SYSTEMPATH\CodeIgniter.php(821): CodeIgniter\Router\RouteCollection->loadRoutes()
 5 SYSTEMPATH\CodeIgniter.php(455): CodeIgniter\CodeIgniter->tryToRouteIt(null)
 6 SYSTEMPATH\CodeIgniter.php(354): CodeIgniter\CodeIgniter->handleRequest(null, Object(Config\Cache), false)
 7 SYSTEMPATH\Boot.php(334): CodeIgniter\CodeIgniter->run()
 8 SYSTEMPATH\Boot.php(67): CodeIgniter\Boot::runCodeIgniter(Object(CodeIgniter\CodeIgniter))
 9 FCPATH\index.php(59): CodeIgniter\Boot::bootWeb(Object(Config\Paths))
WARNING - 2025-12-04 17:15:04 --> [DEPRECATED] Passing lowercase HTTP method "get" is deprecated. Use uppercase HTTP method like "GET". in SYSTEMPATH\Router\RouteCollection.php on line 1026.
 1 SYSTEMPATH\Router\RouteCollection.php(1026): trigger_error('Passing lowercase HTTP method "get" is deprecated. Use uppercase HTTP method like "GET".', 16384)
 2 APPPATH\Config\Routes.php(101): CodeIgniter\Router\RouteCollection->match([...], 'sms/gateway', 'SmsController::gateway')
 3 SYSTEMPATH\Router\RouteCollection.php(339): require('D:\\xampp\\htdocs\\FloodGuard\\app\\Config\\Routes.php')
 4 SYSTEMPATH\CodeIgniter.php(821): CodeIgniter\Router\RouteCollection->loadRoutes()
 5 SYSTEMPATH\CodeIgniter.php(455): CodeIgniter\CodeIgniter->tryToRouteIt(null)
 6 SYSTEMPATH\CodeIgniter.php(354): CodeIgniter\CodeIgniter->handleRequest(null, Object(Config\Cache), false)
 7 SYSTEMPATH\Boot.php(334): CodeIgniter\CodeIgniter->run()
 8 SYSTEMPATH\Boot.php(67): CodeIgniter\Boot::runCodeIgniter(Object(CodeIgniter\CodeIgniter))
 9 FCPATH\index.php(59): CodeIgniter\Boot::bootWeb(Object(Config\Paths))
WARNING - 2025-12-04 17:15:04 --> [DEPRECATED] Passing lowercase HTTP method "post" is deprecated. Use uppercase HTTP method like "POST". in SYSTEMPATH\Router\RouteCollection.php on line 1026.
 1 SYSTEMPATH\Router\RouteCollection.php(1026): trigger_error('Passing lowercase HTTP method "post" is deprecated. Use uppercase HTTP method like "POST".', 16384)
 2 APPPATH\Config\Routes.php(101): CodeIgniter\Router\RouteCollection->match([...], 'sms/gateway', 'SmsController::gateway')
 3 SYSTEMPATH\Router\RouteCollection.php(339): require('D:\\xampp\\htdocs\\FloodGuard\\app\\Config\\Routes.php')
 4 SYSTEMPATH\CodeIgniter.php(821): CodeIgniter\Router\RouteCollection->loadRoutes()
 5 SYSTEMPATH\CodeIgniter.php(455): CodeIgniter\CodeIgniter->tryToRouteIt(null)
 6 SYSTEMPATH\CodeIgniter.php(354): CodeIgniter\CodeIgniter->handleRequest(null, Object(Config\Cache), false)
 7 SYSTEMPATH\Boot.php(334): CodeIgniter\CodeIgniter->run()
 8 SYSTEMPATH\Boot.php(67): CodeIgniter\Boot::runCodeIgniter(Object(CodeIgniter\CodeIgniter))
 9 FCPATH\index.php(59): CodeIgniter\Boot::bootWeb(Object(Config\Paths))
DEBUG - 2025-12-04 17:15:04 --> Session: Class initialized using 'CodeIgniter\Session\Handlers\FileHandler' driver.
WARNING - 2025-12-04 17:19:59 --> [DEPRECATED] Passing lowercase HTTP method "get" is deprecated. Use uppercase HTTP method like "GET". in SYSTEMPATH\Router\RouteCollection.php on line 1026.
 1 SYSTEMPATH\Router\RouteCollection.php(1026): trigger_error('Passing lowercase HTTP method "get" is deprecated. Use uppercase HTTP method like "GET".', 16384)
 2 APPPATH\Config\Routes.php(101): CodeIgniter\Router\RouteCollection->match([...], 'sms/gateway', 'SmsController::gateway')
 3 SYSTEMPATH\Router\RouteCollection.php(339): require('D:\\xampp\\htdocs\\FloodGuard\\app\\Config\\Routes.php')
 4 SYSTEMPATH\CodeIgniter.php(821): CodeIgniter\Router\RouteCollection->loadRoutes()
 5 SYSTEMPATH\CodeIgniter.php(455): CodeIgniter\CodeIgniter->tryToRouteIt(null)
 6 SYSTEMPATH\CodeIgniter.php(354): CodeIgniter\CodeIgniter->handleRequest(null, Object(Config\Cache), false)
 7 SYSTEMPATH\Boot.php(334): CodeIgniter\CodeIgniter->run()
 8 SYSTEMPATH\Boot.php(67): CodeIgniter\Boot::runCodeIgniter(Object(CodeIgniter\CodeIgniter))
 9 FCPATH\index.php(59): CodeIgniter\Boot::bootWeb(Object(Config\Paths))
WARNING - 2025-12-04 17:19:59 --> [DEPRECATED] Passing lowercase HTTP method "post" is deprecated. Use uppercase HTTP method like "POST". in SYSTEMPATH\Router\RouteCollection.php on line 1026.
 1 SYSTEMPATH\Router\RouteCollection.php(1026): trigger_error('Passing lowercase HTTP method "post" is deprecated. Use uppercase HTTP method like "POST".', 16384)
 2 APPPATH\Config\Routes.php(101): CodeIgniter\Router\RouteCollection->match([...], 'sms/gateway', 'SmsController::gateway')
 3 SYSTEMPATH\Router\RouteCollection.php(339): require('D:\\xampp\\htdocs\\FloodGuard\\app\\Config\\Routes.php')
 4 SYSTEMPATH\CodeIgniter.php(821): CodeIgniter\Router\RouteCollection->loadRoutes()
 5 SYSTEMPATH\CodeIgniter.php(455): CodeIgniter\CodeIgniter->tryToRouteIt(null)
 6 SYSTEMPATH\CodeIgniter.php(354): CodeIgniter\CodeIgniter->handleRequest(null, Object(Config\Cache), false)
 7 SYSTEMPATH\Boot.php(334): CodeIgniter\CodeIgniter->run()
 8 SYSTEMPATH\Boot.php(67): CodeIgniter\Boot::runCodeIgniter(Object(CodeIgniter\CodeIgniter))
 9 FCPATH\index.php(59): CodeIgniter\Boot::bootWeb(Object(Config\Paths))
WARNING - 2025-12-04 17:30:05 --> [DEPRECATED] Passing lowercase HTTP method "get" is deprecated. Use uppercase HTTP method like "GET". in SYSTEMPATH\Router\RouteCollection.php on line 1026.
 1 SYSTEMPATH\Router\RouteCollection.php(1026): trigger_error('Passing lowercase HTTP method "get" is deprecated. Use uppercase HTTP method like "GET".', 16384)
 2 APPPATH\Config\Routes.php(101): CodeIgniter\Router\RouteCollection->match([...], 'sms/gateway', 'SmsController::gateway')
 3 SYSTEMPATH\Router\RouteCollection.php(339): require('D:\\xampp\\htdocs\\FloodGuard\\app\\Config\\Routes.php')
 4 SYSTEMPATH\CodeIgniter.php(821): CodeIgniter\Router\RouteCollection->loadRoutes()
 5 SYSTEMPATH\CodeIgniter.php(455): CodeIgniter\CodeIgniter->tryToRouteIt(null)
 6 SYSTEMPATH\CodeIgniter.php(354): CodeIgniter\CodeIgniter->handleRequest(null, Object(Config\Cache), false)
 7 SYSTEMPATH\Boot.php(334): CodeIgniter\CodeIgniter->run()
 8 SYSTEMPATH\Boot.php(67): CodeIgniter\Boot::runCodeIgniter(Object(CodeIgniter\CodeIgniter))
 9 FCPATH\index.php(59): CodeIgniter\Boot::bootWeb(Object(Config\Paths))
WARNING - 2025-12-04 17:30:05 --> [DEPRECATED] Passing lowercase HTTP method "post" is deprecated. Use uppercase HTTP method like "POST". in SYSTEMPATH\Router\RouteCollection.php on line 1026.
 1 SYSTEMPATH\Router\RouteCollection.php(1026): trigger_error('Passing lowercase HTTP method "post" is deprecated. Use uppercase HTTP method like "POST".', 16384)
 2 APPPATH\Config\Routes.php(101): CodeIgniter\Router\RouteCollection->match([...], 'sms/gateway', 'SmsController::gateway')
 3 SYSTEMPATH\Router\RouteCollection.php(339): require('D:\\xampp\\htdocs\\FloodGuard\\app\\Config\\Routes.php')
 4 SYSTEMPATH\CodeIgniter.php(821): CodeIgniter\Router\RouteCollection->loadRoutes()
 5 SYSTEMPATH\CodeIgniter.php(455): CodeIgniter\CodeIgniter->tryToRouteIt(null)
 6 SYSTEMPATH\CodeIgniter.php(354): CodeIgniter\CodeIgniter->handleRequest(null, Object(Config\Cache), false)
 7 SYSTEMPATH\Boot.php(334): CodeIgniter\CodeIgniter->run()
 8 SYSTEMPATH\Boot.php(67): CodeIgniter\Boot::runCodeIgniter(Object(CodeIgniter\CodeIgniter))
 9 FCPATH\index.php(59): CodeIgniter\Boot::bootWeb(Object(Config\Paths))
DEBUG - 2025-12-04 17:30:05 --> Session: Class initialized using 'CodeIgniter\Session\Handlers\FileHandler' driver.
WARNING - 2025-12-04 17:45:09 --> [DEPRECATED] Passing lowercase HTTP method "get" is deprecated. Use uppercase HTTP method like "GET". in SYSTEMPATH\Router\RouteCollection.php on line 1026.
 1 SYSTEMPATH\Router\RouteCollection.php(1026): trigger_error('Passing lowercase HTTP method "get" is deprecated. Use uppercase HTTP method like "GET".', 16384)
 2 APPPATH\Config\Routes.php(101): CodeIgniter\Router\RouteCollection->match([...], 'sms/gateway', 'SmsController::gateway')
 3 SYSTEMPATH\Router\RouteCollection.php(339): require('D:\\xampp\\htdocs\\FloodGuard\\app\\Config\\Routes.php')
 4 SYSTEMPATH\CodeIgniter.php(821): CodeIgniter\Router\RouteCollection->loadRoutes()
 5 SYSTEMPATH\CodeIgniter.php(455): CodeIgniter\CodeIgniter->tryToRouteIt(null)
 6 SYSTEMPATH\CodeIgniter.php(354): CodeIgniter\CodeIgniter->handleRequest(null, Object(Config\Cache), false)
 7 SYSTEMPATH\Boot.php(334): CodeIgniter\CodeIgniter->run()
 8 SYSTEMPATH\Boot.php(67): CodeIgniter\Boot::runCodeIgniter(Object(CodeIgniter\CodeIgniter))
 9 FCPATH\index.php(59): CodeIgniter\Boot::bootWeb(Object(Config\Paths))
WARNING - 2025-12-04 17:45:09 --> [DEPRECATED] Passing lowercase HTTP method "get" is deprecated. Use uppercase HTTP method like "GET". in SYSTEMPATH\Router\RouteCollection.php on line 1026.
 1 SYSTEMPATH\Router\RouteCollection.php(1026): trigger_error('Passing lowercase HTTP method "get" is deprecated. Use uppercase HTTP method like "GET".', 16384)
 2 APPPATH\Config\Routes.php(101): CodeIgniter\Router\RouteCollection->match([...], 'sms/gateway', 'SmsController::gateway')
 3 SYSTEMPATH\Router\RouteCollection.php(339): require('D:\\xampp\\htdocs\\FloodGuard\\app\\Config\\Routes.php')
 4 SYSTEMPATH\CodeIgniter.php(821): CodeIgniter\Router\RouteCollection->loadRoutes()
 5 SYSTEMPATH\CodeIgniter.php(455): CodeIgniter\CodeIgniter->tryToRouteIt(null)
 6 SYSTEMPATH\CodeIgniter.php(354): CodeIgniter\CodeIgniter->handleRequest(null, Object(Config\Cache), false)
 7 SYSTEMPATH\Boot.php(334): CodeIgniter\CodeIgniter->run()
 8 SYSTEMPATH\Boot.php(67): CodeIgniter\Boot::runCodeIgniter(Object(CodeIgniter\CodeIgniter))
 9 FCPATH\index.php(59): CodeIgniter\Boot::bootWeb(Object(Config\Paths))
WARNING - 2025-12-04 17:45:09 --> [DEPRECATED] Passing lowercase HTTP method "get" is deprecated. Use uppercase HTTP method like "GET". in SYSTEMPATH\Router\RouteCollection.php on line 1026.
 1 SYSTEMPATH\Router\RouteCollection.php(1026): trigger_error('Passing lowercase HTTP method "get" is deprecated. Use uppercase HTTP method like "GET".', 16384)
 2 APPPATH\Config\Routes.php(101): CodeIgniter\Router\RouteCollection->match([...], 'sms/gateway', 'SmsController::gateway')
 3 SYSTEMPATH\Router\RouteCollection.php(339): require('D:\\xampp\\htdocs\\FloodGuard\\app\\Config\\Routes.php')
 4 SYSTEMPATH\CodeIgniter.php(821): CodeIgniter\Router\RouteCollection->loadRoutes()
 5 SYSTEMPATH\CodeIgniter.php(455): CodeIgniter\CodeIgniter->tryToRouteIt(null)
 6 SYSTEMPATH\CodeIgniter.php(354): CodeIgniter\CodeIgniter->handleRequest(null, Object(Config\Cache), false)
 7 SYSTEMPATH\Boot.php(334): CodeIgniter\CodeIgniter->run()
 8 SYSTEMPATH\Boot.php(67): CodeIgniter\Boot::runCodeIgniter(Object(CodeIgniter\CodeIgniter))
 9 FCPATH\index.php(59): CodeIgniter\Boot::bootWeb(Object(Config\Paths))
WARNING - 2025-12-04 17:45:09 --> [DEPRECATED] Passing lowercase HTTP method "post" is deprecated. Use uppercase HTTP method like "POST". in SYSTEMPATH\Router\RouteCollection.php on line 1026.
 1 SYSTEMPATH\Router\RouteCollection.php(1026): trigger_error('Passing lowercase HTTP method "post" is deprecated. Use uppercase HTTP method like "POST".', 16384)
 2 APPPATH\Config\Routes.php(101): CodeIgniter\Router\RouteCollection->match([...], 'sms/gateway', 'SmsController::gateway')
 3 SYSTEMPATH\Router\RouteCollection.php(339): require('D:\\xampp\\htdocs\\FloodGuard\\app\\Config\\Routes.php')
 4 SYSTEMPATH\CodeIgniter.php(821): CodeIgniter\Router\RouteCollection->loadRoutes()
 5 SYSTEMPATH\CodeIgniter.php(455): CodeIgniter\CodeIgniter->tryToRouteIt(null)
 6 SYSTEMPATH\CodeIgniter.php(354): CodeIgniter\CodeIgniter->handleRequest(null, Object(Config\Cache), false)
 7 SYSTEMPATH\Boot.php(334): CodeIgniter\CodeIgniter->run()
 8 SYSTEMPATH\Boot.php(67): CodeIgniter\Boot::runCodeIgniter(Object(CodeIgniter\CodeIgniter))
 9 FCPATH\index.php(59): CodeIgniter\Boot::bootWeb(Object(Config\Paths))
WARNING - 2025-12-04 17:45:09 --> [DEPRECATED] Passing lowercase HTTP method "post" is deprecated. Use uppercase HTTP method like "POST". in SYSTEMPATH\Router\RouteCollection.php on line 1026.
 1 SYSTEMPATH\Router\RouteCollection.php(1026): trigger_error('Passing lowercase HTTP method "post" is deprecated. Use uppercase HTTP method like "POST".', 16384)
 2 APPPATH\Config\Routes.php(101): CodeIgniter\Router\RouteCollection->match([...], 'sms/gateway', 'SmsController::gateway')
 3 SYSTEMPATH\Router\RouteCollection.php(339): require('D:\\xampp\\htdocs\\FloodGuard\\app\\Config\\Routes.php')
 4 SYSTEMPATH\CodeIgniter.php(821): CodeIgniter\Router\RouteCollection->loadRoutes()
 5 SYSTEMPATH\CodeIgniter.php(455): CodeIgniter\CodeIgniter->tryToRouteIt(null)
 6 SYSTEMPATH\CodeIgniter.php(354): CodeIgniter\CodeIgniter->handleRequest(null, Object(Config\Cache), false)
 7 SYSTEMPATH\Boot.php(334): CodeIgniter\CodeIgniter->run()
 8 SYSTEMPATH\Boot.php(67): CodeIgniter\Boot::runCodeIgniter(Object(CodeIgniter\CodeIgniter))
 9 FCPATH\index.php(59): CodeIgniter\Boot::bootWeb(Object(Config\Paths))
WARNING - 2025-12-04 17:45:09 --> [DEPRECATED] Passing lowercase HTTP method "post" is deprecated. Use uppercase HTTP method like "POST". in SYSTEMPATH\Router\RouteCollection.php on line 1026.
 1 SYSTEMPATH\Router\RouteCollection.php(1026): trigger_error('Passing lowercase HTTP method "post" is deprecated. Use uppercase HTTP method like "POST".', 16384)
 2 APPPATH\Config\Routes.php(101): CodeIgniter\Router\RouteCollection->match([...], 'sms/gateway', 'SmsController::gateway')
 3 SYSTEMPATH\Router\RouteCollection.php(339): require('D:\\xampp\\htdocs\\FloodGuard\\app\\Config\\Routes.php')
 4 SYSTEMPATH\CodeIgniter.php(821): CodeIgniter\Router\RouteCollection->loadRoutes()
 5 SYSTEMPATH\CodeIgniter.php(455): CodeIgniter\CodeIgniter->tryToRouteIt(null)
 6 SYSTEMPATH\CodeIgniter.php(354): CodeIgniter\CodeIgniter->handleRequest(null, Object(Config\Cache), false)
 7 SYSTEMPATH\Boot.php(334): CodeIgniter\CodeIgniter->run()
 8 SYSTEMPATH\Boot.php(67): CodeIgniter\Boot::runCodeIgniter(Object(CodeIgniter\CodeIgniter))
 9 FCPATH\index.php(59): CodeIgniter\Boot::bootWeb(Object(Config\Paths))
DEBUG - 2025-12-04 17:45:10 --> Session: Class initialized using 'CodeIgniter\Session\Handlers\FileHandler' driver.
DEBUG - 2025-12-04 17:45:10 --> Session: Class initialized using 'CodeIgniter\Session\Handlers\FileHandler' driver.
DEBUG - 2025-12-04 17:45:13 --> Session: Class initialized using 'CodeIgniter\Session\Handlers\FileHandler' driver.
WARNING - 2025-12-04 17:45:14 --> [DEPRECATED] Passing lowercase HTTP method "get" is deprecated. Use uppercase HTTP method like "GET". in SYSTEMPATH\Router\RouteCollection.php on line 1026.
 1 SYSTEMPATH\Router\RouteCollection.php(1026): trigger_error('Passing lowercase HTTP method "get" is deprecated. Use uppercase HTTP method like "GET".', 16384)
 2 APPPATH\Config\Routes.php(101): CodeIgniter\Router\RouteCollection->match([...], 'sms/gateway', 'SmsController::gateway')
 3 SYSTEMPATH\Router\RouteCollection.php(339): require('D:\\xampp\\htdocs\\FloodGuard\\app\\Config\\Routes.php')
 4 SYSTEMPATH\CodeIgniter.php(821): CodeIgniter\Router\RouteCollection->loadRoutes()
 5 SYSTEMPATH\CodeIgniter.php(455): CodeIgniter\CodeIgniter->tryToRouteIt(null)
 6 SYSTEMPATH\CodeIgniter.php(354): CodeIgniter\CodeIgniter->handleRequest(null, Object(Config\Cache), false)
 7 SYSTEMPATH\Boot.php(334): CodeIgniter\CodeIgniter->run()
 8 SYSTEMPATH\Boot.php(67): CodeIgniter\Boot::runCodeIgniter(Object(CodeIgniter\CodeIgniter))
 9 FCPATH\index.php(59): CodeIgniter\Boot::bootWeb(Object(Config\Paths))
WARNING - 2025-12-04 17:45:14 --> [DEPRECATED] Passing lowercase HTTP method "post" is deprecated. Use uppercase HTTP method like "POST". in SYSTEMPATH\Router\RouteCollection.php on line 1026.
 1 SYSTEMPATH\Router\RouteCollection.php(1026): trigger_error('Passing lowercase HTTP method "post" is deprecated. Use uppercase HTTP method like "POST".', 16384)
 2 APPPATH\Config\Routes.php(101): CodeIgniter\Router\RouteCollection->match([...], 'sms/gateway', 'SmsController::gateway')
 3 SYSTEMPATH\Router\RouteCollection.php(339): require('D:\\xampp\\htdocs\\FloodGuard\\app\\Config\\Routes.php')
 4 SYSTEMPATH\CodeIgniter.php(821): CodeIgniter\Router\RouteCollection->loadRoutes()
 5 SYSTEMPATH\CodeIgniter.php(455): CodeIgniter\CodeIgniter->tryToRouteIt(null)
 6 SYSTEMPATH\CodeIgniter.php(354): CodeIgniter\CodeIgniter->handleRequest(null, Object(Config\Cache), false)
 7 SYSTEMPATH\Boot.php(334): CodeIgniter\CodeIgniter->run()
 8 SYSTEMPATH\Boot.php(67): CodeIgniter\Boot::runCodeIgniter(Object(CodeIgniter\CodeIgniter))
 9 FCPATH\index.php(59): CodeIgniter\Boot::bootWeb(Object(Config\Paths))
WARNING - 2025-12-04 17:45:14 --> [DEPRECATED] Passing lowercase HTTP method "get" is deprecated. Use uppercase HTTP method like "GET". in SYSTEMPATH\Router\RouteCollection.php on line 1026.
 1 SYSTEMPATH\Router\RouteCollection.php(1026): trigger_error('Passing lowercase HTTP method "get" is deprecated. Use uppercase HTTP method like "GET".', 16384)
 2 APPPATH\Config\Routes.php(101): CodeIgniter\Router\RouteCollection->match([...], 'sms/gateway', 'SmsController::gateway')
 3 SYSTEMPATH\Router\RouteCollection.php(339): require('D:\\xampp\\htdocs\\FloodGuard\\app\\Config\\Routes.php')
 4 SYSTEMPATH\CodeIgniter.php(821): CodeIgniter\Router\RouteCollection->loadRoutes()
 5 SYSTEMPATH\CodeIgniter.php(455): CodeIgniter\CodeIgniter->tryToRouteIt(null)
 6 SYSTEMPATH\CodeIgniter.php(354): CodeIgniter\CodeIgniter->handleRequest(null, Object(Config\Cache), false)
 7 SYSTEMPATH\Boot.php(334): CodeIgniter\CodeIgniter->run()
 8 SYSTEMPATH\Boot.php(67): CodeIgniter\Boot::runCodeIgniter(Object(CodeIgniter\CodeIgniter))
 9 FCPATH\index.php(59): CodeIgniter\Boot::bootWeb(Object(Config\Paths))
WARNING - 2025-12-04 17:45:14 --> [DEPRECATED] Passing lowercase HTTP method "post" is deprecated. Use uppercase HTTP method like "POST". in SYSTEMPATH\Router\RouteCollection.php on line 1026.
 1 SYSTEMPATH\Router\RouteCollection.php(1026): trigger_error('Passing lowercase HTTP method "post" is deprecated. Use uppercase HTTP method like "POST".', 16384)
 2 APPPATH\Config\Routes.php(101): CodeIgniter\Router\RouteCollection->match([...], 'sms/gateway', 'SmsController::gateway')
 3 SYSTEMPATH\Router\RouteCollection.php(339): require('D:\\xampp\\htdocs\\FloodGuard\\app\\Config\\Routes.php')
 4 SYSTEMPATH\CodeIgniter.php(821): CodeIgniter\Router\RouteCollection->loadRoutes()
 5 SYSTEMPATH\CodeIgniter.php(455): CodeIgniter\CodeIgniter->tryToRouteIt(null)
 6 SYSTEMPATH\CodeIgniter.php(354): CodeIgniter\CodeIgniter->handleRequest(null, Object(Config\Cache), false)
 7 SYSTEMPATH\Boot.php(334): CodeIgniter\CodeIgniter->run()
 8 SYSTEMPATH\Boot.php(67): CodeIgniter\Boot::runCodeIgniter(Object(CodeIgniter\CodeIgniter))
 9 FCPATH\index.php(59): CodeIgniter\Boot::bootWeb(Object(Config\Paths))
CRITICAL - 2025-12-04 17:45:15 --> ErrorException: unlink(D:\xampp\htdocs\FloodGuard\writable\debugbar/debugbar_1764861713.701982.json): No such file or directory
[Method: GET, Route: /]
in SYSTEMPATH\Debug\Toolbar\Collectors\History.php on line 82.
 1 [internal function]: CodeIgniter\Debug\Exceptions->errorHandler(2, 'unlink(D:\\xampp\\htdocs\\FloodGuard\\writable\\debugbar/debugbar_1764861713.701982.json): No such file or directory', 'D:\\xampp\\htdocs\\FloodGuard\\system\\Debug\\Toolbar\\Collectors\\History.php', 82)
 2 SYSTEMPATH\Debug\Toolbar\Collectors\History.php(82): unlink('D:\\xampp\\htdocs\\FloodGuard\\writable\\debugbar/debugbar_1764861713.701982.json')
 3 SYSTEMPATH\Debug\Toolbar.php(517): CodeIgniter\Debug\Toolbar\Collectors\History->setFiles('1764870314.038163', 20)
 4 SYSTEMPATH\Debug\Toolbar.php(496): CodeIgniter\Debug\Toolbar->format([...], 'html')
 5 APPPATH\Config\Events.php(47): CodeIgniter\Debug\Toolbar->respond()
 6 SYSTEMPATH\Events\Events.php(155): CodeIgniter\Events\Events::Config\{closure}()
 7 SYSTEMPATH\CodeIgniter.php(339): CodeIgniter\Events\Events::trigger('pre_system')
 8 SYSTEMPATH\Boot.php(334): CodeIgniter\CodeIgniter->run()
 9 SYSTEMPATH\Boot.php(67): CodeIgniter\Boot::runCodeIgniter(Object(CodeIgniter\CodeIgniter))
10 FCPATH\index.php(59): CodeIgniter\Boot::bootWeb(Object(Config\Paths))
CRITICAL - 2025-12-04 17:45:15 --> ErrorException: unlink(D:\xampp\htdocs\FloodGuard\writable\debugbar/debugbar_1764861713.701982.json): No such file or directory
[Method: GET, Route: /]
in SYSTEMPATH\Debug\Toolbar\Collectors\History.php on line 82.
 1 [internal function]: CodeIgniter\Debug\Exceptions->errorHandler(2, 'unlink(D:\\xampp\\htdocs\\FloodGuard\\writable\\debugbar/debugbar_1764861713.701982.json): No such file or directory', 'D:\\xampp\\htdocs\\FloodGuard\\system\\Debug\\Toolbar\\Collectors\\History.php', 82)
 2 SYSTEMPATH\Debug\Toolbar\Collectors\History.php(82): unlink('D:\\xampp\\htdocs\\FloodGuard\\writable\\debugbar/debugbar_1764861713.701982.json')
 3 SYSTEMPATH\Debug\Toolbar.php(517): CodeIgniter\Debug\Toolbar\Collectors\History->setFiles('1764870310.883080', 20)
 4 SYSTEMPATH\Debug\Toolbar.php(496): CodeIgniter\Debug\Toolbar->format([...], 'html')
 5 APPPATH\Config\Events.php(47): CodeIgniter\Debug\Toolbar->respond()
 6 SYSTEMPATH\Events\Events.php(155): CodeIgniter\Events\Events::Config\{closure}()
 7 SYSTEMPATH\CodeIgniter.php(339): CodeIgniter\Events\Events::trigger('pre_system')
 8 SYSTEMPATH\Boot.php(334): CodeIgniter\CodeIgniter->run()
 9 SYSTEMPATH\Boot.php(67): CodeIgniter\Boot::runCodeIgniter(Object(CodeIgniter\CodeIgniter))
10 FCPATH\index.php(59): CodeIgniter\Boot::bootWeb(Object(Config\Paths))
WARNING - 2025-12-04 18:00:15 --> [DEPRECATED] Passing lowercase HTTP method "get" is deprecated. Use uppercase HTTP method like "GET". in SYSTEMPATH\Router\RouteCollection.php on line 1026.
 1 SYSTEMPATH\Router\RouteCollection.php(1026): trigger_error('Passing lowercase HTTP method "get" is deprecated. Use uppercase HTTP method like "GET".', 16384)
 2 APPPATH\Config\Routes.php(101): CodeIgniter\Router\RouteCollection->match([...], 'sms/gateway', 'SmsController::gateway')
 3 SYSTEMPATH\Router\RouteCollection.php(339): require('D:\\xampp\\htdocs\\FloodGuard\\app\\Config\\Routes.php')
 4 SYSTEMPATH\CodeIgniter.php(821): CodeIgniter\Router\RouteCollection->loadRoutes()
 5 SYSTEMPATH\CodeIgniter.php(455): CodeIgniter\CodeIgniter->tryToRouteIt(null)
 6 SYSTEMPATH\CodeIgniter.php(354): CodeIgniter\CodeIgniter->handleRequest(null, Object(Config\Cache), false)
 7 SYSTEMPATH\Boot.php(334): CodeIgniter\CodeIgniter->run()
 8 SYSTEMPATH\Boot.php(67): CodeIgniter\Boot::runCodeIgniter(Object(CodeIgniter\CodeIgniter))
 9 FCPATH\index.php(59): CodeIgniter\Boot::bootWeb(Object(Config\Paths))
WARNING - 2025-12-04 18:00:15 --> [DEPRECATED] Passing lowercase HTTP method "post" is deprecated. Use uppercase HTTP method like "POST". in SYSTEMPATH\Router\RouteCollection.php on line 1026.
 1 SYSTEMPATH\Router\RouteCollection.php(1026): trigger_error('Passing lowercase HTTP method "post" is deprecated. Use uppercase HTTP method like "POST".', 16384)
 2 APPPATH\Config\Routes.php(101): CodeIgniter\Router\RouteCollection->match([...], 'sms/gateway', 'SmsController::gateway')
 3 SYSTEMPATH\Router\RouteCollection.php(339): require('D:\\xampp\\htdocs\\FloodGuard\\app\\Config\\Routes.php')
 4 SYSTEMPATH\CodeIgniter.php(821): CodeIgniter\Router\RouteCollection->loadRoutes()
 5 SYSTEMPATH\CodeIgniter.php(455): CodeIgniter\CodeIgniter->tryToRouteIt(null)
 6 SYSTEMPATH\CodeIgniter.php(354): CodeIgniter\CodeIgniter->handleRequest(null, Object(Config\Cache), false)
 7 SYSTEMPATH\Boot.php(334): CodeIgniter\CodeIgniter->run()
 8 SYSTEMPATH\Boot.php(67): CodeIgniter\Boot::runCodeIgniter(Object(CodeIgniter\CodeIgniter))
 9 FCPATH\index.php(59): CodeIgniter\Boot::bootWeb(Object(Config\Paths))
DEBUG - 2025-12-04 18:00:15 --> Session: Class initialized using 'CodeIgniter\Session\Handlers\FileHandler' driver.
WARNING - 2025-12-04 18:05:02 --> [DEPRECATED] Passing lowercase HTTP method "get" is deprecated. Use uppercase HTTP method like "GET". in SYSTEMPATH\Router\RouteCollection.php on line 1026.
 1 SYSTEMPATH\Router\RouteCollection.php(1026): trigger_error('Passing lowercase HTTP method "get" is deprecated. Use uppercase HTTP method like "GET".', 16384)
 2 APPPATH\Config\Routes.php(101): CodeIgniter\Router\RouteCollection->match([...], 'sms/gateway', 'SmsController::gateway')
 3 SYSTEMPATH\Router\RouteCollection.php(339): require('D:\\xampp\\htdocs\\FloodGuard\\app\\Config\\Routes.php')
 4 SYSTEMPATH\CodeIgniter.php(821): CodeIgniter\Router\RouteCollection->loadRoutes()
 5 SYSTEMPATH\CodeIgniter.php(455): CodeIgniter\CodeIgniter->tryToRouteIt(null)
 6 SYSTEMPATH\CodeIgniter.php(354): CodeIgniter\CodeIgniter->handleRequest(null, Object(Config\Cache), false)
 7 SYSTEMPATH\Boot.php(334): CodeIgniter\CodeIgniter->run()
 8 SYSTEMPATH\Boot.php(67): CodeIgniter\Boot::runCodeIgniter(Object(CodeIgniter\CodeIgniter))
 9 FCPATH\index.php(59): CodeIgniter\Boot::bootWeb(Object(Config\Paths))
WARNING - 2025-12-04 18:05:02 --> [DEPRECATED] Passing lowercase HTTP method "post" is deprecated. Use uppercase HTTP method like "POST". in SYSTEMPATH\Router\RouteCollection.php on line 1026.
 1 SYSTEMPATH\Router\RouteCollection.php(1026): trigger_error('Passing lowercase HTTP method "post" is deprecated. Use uppercase HTTP method like "POST".', 16384)
 2 APPPATH\Config\Routes.php(101): CodeIgniter\Router\RouteCollection->match([...], 'sms/gateway', 'SmsController::gateway')
 3 SYSTEMPATH\Router\RouteCollection.php(339): require('D:\\xampp\\htdocs\\FloodGuard\\app\\Config\\Routes.php')
 4 SYSTEMPATH\CodeIgniter.php(821): CodeIgniter\Router\RouteCollection->loadRoutes()
 5 SYSTEMPATH\CodeIgniter.php(455): CodeIgniter\CodeIgniter->tryToRouteIt(null)
 6 SYSTEMPATH\CodeIgniter.php(354): CodeIgniter\CodeIgniter->handleRequest(null, Object(Config\Cache), false)
 7 SYSTEMPATH\Boot.php(334): CodeIgniter\CodeIgniter->run()
 8 SYSTEMPATH\Boot.php(67): CodeIgniter\Boot::runCodeIgniter(Object(CodeIgniter\CodeIgniter))
 9 FCPATH\index.php(59): CodeIgniter\Boot::bootWeb(Object(Config\Paths))
WARNING - 2025-12-04 18:15:14 --> [DEPRECATED] Passing lowercase HTTP method "get" is deprecated. Use uppercase HTTP method like "GET". in SYSTEMPATH\Router\RouteCollection.php on line 1026.
 1 SYSTEMPATH\Router\RouteCollection.php(1026): trigger_error('Passing lowercase HTTP method "get" is deprecated. Use uppercase HTTP method like "GET".', 16384)
 2 APPPATH\Config\Routes.php(101): CodeIgniter\Router\RouteCollection->match([...], 'sms/gateway', 'SmsController::gateway')
 3 SYSTEMPATH\Router\RouteCollection.php(339): require('D:\\xampp\\htdocs\\FloodGuard\\app\\Config\\Routes.php')
 4 SYSTEMPATH\CodeIgniter.php(821): CodeIgniter\Router\RouteCollection->loadRoutes()
 5 SYSTEMPATH\CodeIgniter.php(455): CodeIgniter\CodeIgniter->tryToRouteIt(null)
 6 SYSTEMPATH\CodeIgniter.php(354): CodeIgniter\CodeIgniter->handleRequest(null, Object(Config\Cache), false)
 7 SYSTEMPATH\Boot.php(334): CodeIgniter\CodeIgniter->run()
 8 SYSTEMPATH\Boot.php(67): CodeIgniter\Boot::runCodeIgniter(Object(CodeIgniter\CodeIgniter))
 9 FCPATH\index.php(59): CodeIgniter\Boot::bootWeb(Object(Config\Paths))
WARNING - 2025-12-04 18:15:14 --> [DEPRECATED] Passing lowercase HTTP method "post" is deprecated. Use uppercase HTTP method like "POST". in SYSTEMPATH\Router\RouteCollection.php on line 1026.
 1 SYSTEMPATH\Router\RouteCollection.php(1026): trigger_error('Passing lowercase HTTP method "post" is deprecated. Use uppercase HTTP method like "POST".', 16384)
 2 APPPATH\Config\Routes.php(101): CodeIgniter\Router\RouteCollection->match([...], 'sms/gateway', 'SmsController::gateway')
 3 SYSTEMPATH\Router\RouteCollection.php(339): require('D:\\xampp\\htdocs\\FloodGuard\\app\\Config\\Routes.php')
 4 SYSTEMPATH\CodeIgniter.php(821): CodeIgniter\Router\RouteCollection->loadRoutes()
 5 SYSTEMPATH\CodeIgniter.php(455): CodeIgniter\CodeIgniter->tryToRouteIt(null)
 6 SYSTEMPATH\CodeIgniter.php(354): CodeIgniter\CodeIgniter->handleRequest(null, Object(Config\Cache), false)
 7 SYSTEMPATH\Boot.php(334): CodeIgniter\CodeIgniter->run()
 8 SYSTEMPATH\Boot.php(67): CodeIgniter\Boot::runCodeIgniter(Object(CodeIgniter\CodeIgniter))
 9 FCPATH\index.php(59): CodeIgniter\Boot::bootWeb(Object(Config\Paths))
DEBUG - 2025-12-04 18:15:14 --> Session: Class initialized using 'CodeIgniter\Session\Handlers\FileHandler' driver.
WARNING - 2025-12-04 18:15:14 --> [DEPRECATED] Passing lowercase HTTP method "get" is deprecated. Use uppercase HTTP method like "GET". in SYSTEMPATH\Router\RouteCollection.php on line 1026.
 1 SYSTEMPATH\Router\RouteCollection.php(1026): trigger_error('Passing lowercase HTTP method "get" is deprecated. Use uppercase HTTP method like "GET".', 16384)
 2 APPPATH\Config\Routes.php(101): CodeIgniter\Router\RouteCollection->match([...], 'sms/gateway', 'SmsController::gateway')
 3 SYSTEMPATH\Router\RouteCollection.php(339): require('D:\\xampp\\htdocs\\FloodGuard\\app\\Config\\Routes.php')
 4 SYSTEMPATH\CodeIgniter.php(821): CodeIgniter\Router\RouteCollection->loadRoutes()
 5 SYSTEMPATH\CodeIgniter.php(455): CodeIgniter\CodeIgniter->tryToRouteIt(null)
 6 SYSTEMPATH\CodeIgniter.php(354): CodeIgniter\CodeIgniter->handleRequest(null, Object(Config\Cache), false)
 7 SYSTEMPATH\Boot.php(334): CodeIgniter\CodeIgniter->run()
 8 SYSTEMPATH\Boot.php(67): CodeIgniter\Boot::runCodeIgniter(Object(CodeIgniter\CodeIgniter))
 9 FCPATH\index.php(59): CodeIgniter\Boot::bootWeb(Object(Config\Paths))
WARNING - 2025-12-04 18:15:14 --> [DEPRECATED] Passing lowercase HTTP method "post" is deprecated. Use uppercase HTTP method like "POST". in SYSTEMPATH\Router\RouteCollection.php on line 1026.
 1 SYSTEMPATH\Router\RouteCollection.php(1026): trigger_error('Passing lowercase HTTP method "post" is deprecated. Use uppercase HTTP method like "POST".', 16384)
 2 APPPATH\Config\Routes.php(101): CodeIgniter\Router\RouteCollection->match([...], 'sms/gateway', 'SmsController::gateway')
 3 SYSTEMPATH\Router\RouteCollection.php(339): require('D:\\xampp\\htdocs\\FloodGuard\\app\\Config\\Routes.php')
 4 SYSTEMPATH\CodeIgniter.php(821): CodeIgniter\Router\RouteCollection->loadRoutes()
 5 SYSTEMPATH\CodeIgniter.php(455): CodeIgniter\CodeIgniter->tryToRouteIt(null)
 6 SYSTEMPATH\CodeIgniter.php(354): CodeIgniter\CodeIgniter->handleRequest(null, Object(Config\Cache), false)
 7 SYSTEMPATH\Boot.php(334): CodeIgniter\CodeIgniter->run()
 8 SYSTEMPATH\Boot.php(67): CodeIgniter\Boot::runCodeIgniter(Object(CodeIgniter\CodeIgniter))
 9 FCPATH\index.php(59): CodeIgniter\Boot::bootWeb(Object(Config\Paths))
DEBUG - 2025-12-04 18:15:14 --> Session: Class initialized using 'CodeIgniter\Session\Handlers\FileHandler' driver.
WARNING - 2025-12-04 18:15:16 --> [DEPRECATED] Passing lowercase HTTP method "get" is deprecated. Use uppercase HTTP method like "GET". in SYSTEMPATH\Router\RouteCollection.php on line 1026.
 1 SYSTEMPATH\Router\RouteCollection.php(1026): trigger_error('Passing lowercase HTTP method "get" is deprecated. Use uppercase HTTP method like "GET".', 16384)
 2 APPPATH\Config\Routes.php(101): CodeIgniter\Router\RouteCollection->match([...], 'sms/gateway', 'SmsController::gateway')
 3 SYSTEMPATH\Router\RouteCollection.php(339): require('D:\\xampp\\htdocs\\FloodGuard\\app\\Config\\Routes.php')
 4 SYSTEMPATH\CodeIgniter.php(821): CodeIgniter\Router\RouteCollection->loadRoutes()
 5 SYSTEMPATH\CodeIgniter.php(455): CodeIgniter\CodeIgniter->tryToRouteIt(null)
 6 SYSTEMPATH\CodeIgniter.php(354): CodeIgniter\CodeIgniter->handleRequest(null, Object(Config\Cache), false)
 7 SYSTEMPATH\Boot.php(334): CodeIgniter\CodeIgniter->run()
 8 SYSTEMPATH\Boot.php(67): CodeIgniter\Boot::runCodeIgniter(Object(CodeIgniter\CodeIgniter))
 9 FCPATH\index.php(59): CodeIgniter\Boot::bootWeb(Object(Config\Paths))
WARNING - 2025-12-04 18:15:16 --> [DEPRECATED] Passing lowercase HTTP method "post" is deprecated. Use uppercase HTTP method like "POST". in SYSTEMPATH\Router\RouteCollection.php on line 1026.
 1 SYSTEMPATH\Router\RouteCollection.php(1026): trigger_error('Passing lowercase HTTP method "post" is deprecated. Use uppercase HTTP method like "POST".', 16384)
 2 APPPATH\Config\Routes.php(101): CodeIgniter\Router\RouteCollection->match([...], 'sms/gateway', 'SmsController::gateway')
 3 SYSTEMPATH\Router\RouteCollection.php(339): require('D:\\xampp\\htdocs\\FloodGuard\\app\\Config\\Routes.php')
 4 SYSTEMPATH\CodeIgniter.php(821): CodeIgniter\Router\RouteCollection->loadRoutes()
 5 SYSTEMPATH\CodeIgniter.php(455): CodeIgniter\CodeIgniter->tryToRouteIt(null)
 6 SYSTEMPATH\CodeIgniter.php(354): CodeIgniter\CodeIgniter->handleRequest(null, Object(Config\Cache), false)
 7 SYSTEMPATH\Boot.php(334): CodeIgniter\CodeIgniter->run()
 8 SYSTEMPATH\Boot.php(67): CodeIgniter\Boot::runCodeIgniter(Object(CodeIgniter\CodeIgniter))
 9 FCPATH\index.php(59): CodeIgniter\Boot::bootWeb(Object(Config\Paths))
DEBUG - 2025-12-04 18:15:16 --> Session: Class initialized using 'CodeIgniter\Session\Handlers\FileHandler' driver.
WARNING - 2025-12-04 18:30:17 --> [DEPRECATED] Passing lowercase HTTP method "get" is deprecated. Use uppercase HTTP method like "GET". in SYSTEMPATH\Router\RouteCollection.php on line 1026.
 1 SYSTEMPATH\Router\RouteCollection.php(1026): trigger_error('Passing lowercase HTTP method "get" is deprecated. Use uppercase HTTP method like "GET".', 16384)
 2 APPPATH\Config\Routes.php(101): CodeIgniter\Router\RouteCollection->match([...], 'sms/gateway', 'SmsController::gateway')
 3 SYSTEMPATH\Router\RouteCollection.php(339): require('D:\\xampp\\htdocs\\FloodGuard\\app\\Config\\Routes.php')
 4 SYSTEMPATH\CodeIgniter.php(821): CodeIgniter\Router\RouteCollection->loadRoutes()
 5 SYSTEMPATH\CodeIgniter.php(455): CodeIgniter\CodeIgniter->tryToRouteIt(null)
 6 SYSTEMPATH\CodeIgniter.php(354): CodeIgniter\CodeIgniter->handleRequest(null, Object(Config\Cache), false)
 7 SYSTEMPATH\Boot.php(334): CodeIgniter\CodeIgniter->run()
 8 SYSTEMPATH\Boot.php(67): CodeIgniter\Boot::runCodeIgniter(Object(CodeIgniter\CodeIgniter))
 9 FCPATH\index.php(59): CodeIgniter\Boot::bootWeb(Object(Config\Paths))
WARNING - 2025-12-04 18:30:17 --> [DEPRECATED] Passing lowercase HTTP method "post" is deprecated. Use uppercase HTTP method like "POST". in SYSTEMPATH\Router\RouteCollection.php on line 1026.
 1 SYSTEMPATH\Router\RouteCollection.php(1026): trigger_error('Passing lowercase HTTP method "post" is deprecated. Use uppercase HTTP method like "POST".', 16384)
 2 APPPATH\Config\Routes.php(101): CodeIgniter\Router\RouteCollection->match([...], 'sms/gateway', 'SmsController::gateway')
 3 SYSTEMPATH\Router\RouteCollection.php(339): require('D:\\xampp\\htdocs\\FloodGuard\\app\\Config\\Routes.php')
 4 SYSTEMPATH\CodeIgniter.php(821): CodeIgniter\Router\RouteCollection->loadRoutes()
 5 SYSTEMPATH\CodeIgniter.php(455): CodeIgniter\CodeIgniter->tryToRouteIt(null)
 6 SYSTEMPATH\CodeIgniter.php(354): CodeIgniter\CodeIgniter->handleRequest(null, Object(Config\Cache), false)
 7 SYSTEMPATH\Boot.php(334): CodeIgniter\CodeIgniter->run()
 8 SYSTEMPATH\Boot.php(67): CodeIgniter\Boot::runCodeIgniter(Object(CodeIgniter\CodeIgniter))
 9 FCPATH\index.php(59): CodeIgniter\Boot::bootWeb(Object(Config\Paths))
DEBUG - 2025-12-04 18:30:17 --> Session: Class initialized using 'CodeIgniter\Session\Handlers\FileHandler' driver.
WARNING - 2025-12-04 18:45:15 --> [DEPRECATED] Passing lowercase HTTP method "get" is deprecated. Use uppercase HTTP method like "GET". in SYSTEMPATH\Router\RouteCollection.php on line 1026.
 1 SYSTEMPATH\Router\RouteCollection.php(1026): trigger_error('Passing lowercase HTTP method "get" is deprecated. Use uppercase HTTP method like "GET".', 16384)
 2 APPPATH\Config\Routes.php(101): CodeIgniter\Router\RouteCollection->match([...], 'sms/gateway', 'SmsController::gateway')
 3 SYSTEMPATH\Router\RouteCollection.php(339): require('D:\\xampp\\htdocs\\FloodGuard\\app\\Config\\Routes.php')
 4 SYSTEMPATH\CodeIgniter.php(821): CodeIgniter\Router\RouteCollection->loadRoutes()
 5 SYSTEMPATH\CodeIgniter.php(455): CodeIgniter\CodeIgniter->tryToRouteIt(null)
 6 SYSTEMPATH\CodeIgniter.php(354): CodeIgniter\CodeIgniter->handleRequest(null, Object(Config\Cache), false)
 7 SYSTEMPATH\Boot.php(334): CodeIgniter\CodeIgniter->run()
 8 SYSTEMPATH\Boot.php(67): CodeIgniter\Boot::runCodeIgniter(Object(CodeIgniter\CodeIgniter))
 9 FCPATH\index.php(59): CodeIgniter\Boot::bootWeb(Object(Config\Paths))
WARNING - 2025-12-04 18:45:15 --> [DEPRECATED] Passing lowercase HTTP method "post" is deprecated. Use uppercase HTTP method like "POST". in SYSTEMPATH\Router\RouteCollection.php on line 1026.
 1 SYSTEMPATH\Router\RouteCollection.php(1026): trigger_error('Passing lowercase HTTP method "post" is deprecated. Use uppercase HTTP method like "POST".', 16384)
 2 APPPATH\Config\Routes.php(101): CodeIgniter\Router\RouteCollection->match([...], 'sms/gateway', 'SmsController::gateway')
 3 SYSTEMPATH\Router\RouteCollection.php(339): require('D:\\xampp\\htdocs\\FloodGuard\\app\\Config\\Routes.php')
 4 SYSTEMPATH\CodeIgniter.php(821): CodeIgniter\Router\RouteCollection->loadRoutes()
 5 SYSTEMPATH\CodeIgniter.php(455): CodeIgniter\CodeIgniter->tryToRouteIt(null)
 6 SYSTEMPATH\CodeIgniter.php(354): CodeIgniter\CodeIgniter->handleRequest(null, Object(Config\Cache), false)
 7 SYSTEMPATH\Boot.php(334): CodeIgniter\CodeIgniter->run()
 8 SYSTEMPATH\Boot.php(67): CodeIgniter\Boot::runCodeIgniter(Object(CodeIgniter\CodeIgniter))
 9 FCPATH\index.php(59): CodeIgniter\Boot::bootWeb(Object(Config\Paths))
DEBUG - 2025-12-04 18:45:15 --> Session: Class initialized using 'CodeIgniter\Session\Handlers\FileHandler' driver.
WARNING - 2025-12-04 18:45:15 --> [DEPRECATED] Passing lowercase HTTP method "get" is deprecated. Use uppercase HTTP method like "GET". in SYSTEMPATH\Router\RouteCollection.php on line 1026.
 1 SYSTEMPATH\Router\RouteCollection.php(1026): trigger_error('Passing lowercase HTTP method "get" is deprecated. Use uppercase HTTP method like "GET".', 16384)
 2 APPPATH\Config\Routes.php(101): CodeIgniter\Router\RouteCollection->match([...], 'sms/gateway', 'SmsController::gateway')
 3 SYSTEMPATH\Router\RouteCollection.php(339): require('D:\\xampp\\htdocs\\FloodGuard\\app\\Config\\Routes.php')
 4 SYSTEMPATH\CodeIgniter.php(821): CodeIgniter\Router\RouteCollection->loadRoutes()
 5 SYSTEMPATH\CodeIgniter.php(455): CodeIgniter\CodeIgniter->tryToRouteIt(null)
 6 SYSTEMPATH\CodeIgniter.php(354): CodeIgniter\CodeIgniter->handleRequest(null, Object(Config\Cache), false)
 7 SYSTEMPATH\Boot.php(334): CodeIgniter\CodeIgniter->run()
 8 SYSTEMPATH\Boot.php(67): CodeIgniter\Boot::runCodeIgniter(Object(CodeIgniter\CodeIgniter))
 9 FCPATH\index.php(59): CodeIgniter\Boot::bootWeb(Object(Config\Paths))
WARNING - 2025-12-04 18:45:15 --> [DEPRECATED] Passing lowercase HTTP method "post" is deprecated. Use uppercase HTTP method like "POST". in SYSTEMPATH\Router\RouteCollection.php on line 1026.
 1 SYSTEMPATH\Router\RouteCollection.php(1026): trigger_error('Passing lowercase HTTP method "post" is deprecated. Use uppercase HTTP method like "POST".', 16384)
 2 APPPATH\Config\Routes.php(101): CodeIgniter\Router\RouteCollection->match([...], 'sms/gateway', 'SmsController::gateway')
 3 SYSTEMPATH\Router\RouteCollection.php(339): require('D:\\xampp\\htdocs\\FloodGuard\\app\\Config\\Routes.php')
 4 SYSTEMPATH\CodeIgniter.php(821): CodeIgniter\Router\RouteCollection->loadRoutes()
 5 SYSTEMPATH\CodeIgniter.php(455): CodeIgniter\CodeIgniter->tryToRouteIt(null)
 6 SYSTEMPATH\CodeIgniter.php(354): CodeIgniter\CodeIgniter->handleRequest(null, Object(Config\Cache), false)
 7 SYSTEMPATH\Boot.php(334): CodeIgniter\CodeIgniter->run()
 8 SYSTEMPATH\Boot.php(67): CodeIgniter\Boot::runCodeIgniter(Object(CodeIgniter\CodeIgniter))
 9 FCPATH\index.php(59): CodeIgniter\Boot::bootWeb(Object(Config\Paths))
DEBUG - 2025-12-04 18:45:15 --> Session: Class initialized using 'CodeIgniter\Session\Handlers\FileHandler' driver.
WARNING - 2025-12-04 18:45:15 --> [DEPRECATED] Passing lowercase HTTP method "get" is deprecated. Use uppercase HTTP method like "GET". in SYSTEMPATH\Router\RouteCollection.php on line 1026.
 1 SYSTEMPATH\Router\RouteCollection.php(1026): trigger_error('Passing lowercase HTTP method "get" is deprecated. Use uppercase HTTP method like "GET".', 16384)
 2 APPPATH\Config\Routes.php(101): CodeIgniter\Router\RouteCollection->match([...], 'sms/gateway', 'SmsController::gateway')
 3 SYSTEMPATH\Router\RouteCollection.php(339): require('D:\\xampp\\htdocs\\FloodGuard\\app\\Config\\Routes.php')
 4 SYSTEMPATH\CodeIgniter.php(821): CodeIgniter\Router\RouteCollection->loadRoutes()
 5 SYSTEMPATH\CodeIgniter.php(455): CodeIgniter\CodeIgniter->tryToRouteIt(null)
 6 SYSTEMPATH\CodeIgniter.php(354): CodeIgniter\CodeIgniter->handleRequest(null, Object(Config\Cache), false)
 7 SYSTEMPATH\Boot.php(334): CodeIgniter\CodeIgniter->run()
 8 SYSTEMPATH\Boot.php(67): CodeIgniter\Boot::runCodeIgniter(Object(CodeIgniter\CodeIgniter))
 9 FCPATH\index.php(59): CodeIgniter\Boot::bootWeb(Object(Config\Paths))
WARNING - 2025-12-04 18:45:15 --> [DEPRECATED] Passing lowercase HTTP method "post" is deprecated. Use uppercase HTTP method like "POST". in SYSTEMPATH\Router\RouteCollection.php on line 1026.
 1 SYSTEMPATH\Router\RouteCollection.php(1026): trigger_error('Passing lowercase HTTP method "post" is deprecated. Use uppercase HTTP method like "POST".', 16384)
 2 APPPATH\Config\Routes.php(101): CodeIgniter\Router\RouteCollection->match([...], 'sms/gateway', 'SmsController::gateway')
 3 SYSTEMPATH\Router\RouteCollection.php(339): require('D:\\xampp\\htdocs\\FloodGuard\\app\\Config\\Routes.php')
 4 SYSTEMPATH\CodeIgniter.php(821): CodeIgniter\Router\RouteCollection->loadRoutes()
 5 SYSTEMPATH\CodeIgniter.php(455): CodeIgniter\CodeIgniter->tryToRouteIt(null)
 6 SYSTEMPATH\CodeIgniter.php(354): CodeIgniter\CodeIgniter->handleRequest(null, Object(Config\Cache), false)
 7 SYSTEMPATH\Boot.php(334): CodeIgniter\CodeIgniter->run()
 8 SYSTEMPATH\Boot.php(67): CodeIgniter\Boot::runCodeIgniter(Object(CodeIgniter\CodeIgniter))
 9 FCPATH\index.php(59): CodeIgniter\Boot::bootWeb(Object(Config\Paths))
WARNING - 2025-12-04 18:45:16 --> [DEPRECATED] Passing lowercase HTTP method "get" is deprecated. Use uppercase HTTP method like "GET". in SYSTEMPATH\Router\RouteCollection.php on line 1026.
 1 SYSTEMPATH\Router\RouteCollection.php(1026): trigger_error('Passing lowercase HTTP method "get" is deprecated. Use uppercase HTTP method like "GET".', 16384)
 2 APPPATH\Config\Routes.php(101): CodeIgniter\Router\RouteCollection->match([...], 'sms/gateway', 'SmsController::gateway')
 3 SYSTEMPATH\Router\RouteCollection.php(339): require('D:\\xampp\\htdocs\\FloodGuard\\app\\Config\\Routes.php')
 4 SYSTEMPATH\CodeIgniter.php(821): CodeIgniter\Router\RouteCollection->loadRoutes()
 5 SYSTEMPATH\CodeIgniter.php(455): CodeIgniter\CodeIgniter->tryToRouteIt(null)
 6 SYSTEMPATH\CodeIgniter.php(354): CodeIgniter\CodeIgniter->handleRequest(null, Object(Config\Cache), false)
 7 SYSTEMPATH\Boot.php(334): CodeIgniter\CodeIgniter->run()
 8 SYSTEMPATH\Boot.php(67): CodeIgniter\Boot::runCodeIgniter(Object(CodeIgniter\CodeIgniter))
 9 FCPATH\index.php(59): CodeIgniter\Boot::bootWeb(Object(Config\Paths))
WARNING - 2025-12-04 18:45:16 --> [DEPRECATED] Passing lowercase HTTP method "post" is deprecated. Use uppercase HTTP method like "POST". in SYSTEMPATH\Router\RouteCollection.php on line 1026.
 1 SYSTEMPATH\Router\RouteCollection.php(1026): trigger_error('Passing lowercase HTTP method "post" is deprecated. Use uppercase HTTP method like "POST".', 16384)
 2 APPPATH\Config\Routes.php(101): CodeIgniter\Router\RouteCollection->match([...], 'sms/gateway', 'SmsController::gateway')
 3 SYSTEMPATH\Router\RouteCollection.php(339): require('D:\\xampp\\htdocs\\FloodGuard\\app\\Config\\Routes.php')
 4 SYSTEMPATH\CodeIgniter.php(821): CodeIgniter\Router\RouteCollection->loadRoutes()
 5 SYSTEMPATH\CodeIgniter.php(455): CodeIgniter\CodeIgniter->tryToRouteIt(null)
 6 SYSTEMPATH\CodeIgniter.php(354): CodeIgniter\CodeIgniter->handleRequest(null, Object(Config\Cache), false)
 7 SYSTEMPATH\Boot.php(334): CodeIgniter\CodeIgniter->run()
 8 SYSTEMPATH\Boot.php(67): CodeIgniter\Boot::runCodeIgniter(Object(CodeIgniter\CodeIgniter))
 9 FCPATH\index.php(59): CodeIgniter\Boot::bootWeb(Object(Config\Paths))
WARNING - 2025-12-04 18:45:18 --> [DEPRECATED] Passing lowercase HTTP method "get" is deprecated. Use uppercase HTTP method like "GET". in SYSTEMPATH\Router\RouteCollection.php on line 1026.
 1 SYSTEMPATH\Router\RouteCollection.php(1026): trigger_error('Passing lowercase HTTP method "get" is deprecated. Use uppercase HTTP method like "GET".', 16384)
 2 APPPATH\Config\Routes.php(101): CodeIgniter\Router\RouteCollection->match([...], 'sms/gateway', 'SmsController::gateway')
 3 SYSTEMPATH\Router\RouteCollection.php(339): require('D:\\xampp\\htdocs\\FloodGuard\\app\\Config\\Routes.php')
 4 SYSTEMPATH\CodeIgniter.php(821): CodeIgniter\Router\RouteCollection->loadRoutes()
 5 SYSTEMPATH\CodeIgniter.php(455): CodeIgniter\CodeIgniter->tryToRouteIt(null)
 6 SYSTEMPATH\CodeIgniter.php(354): CodeIgniter\CodeIgniter->handleRequest(null, Object(Config\Cache), false)
 7 SYSTEMPATH\Boot.php(334): CodeIgniter\CodeIgniter->run()
 8 SYSTEMPATH\Boot.php(67): CodeIgniter\Boot::runCodeIgniter(Object(CodeIgniter\CodeIgniter))
 9 FCPATH\index.php(59): CodeIgniter\Boot::bootWeb(Object(Config\Paths))
WARNING - 2025-12-04 18:45:18 --> [DEPRECATED] Passing lowercase HTTP method "post" is deprecated. Use uppercase HTTP method like "POST". in SYSTEMPATH\Router\RouteCollection.php on line 1026.
 1 SYSTEMPATH\Router\RouteCollection.php(1026): trigger_error('Passing lowercase HTTP method "post" is deprecated. Use uppercase HTTP method like "POST".', 16384)
 2 APPPATH\Config\Routes.php(101): CodeIgniter\Router\RouteCollection->match([...], 'sms/gateway', 'SmsController::gateway')
 3 SYSTEMPATH\Router\RouteCollection.php(339): require('D:\\xampp\\htdocs\\FloodGuard\\app\\Config\\Routes.php')
 4 SYSTEMPATH\CodeIgniter.php(821): CodeIgniter\Router\RouteCollection->loadRoutes()
 5 SYSTEMPATH\CodeIgniter.php(455): CodeIgniter\CodeIgniter->tryToRouteIt(null)
 6 SYSTEMPATH\CodeIgniter.php(354): CodeIgniter\CodeIgniter->handleRequest(null, Object(Config\Cache), false)
 7 SYSTEMPATH\Boot.php(334): CodeIgniter\CodeIgniter->run()
 8 SYSTEMPATH\Boot.php(67): CodeIgniter\Boot::runCodeIgniter(Object(CodeIgniter\CodeIgniter))
 9 FCPATH\index.php(59): CodeIgniter\Boot::bootWeb(Object(Config\Paths))
DEBUG - 2025-12-04 18:45:18 --> Session: Class initialized using 'CodeIgniter\Session\Handlers\FileHandler' driver.
WARNING - 2025-12-04 18:49:59 --> [DEPRECATED] Passing lowercase HTTP method "get" is deprecated. Use uppercase HTTP method like "GET". in SYSTEMPATH\Router\RouteCollection.php on line 1026.
 1 SYSTEMPATH\Router\RouteCollection.php(1026): trigger_error('Passing lowercase HTTP method "get" is deprecated. Use uppercase HTTP method like "GET".', 16384)
 2 APPPATH\Config\Routes.php(101): CodeIgniter\Router\RouteCollection->match([...], 'sms/gateway', 'SmsController::gateway')
 3 SYSTEMPATH\Router\RouteCollection.php(339): require('D:\\xampp\\htdocs\\FloodGuard\\app\\Config\\Routes.php')
 4 SYSTEMPATH\CodeIgniter.php(821): CodeIgniter\Router\RouteCollection->loadRoutes()
 5 SYSTEMPATH\CodeIgniter.php(455): CodeIgniter\CodeIgniter->tryToRouteIt(null)
 6 SYSTEMPATH\CodeIgniter.php(354): CodeIgniter\CodeIgniter->handleRequest(null, Object(Config\Cache), false)
 7 SYSTEMPATH\Boot.php(334): CodeIgniter\CodeIgniter->run()
 8 SYSTEMPATH\Boot.php(67): CodeIgniter\Boot::runCodeIgniter(Object(CodeIgniter\CodeIgniter))
 9 FCPATH\index.php(59): CodeIgniter\Boot::bootWeb(Object(Config\Paths))
WARNING - 2025-12-04 18:49:59 --> [DEPRECATED] Passing lowercase HTTP method "post" is deprecated. Use uppercase HTTP method like "POST". in SYSTEMPATH\Router\RouteCollection.php on line 1026.
 1 SYSTEMPATH\Router\RouteCollection.php(1026): trigger_error('Passing lowercase HTTP method "post" is deprecated. Use uppercase HTTP method like "POST".', 16384)
 2 APPPATH\Config\Routes.php(101): CodeIgniter\Router\RouteCollection->match([...], 'sms/gateway', 'SmsController::gateway')
 3 SYSTEMPATH\Router\RouteCollection.php(339): require('D:\\xampp\\htdocs\\FloodGuard\\app\\Config\\Routes.php')
 4 SYSTEMPATH\CodeIgniter.php(821): CodeIgniter\Router\RouteCollection->loadRoutes()
 5 SYSTEMPATH\CodeIgniter.php(455): CodeIgniter\CodeIgniter->tryToRouteIt(null)
 6 SYSTEMPATH\CodeIgniter.php(354): CodeIgniter\CodeIgniter->handleRequest(null, Object(Config\Cache), false)
 7 SYSTEMPATH\Boot.php(334): CodeIgniter\CodeIgniter->run()
 8 SYSTEMPATH\Boot.php(67): CodeIgniter\Boot::runCodeIgniter(Object(CodeIgniter\CodeIgniter))
 9 FCPATH\index.php(59): CodeIgniter\Boot::bootWeb(Object(Config\Paths))
WARNING - 2025-12-04 19:00:19 --> [DEPRECATED] Passing lowercase HTTP method "get" is deprecated. Use uppercase HTTP method like "GET". in SYSTEMPATH\Router\RouteCollection.php on line 1026.
 1 SYSTEMPATH\Router\RouteCollection.php(1026): trigger_error('Passing lowercase HTTP method "get" is deprecated. Use uppercase HTTP method like "GET".', 16384)
 2 APPPATH\Config\Routes.php(101): CodeIgniter\Router\RouteCollection->match([...], 'sms/gateway', 'SmsController::gateway')
 3 SYSTEMPATH\Router\RouteCollection.php(339): require('D:\\xampp\\htdocs\\FloodGuard\\app\\Config\\Routes.php')
 4 SYSTEMPATH\CodeIgniter.php(821): CodeIgniter\Router\RouteCollection->loadRoutes()
 5 SYSTEMPATH\CodeIgniter.php(455): CodeIgniter\CodeIgniter->tryToRouteIt(null)
 6 SYSTEMPATH\CodeIgniter.php(354): CodeIgniter\CodeIgniter->handleRequest(null, Object(Config\Cache), false)
 7 SYSTEMPATH\Boot.php(334): CodeIgniter\CodeIgniter->run()
 8 SYSTEMPATH\Boot.php(67): CodeIgniter\Boot::runCodeIgniter(Object(CodeIgniter\CodeIgniter))
 9 FCPATH\index.php(59): CodeIgniter\Boot::bootWeb(Object(Config\Paths))
WARNING - 2025-12-04 19:00:19 --> [DEPRECATED] Passing lowercase HTTP method "post" is deprecated. Use uppercase HTTP method like "POST". in SYSTEMPATH\Router\RouteCollection.php on line 1026.
 1 SYSTEMPATH\Router\RouteCollection.php(1026): trigger_error('Passing lowercase HTTP method "post" is deprecated. Use uppercase HTTP method like "POST".', 16384)
 2 APPPATH\Config\Routes.php(101): CodeIgniter\Router\RouteCollection->match([...], 'sms/gateway', 'SmsController::gateway')
 3 SYSTEMPATH\Router\RouteCollection.php(339): require('D:\\xampp\\htdocs\\FloodGuard\\app\\Config\\Routes.php')
 4 SYSTEMPATH\CodeIgniter.php(821): CodeIgniter\Router\RouteCollection->loadRoutes()
 5 SYSTEMPATH\CodeIgniter.php(455): CodeIgniter\CodeIgniter->tryToRouteIt(null)
 6 SYSTEMPATH\CodeIgniter.php(354): CodeIgniter\CodeIgniter->handleRequest(null, Object(Config\Cache), false)
 7 SYSTEMPATH\Boot.php(334): CodeIgniter\CodeIgniter->run()
 8 SYSTEMPATH\Boot.php(67): CodeIgniter\Boot::runCodeIgniter(Object(CodeIgniter\CodeIgniter))
 9 FCPATH\index.php(59): CodeIgniter\Boot::bootWeb(Object(Config\Paths))
DEBUG - 2025-12-04 19:00:19 --> Session: Class initialized using 'CodeIgniter\Session\Handlers\FileHandler' driver.
WARNING - 2025-12-04 19:15:16 --> [DEPRECATED] Passing lowercase HTTP method "get" is deprecated. Use uppercase HTTP method like "GET". in SYSTEMPATH\Router\RouteCollection.php on line 1026.
 1 SYSTEMPATH\Router\RouteCollection.php(1026): trigger_error('Passing lowercase HTTP method "get" is deprecated. Use uppercase HTTP method like "GET".', 16384)
 2 APPPATH\Config\Routes.php(101): CodeIgniter\Router\RouteCollection->match([...], 'sms/gateway', 'SmsController::gateway')
 3 SYSTEMPATH\Router\RouteCollection.php(339): require('D:\\xampp\\htdocs\\FloodGuard\\app\\Config\\Routes.php')
 4 SYSTEMPATH\CodeIgniter.php(821): CodeIgniter\Router\RouteCollection->loadRoutes()
 5 SYSTEMPATH\CodeIgniter.php(455): CodeIgniter\CodeIgniter->tryToRouteIt(null)
 6 SYSTEMPATH\CodeIgniter.php(354): CodeIgniter\CodeIgniter->handleRequest(null, Object(Config\Cache), false)
 7 SYSTEMPATH\Boot.php(334): CodeIgniter\CodeIgniter->run()
 8 SYSTEMPATH\Boot.php(67): CodeIgniter\Boot::runCodeIgniter(Object(CodeIgniter\CodeIgniter))
 9 FCPATH\index.php(59): CodeIgniter\Boot::bootWeb(Object(Config\Paths))
WARNING - 2025-12-04 19:15:16 --> [DEPRECATED] Passing lowercase HTTP method "post" is deprecated. Use uppercase HTTP method like "POST". in SYSTEMPATH\Router\RouteCollection.php on line 1026.
 1 SYSTEMPATH\Router\RouteCollection.php(1026): trigger_error('Passing lowercase HTTP method "post" is deprecated. Use uppercase HTTP method like "POST".', 16384)
 2 APPPATH\Config\Routes.php(101): CodeIgniter\Router\RouteCollection->match([...], 'sms/gateway', 'SmsController::gateway')
 3 SYSTEMPATH\Router\RouteCollection.php(339): require('D:\\xampp\\htdocs\\FloodGuard\\app\\Config\\Routes.php')
 4 SYSTEMPATH\CodeIgniter.php(821): CodeIgniter\Router\RouteCollection->loadRoutes()
 5 SYSTEMPATH\CodeIgniter.php(455): CodeIgniter\CodeIgniter->tryToRouteIt(null)
 6 SYSTEMPATH\CodeIgniter.php(354): CodeIgniter\CodeIgniter->handleRequest(null, Object(Config\Cache), false)
 7 SYSTEMPATH\Boot.php(334): CodeIgniter\CodeIgniter->run()
 8 SYSTEMPATH\Boot.php(67): CodeIgniter\Boot::runCodeIgniter(Object(CodeIgniter\CodeIgniter))
 9 FCPATH\index.php(59): CodeIgniter\Boot::bootWeb(Object(Config\Paths))
DEBUG - 2025-12-04 19:15:16 --> Session: Class initialized using 'CodeIgniter\Session\Handlers\FileHandler' driver.
WARNING - 2025-12-04 19:15:16 --> [DEPRECATED] Passing lowercase HTTP method "get" is deprecated. Use uppercase HTTP method like "GET". in SYSTEMPATH\Router\RouteCollection.php on line 1026.
 1 SYSTEMPATH\Router\RouteCollection.php(1026): trigger_error('Passing lowercase HTTP method "get" is deprecated. Use uppercase HTTP method like "GET".', 16384)
 2 APPPATH\Config\Routes.php(101): CodeIgniter\Router\RouteCollection->match([...], 'sms/gateway', 'SmsController::gateway')
 3 SYSTEMPATH\Router\RouteCollection.php(339): require('D:\\xampp\\htdocs\\FloodGuard\\app\\Config\\Routes.php')
 4 SYSTEMPATH\CodeIgniter.php(821): CodeIgniter\Router\RouteCollection->loadRoutes()
 5 SYSTEMPATH\CodeIgniter.php(455): CodeIgniter\CodeIgniter->tryToRouteIt(null)
 6 SYSTEMPATH\CodeIgniter.php(354): CodeIgniter\CodeIgniter->handleRequest(null, Object(Config\Cache), false)
 7 SYSTEMPATH\Boot.php(334): CodeIgniter\CodeIgniter->run()
 8 SYSTEMPATH\Boot.php(67): CodeIgniter\Boot::runCodeIgniter(Object(CodeIgniter\CodeIgniter))
 9 FCPATH\index.php(59): CodeIgniter\Boot::bootWeb(Object(Config\Paths))
WARNING - 2025-12-04 19:15:16 --> [DEPRECATED] Passing lowercase HTTP method "post" is deprecated. Use uppercase HTTP method like "POST". in SYSTEMPATH\Router\RouteCollection.php on line 1026.
 1 SYSTEMPATH\Router\RouteCollection.php(1026): trigger_error('Passing lowercase HTTP method "post" is deprecated. Use uppercase HTTP method like "POST".', 16384)
 2 APPPATH\Config\Routes.php(101): CodeIgniter\Router\RouteCollection->match([...], 'sms/gateway', 'SmsController::gateway')
 3 SYSTEMPATH\Router\RouteCollection.php(339): require('D:\\xampp\\htdocs\\FloodGuard\\app\\Config\\Routes.php')
 4 SYSTEMPATH\CodeIgniter.php(821): CodeIgniter\Router\RouteCollection->loadRoutes()
 5 SYSTEMPATH\CodeIgniter.php(455): CodeIgniter\CodeIgniter->tryToRouteIt(null)
 6 SYSTEMPATH\CodeIgniter.php(354): CodeIgniter\CodeIgniter->handleRequest(null, Object(Config\Cache), false)
 7 SYSTEMPATH\Boot.php(334): CodeIgniter\CodeIgniter->run()
 8 SYSTEMPATH\Boot.php(67): CodeIgniter\Boot::runCodeIgniter(Object(CodeIgniter\CodeIgniter))
 9 FCPATH\index.php(59): CodeIgniter\Boot::bootWeb(Object(Config\Paths))
DEBUG - 2025-12-04 19:15:16 --> Session: Class initialized using 'CodeIgniter\Session\Handlers\FileHandler' driver.
WARNING - 2025-12-04 19:15:21 --> [DEPRECATED] Passing lowercase HTTP method "get" is deprecated. Use uppercase HTTP method like "GET". in SYSTEMPATH\Router\RouteCollection.php on line 1026.
 1 SYSTEMPATH\Router\RouteCollection.php(1026): trigger_error('Passing lowercase HTTP method "get" is deprecated. Use uppercase HTTP method like "GET".', 16384)
 2 APPPATH\Config\Routes.php(101): CodeIgniter\Router\RouteCollection->match([...], 'sms/gateway', 'SmsController::gateway')
 3 SYSTEMPATH\Router\RouteCollection.php(339): require('D:\\xampp\\htdocs\\FloodGuard\\app\\Config\\Routes.php')
 4 SYSTEMPATH\CodeIgniter.php(821): CodeIgniter\Router\RouteCollection->loadRoutes()
 5 SYSTEMPATH\CodeIgniter.php(455): CodeIgniter\CodeIgniter->tryToRouteIt(null)
 6 SYSTEMPATH\CodeIgniter.php(354): CodeIgniter\CodeIgniter->handleRequest(null, Object(Config\Cache), false)
 7 SYSTEMPATH\Boot.php(334): CodeIgniter\CodeIgniter->run()
 8 SYSTEMPATH\Boot.php(67): CodeIgniter\Boot::runCodeIgniter(Object(CodeIgniter\CodeIgniter))
 9 FCPATH\index.php(59): CodeIgniter\Boot::bootWeb(Object(Config\Paths))
WARNING - 2025-12-04 19:15:21 --> [DEPRECATED] Passing lowercase HTTP method "post" is deprecated. Use uppercase HTTP method like "POST". in SYSTEMPATH\Router\RouteCollection.php on line 1026.
 1 SYSTEMPATH\Router\RouteCollection.php(1026): trigger_error('Passing lowercase HTTP method "post" is deprecated. Use uppercase HTTP method like "POST".', 16384)
 2 APPPATH\Config\Routes.php(101): CodeIgniter\Router\RouteCollection->match([...], 'sms/gateway', 'SmsController::gateway')
 3 SYSTEMPATH\Router\RouteCollection.php(339): require('D:\\xampp\\htdocs\\FloodGuard\\app\\Config\\Routes.php')
 4 SYSTEMPATH\CodeIgniter.php(821): CodeIgniter\Router\RouteCollection->loadRoutes()
 5 SYSTEMPATH\CodeIgniter.php(455): CodeIgniter\CodeIgniter->tryToRouteIt(null)
 6 SYSTEMPATH\CodeIgniter.php(354): CodeIgniter\CodeIgniter->handleRequest(null, Object(Config\Cache), false)
 7 SYSTEMPATH\Boot.php(334): CodeIgniter\CodeIgniter->run()
 8 SYSTEMPATH\Boot.php(67): CodeIgniter\Boot::runCodeIgniter(Object(CodeIgniter\CodeIgniter))
 9 FCPATH\index.php(59): CodeIgniter\Boot::bootWeb(Object(Config\Paths))
DEBUG - 2025-12-04 19:15:21 --> Session: Class initialized using 'CodeIgniter\Session\Handlers\FileHandler' driver.
WARNING - 2025-12-04 19:30:22 --> [DEPRECATED] Passing lowercase HTTP method "get" is deprecated. Use uppercase HTTP method like "GET". in SYSTEMPATH\Router\RouteCollection.php on line 1026.
 1 SYSTEMPATH\Router\RouteCollection.php(1026): trigger_error('Passing lowercase HTTP method "get" is deprecated. Use uppercase HTTP method like "GET".', 16384)
 2 APPPATH\Config\Routes.php(101): CodeIgniter\Router\RouteCollection->match([...], 'sms/gateway', 'SmsController::gateway')
 3 SYSTEMPATH\Router\RouteCollection.php(339): require('D:\\xampp\\htdocs\\FloodGuard\\app\\Config\\Routes.php')
 4 SYSTEMPATH\CodeIgniter.php(821): CodeIgniter\Router\RouteCollection->loadRoutes()
 5 SYSTEMPATH\CodeIgniter.php(455): CodeIgniter\CodeIgniter->tryToRouteIt(null)
 6 SYSTEMPATH\CodeIgniter.php(354): CodeIgniter\CodeIgniter->handleRequest(null, Object(Config\Cache), false)
 7 SYSTEMPATH\Boot.php(334): CodeIgniter\CodeIgniter->run()
 8 SYSTEMPATH\Boot.php(67): CodeIgniter\Boot::runCodeIgniter(Object(CodeIgniter\CodeIgniter))
 9 FCPATH\index.php(59): CodeIgniter\Boot::bootWeb(Object(Config\Paths))
WARNING - 2025-12-04 19:30:22 --> [DEPRECATED] Passing lowercase HTTP method "post" is deprecated. Use uppercase HTTP method like "POST". in SYSTEMPATH\Router\RouteCollection.php on line 1026.
 1 SYSTEMPATH\Router\RouteCollection.php(1026): trigger_error('Passing lowercase HTTP method "post" is deprecated. Use uppercase HTTP method like "POST".', 16384)
 2 APPPATH\Config\Routes.php(101): CodeIgniter\Router\RouteCollection->match([...], 'sms/gateway', 'SmsController::gateway')
 3 SYSTEMPATH\Router\RouteCollection.php(339): require('D:\\xampp\\htdocs\\FloodGuard\\app\\Config\\Routes.php')
 4 SYSTEMPATH\CodeIgniter.php(821): CodeIgniter\Router\RouteCollection->loadRoutes()
 5 SYSTEMPATH\CodeIgniter.php(455): CodeIgniter\CodeIgniter->tryToRouteIt(null)
 6 SYSTEMPATH\CodeIgniter.php(354): CodeIgniter\CodeIgniter->handleRequest(null, Object(Config\Cache), false)
 7 SYSTEMPATH\Boot.php(334): CodeIgniter\CodeIgniter->run()
 8 SYSTEMPATH\Boot.php(67): CodeIgniter\Boot::runCodeIgniter(Object(CodeIgniter\CodeIgniter))
 9 FCPATH\index.php(59): CodeIgniter\Boot::bootWeb(Object(Config\Paths))
DEBUG - 2025-12-04 19:30:22 --> Session: Class initialized using 'CodeIgniter\Session\Handlers\FileHandler' driver.
WARNING - 2025-12-04 19:35:00 --> [DEPRECATED] Passing lowercase HTTP method "get" is deprecated. Use uppercase HTTP method like "GET". in SYSTEMPATH\Router\RouteCollection.php on line 1026.
 1 SYSTEMPATH\Router\RouteCollection.php(1026): trigger_error('Passing lowercase HTTP method "get" is deprecated. Use uppercase HTTP method like "GET".', 16384)
 2 APPPATH\Config\Routes.php(101): CodeIgniter\Router\RouteCollection->match([...], 'sms/gateway', 'SmsController::gateway')
 3 SYSTEMPATH\Router\RouteCollection.php(339): require('D:\\xampp\\htdocs\\FloodGuard\\app\\Config\\Routes.php')
 4 SYSTEMPATH\CodeIgniter.php(821): CodeIgniter\Router\RouteCollection->loadRoutes()
 5 SYSTEMPATH\CodeIgniter.php(455): CodeIgniter\CodeIgniter->tryToRouteIt(null)
 6 SYSTEMPATH\CodeIgniter.php(354): CodeIgniter\CodeIgniter->handleRequest(null, Object(Config\Cache), false)
 7 SYSTEMPATH\Boot.php(334): CodeIgniter\CodeIgniter->run()
 8 SYSTEMPATH\Boot.php(67): CodeIgniter\Boot::runCodeIgniter(Object(CodeIgniter\CodeIgniter))
 9 FCPATH\index.php(59): CodeIgniter\Boot::bootWeb(Object(Config\Paths))
WARNING - 2025-12-04 19:35:00 --> [DEPRECATED] Passing lowercase HTTP method "post" is deprecated. Use uppercase HTTP method like "POST". in SYSTEMPATH\Router\RouteCollection.php on line 1026.
 1 SYSTEMPATH\Router\RouteCollection.php(1026): trigger_error('Passing lowercase HTTP method "post" is deprecated. Use uppercase HTTP method like "POST".', 16384)
 2 APPPATH\Config\Routes.php(101): CodeIgniter\Router\RouteCollection->match([...], 'sms/gateway', 'SmsController::gateway')
 3 SYSTEMPATH\Router\RouteCollection.php(339): require('D:\\xampp\\htdocs\\FloodGuard\\app\\Config\\Routes.php')
 4 SYSTEMPATH\CodeIgniter.php(821): CodeIgniter\Router\RouteCollection->loadRoutes()
 5 SYSTEMPATH\CodeIgniter.php(455): CodeIgniter\CodeIgniter->tryToRouteIt(null)
 6 SYSTEMPATH\CodeIgniter.php(354): CodeIgniter\CodeIgniter->handleRequest(null, Object(Config\Cache), false)
 7 SYSTEMPATH\Boot.php(334): CodeIgniter\CodeIgniter->run()
 8 SYSTEMPATH\Boot.php(67): CodeIgniter\Boot::runCodeIgniter(Object(CodeIgniter\CodeIgniter))
 9 FCPATH\index.php(59): CodeIgniter\Boot::bootWeb(Object(Config\Paths))
WARNING - 2025-12-04 19:45:17 --> [DEPRECATED] Passing lowercase HTTP method "get" is deprecated. Use uppercase HTTP method like "GET". in SYSTEMPATH\Router\RouteCollection.php on line 1026.
 1 SYSTEMPATH\Router\RouteCollection.php(1026): trigger_error('Passing lowercase HTTP method "get" is deprecated. Use uppercase HTTP method like "GET".', 16384)
 2 APPPATH\Config\Routes.php(101): CodeIgniter\Router\RouteCollection->match([...], 'sms/gateway', 'SmsController::gateway')
 3 SYSTEMPATH\Router\RouteCollection.php(339): require('D:\\xampp\\htdocs\\FloodGuard\\app\\Config\\Routes.php')
 4 SYSTEMPATH\CodeIgniter.php(821): CodeIgniter\Router\RouteCollection->loadRoutes()
 5 SYSTEMPATH\CodeIgniter.php(455): CodeIgniter\CodeIgniter->tryToRouteIt(null)
 6 SYSTEMPATH\CodeIgniter.php(354): CodeIgniter\CodeIgniter->handleRequest(null, Object(Config\Cache), false)
 7 SYSTEMPATH\Boot.php(334): CodeIgniter\CodeIgniter->run()
 8 SYSTEMPATH\Boot.php(67): CodeIgniter\Boot::runCodeIgniter(Object(CodeIgniter\CodeIgniter))
 9 FCPATH\index.php(59): CodeIgniter\Boot::bootWeb(Object(Config\Paths))
WARNING - 2025-12-04 19:45:17 --> [DEPRECATED] Passing lowercase HTTP method "post" is deprecated. Use uppercase HTTP method like "POST". in SYSTEMPATH\Router\RouteCollection.php on line 1026.
 1 SYSTEMPATH\Router\RouteCollection.php(1026): trigger_error('Passing lowercase HTTP method "post" is deprecated. Use uppercase HTTP method like "POST".', 16384)
 2 APPPATH\Config\Routes.php(101): CodeIgniter\Router\RouteCollection->match([...], 'sms/gateway', 'SmsController::gateway')
 3 SYSTEMPATH\Router\RouteCollection.php(339): require('D:\\xampp\\htdocs\\FloodGuard\\app\\Config\\Routes.php')
 4 SYSTEMPATH\CodeIgniter.php(821): CodeIgniter\Router\RouteCollection->loadRoutes()
 5 SYSTEMPATH\CodeIgniter.php(455): CodeIgniter\CodeIgniter->tryToRouteIt(null)
 6 SYSTEMPATH\CodeIgniter.php(354): CodeIgniter\CodeIgniter->handleRequest(null, Object(Config\Cache), false)
 7 SYSTEMPATH\Boot.php(334): CodeIgniter\CodeIgniter->run()
 8 SYSTEMPATH\Boot.php(67): CodeIgniter\Boot::runCodeIgniter(Object(CodeIgniter\CodeIgniter))
 9 FCPATH\index.php(59): CodeIgniter\Boot::bootWeb(Object(Config\Paths))
DEBUG - 2025-12-04 19:45:17 --> Session: Class initialized using 'CodeIgniter\Session\Handlers\FileHandler' driver.
WARNING - 2025-12-04 19:45:17 --> [DEPRECATED] Passing lowercase HTTP method "get" is deprecated. Use uppercase HTTP method like "GET". in SYSTEMPATH\Router\RouteCollection.php on line 1026.
 1 SYSTEMPATH\Router\RouteCollection.php(1026): trigger_error('Passing lowercase HTTP method "get" is deprecated. Use uppercase HTTP method like "GET".', 16384)
 2 APPPATH\Config\Routes.php(101): CodeIgniter\Router\RouteCollection->match([...], 'sms/gateway', 'SmsController::gateway')
 3 SYSTEMPATH\Router\RouteCollection.php(339): require('D:\\xampp\\htdocs\\FloodGuard\\app\\Config\\Routes.php')
 4 SYSTEMPATH\CodeIgniter.php(821): CodeIgniter\Router\RouteCollection->loadRoutes()
 5 SYSTEMPATH\CodeIgniter.php(455): CodeIgniter\CodeIgniter->tryToRouteIt(null)
 6 SYSTEMPATH\CodeIgniter.php(354): CodeIgniter\CodeIgniter->handleRequest(null, Object(Config\Cache), false)
 7 SYSTEMPATH\Boot.php(334): CodeIgniter\CodeIgniter->run()
 8 SYSTEMPATH\Boot.php(67): CodeIgniter\Boot::runCodeIgniter(Object(CodeIgniter\CodeIgniter))
 9 FCPATH\index.php(59): CodeIgniter\Boot::bootWeb(Object(Config\Paths))
WARNING - 2025-12-04 19:45:17 --> [DEPRECATED] Passing lowercase HTTP method "post" is deprecated. Use uppercase HTTP method like "POST". in SYSTEMPATH\Router\RouteCollection.php on line 1026.
 1 SYSTEMPATH\Router\RouteCollection.php(1026): trigger_error('Passing lowercase HTTP method "post" is deprecated. Use uppercase HTTP method like "POST".', 16384)
 2 APPPATH\Config\Routes.php(101): CodeIgniter\Router\RouteCollection->match([...], 'sms/gateway', 'SmsController::gateway')
 3 SYSTEMPATH\Router\RouteCollection.php(339): require('D:\\xampp\\htdocs\\FloodGuard\\app\\Config\\Routes.php')
 4 SYSTEMPATH\CodeIgniter.php(821): CodeIgniter\Router\RouteCollection->loadRoutes()
 5 SYSTEMPATH\CodeIgniter.php(455): CodeIgniter\CodeIgniter->tryToRouteIt(null)
 6 SYSTEMPATH\CodeIgniter.php(354): CodeIgniter\CodeIgniter->handleRequest(null, Object(Config\Cache), false)
 7 SYSTEMPATH\Boot.php(334): CodeIgniter\CodeIgniter->run()
 8 SYSTEMPATH\Boot.php(67): CodeIgniter\Boot::runCodeIgniter(Object(CodeIgniter\CodeIgniter))
 9 FCPATH\index.php(59): CodeIgniter\Boot::bootWeb(Object(Config\Paths))
DEBUG - 2025-12-04 19:45:17 --> Session: Class initialized using 'CodeIgniter\Session\Handlers\FileHandler' driver.
WARNING - 2025-12-04 19:45:18 --> [DEPRECATED] Passing lowercase HTTP method "get" is deprecated. Use uppercase HTTP method like "GET". in SYSTEMPATH\Router\RouteCollection.php on line 1026.
 1 SYSTEMPATH\Router\RouteCollection.php(1026): trigger_error('Passing lowercase HTTP method "get" is deprecated. Use uppercase HTTP method like "GET".', 16384)
 2 APPPATH\Config\Routes.php(101): CodeIgniter\Router\RouteCollection->match([...], 'sms/gateway', 'SmsController::gateway')
 3 SYSTEMPATH\Router\RouteCollection.php(339): require('D:\\xampp\\htdocs\\FloodGuard\\app\\Config\\Routes.php')
 4 SYSTEMPATH\CodeIgniter.php(821): CodeIgniter\Router\RouteCollection->loadRoutes()
 5 SYSTEMPATH\CodeIgniter.php(455): CodeIgniter\CodeIgniter->tryToRouteIt(null)
 6 SYSTEMPATH\CodeIgniter.php(354): CodeIgniter\CodeIgniter->handleRequest(null, Object(Config\Cache), false)
 7 SYSTEMPATH\Boot.php(334): CodeIgniter\CodeIgniter->run()
 8 SYSTEMPATH\Boot.php(67): CodeIgniter\Boot::runCodeIgniter(Object(CodeIgniter\CodeIgniter))
 9 FCPATH\index.php(59): CodeIgniter\Boot::bootWeb(Object(Config\Paths))
WARNING - 2025-12-04 19:45:18 --> [DEPRECATED] Passing lowercase HTTP method "post" is deprecated. Use uppercase HTTP method like "POST". in SYSTEMPATH\Router\RouteCollection.php on line 1026.
 1 SYSTEMPATH\Router\RouteCollection.php(1026): trigger_error('Passing lowercase HTTP method "post" is deprecated. Use uppercase HTTP method like "POST".', 16384)
 2 APPPATH\Config\Routes.php(101): CodeIgniter\Router\RouteCollection->match([...], 'sms/gateway', 'SmsController::gateway')
 3 SYSTEMPATH\Router\RouteCollection.php(339): require('D:\\xampp\\htdocs\\FloodGuard\\app\\Config\\Routes.php')
 4 SYSTEMPATH\CodeIgniter.php(821): CodeIgniter\Router\RouteCollection->loadRoutes()
 5 SYSTEMPATH\CodeIgniter.php(455): CodeIgniter\CodeIgniter->tryToRouteIt(null)
 6 SYSTEMPATH\CodeIgniter.php(354): CodeIgniter\CodeIgniter->handleRequest(null, Object(Config\Cache), false)
 7 SYSTEMPATH\Boot.php(334): CodeIgniter\CodeIgniter->run()
 8 SYSTEMPATH\Boot.php(67): CodeIgniter\Boot::runCodeIgniter(Object(CodeIgniter\CodeIgniter))
 9 FCPATH\index.php(59): CodeIgniter\Boot::bootWeb(Object(Config\Paths))
WARNING - 2025-12-04 19:45:18 --> [DEPRECATED] Passing lowercase HTTP method "get" is deprecated. Use uppercase HTTP method like "GET". in SYSTEMPATH\Router\RouteCollection.php on line 1026.
 1 SYSTEMPATH\Router\RouteCollection.php(1026): trigger_error('Passing lowercase HTTP method "get" is deprecated. Use uppercase HTTP method like "GET".', 16384)
 2 APPPATH\Config\Routes.php(101): CodeIgniter\Router\RouteCollection->match([...], 'sms/gateway', 'SmsController::gateway')
 3 SYSTEMPATH\Router\RouteCollection.php(339): require('D:\\xampp\\htdocs\\FloodGuard\\app\\Config\\Routes.php')
 4 SYSTEMPATH\CodeIgniter.php(821): CodeIgniter\Router\RouteCollection->loadRoutes()
 5 SYSTEMPATH\CodeIgniter.php(455): CodeIgniter\CodeIgniter->tryToRouteIt(null)
 6 SYSTEMPATH\CodeIgniter.php(354): CodeIgniter\CodeIgniter->handleRequest(null, Object(Config\Cache), false)
 7 SYSTEMPATH\Boot.php(334): CodeIgniter\CodeIgniter->run()
 8 SYSTEMPATH\Boot.php(67): CodeIgniter\Boot::runCodeIgniter(Object(CodeIgniter\CodeIgniter))
 9 FCPATH\index.php(59): CodeIgniter\Boot::bootWeb(Object(Config\Paths))
WARNING - 2025-12-04 19:45:18 --> [DEPRECATED] Passing lowercase HTTP method "post" is deprecated. Use uppercase HTTP method like "POST". in SYSTEMPATH\Router\RouteCollection.php on line 1026.
 1 SYSTEMPATH\Router\RouteCollection.php(1026): trigger_error('Passing lowercase HTTP method "post" is deprecated. Use uppercase HTTP method like "POST".', 16384)
 2 APPPATH\Config\Routes.php(101): CodeIgniter\Router\RouteCollection->match([...], 'sms/gateway', 'SmsController::gateway')
 3 SYSTEMPATH\Router\RouteCollection.php(339): require('D:\\xampp\\htdocs\\FloodGuard\\app\\Config\\Routes.php')
 4 SYSTEMPATH\CodeIgniter.php(821): CodeIgniter\Router\RouteCollection->loadRoutes()
 5 SYSTEMPATH\CodeIgniter.php(455): CodeIgniter\CodeIgniter->tryToRouteIt(null)
 6 SYSTEMPATH\CodeIgniter.php(354): CodeIgniter\CodeIgniter->handleRequest(null, Object(Config\Cache), false)
 7 SYSTEMPATH\Boot.php(334): CodeIgniter\CodeIgniter->run()
 8 SYSTEMPATH\Boot.php(67): CodeIgniter\Boot::runCodeIgniter(Object(CodeIgniter\CodeIgniter))
 9 FCPATH\index.php(59): CodeIgniter\Boot::bootWeb(Object(Config\Paths))
WARNING - 2025-12-04 19:45:23 --> [DEPRECATED] Passing lowercase HTTP method "get" is deprecated. Use uppercase HTTP method like "GET". in SYSTEMPATH\Router\RouteCollection.php on line 1026.
 1 SYSTEMPATH\Router\RouteCollection.php(1026): trigger_error('Passing lowercase HTTP method "get" is deprecated. Use uppercase HTTP method like "GET".', 16384)
 2 APPPATH\Config\Routes.php(101): CodeIgniter\Router\RouteCollection->match([...], 'sms/gateway', 'SmsController::gateway')
 3 SYSTEMPATH\Router\RouteCollection.php(339): require('D:\\xampp\\htdocs\\FloodGuard\\app\\Config\\Routes.php')
 4 SYSTEMPATH\CodeIgniter.php(821): CodeIgniter\Router\RouteCollection->loadRoutes()
 5 SYSTEMPATH\CodeIgniter.php(455): CodeIgniter\CodeIgniter->tryToRouteIt(null)
 6 SYSTEMPATH\CodeIgniter.php(354): CodeIgniter\CodeIgniter->handleRequest(null, Object(Config\Cache), false)
 7 SYSTEMPATH\Boot.php(334): CodeIgniter\CodeIgniter->run()
 8 SYSTEMPATH\Boot.php(67): CodeIgniter\Boot::runCodeIgniter(Object(CodeIgniter\CodeIgniter))
 9 FCPATH\index.php(59): CodeIgniter\Boot::bootWeb(Object(Config\Paths))
WARNING - 2025-12-04 19:45:23 --> [DEPRECATED] Passing lowercase HTTP method "post" is deprecated. Use uppercase HTTP method like "POST". in SYSTEMPATH\Router\RouteCollection.php on line 1026.
 1 SYSTEMPATH\Router\RouteCollection.php(1026): trigger_error('Passing lowercase HTTP method "post" is deprecated. Use uppercase HTTP method like "POST".', 16384)
 2 APPPATH\Config\Routes.php(101): CodeIgniter\Router\RouteCollection->match([...], 'sms/gateway', 'SmsController::gateway')
 3 SYSTEMPATH\Router\RouteCollection.php(339): require('D:\\xampp\\htdocs\\FloodGuard\\app\\Config\\Routes.php')
 4 SYSTEMPATH\CodeIgniter.php(821): CodeIgniter\Router\RouteCollection->loadRoutes()
 5 SYSTEMPATH\CodeIgniter.php(455): CodeIgniter\CodeIgniter->tryToRouteIt(null)
 6 SYSTEMPATH\CodeIgniter.php(354): CodeIgniter\CodeIgniter->handleRequest(null, Object(Config\Cache), false)
 7 SYSTEMPATH\Boot.php(334): CodeIgniter\CodeIgniter->run()
 8 SYSTEMPATH\Boot.php(67): CodeIgniter\Boot::runCodeIgniter(Object(CodeIgniter\CodeIgniter))
 9 FCPATH\index.php(59): CodeIgniter\Boot::bootWeb(Object(Config\Paths))
DEBUG - 2025-12-04 19:45:23 --> Session: Class initialized using 'CodeIgniter\Session\Handlers\FileHandler' driver.
WARNING - 2025-12-04 20:00:24 --> [DEPRECATED] Passing lowercase HTTP method "get" is deprecated. Use uppercase HTTP method like "GET". in SYSTEMPATH\Router\RouteCollection.php on line 1026.
 1 SYSTEMPATH\Router\RouteCollection.php(1026): trigger_error('Passing lowercase HTTP method "get" is deprecated. Use uppercase HTTP method like "GET".', 16384)
 2 APPPATH\Config\Routes.php(101): CodeIgniter\Router\RouteCollection->match([...], 'sms/gateway', 'SmsController::gateway')
 3 SYSTEMPATH\Router\RouteCollection.php(339): require('D:\\xampp\\htdocs\\FloodGuard\\app\\Config\\Routes.php')
 4 SYSTEMPATH\CodeIgniter.php(821): CodeIgniter\Router\RouteCollection->loadRoutes()
 5 SYSTEMPATH\CodeIgniter.php(455): CodeIgniter\CodeIgniter->tryToRouteIt(null)
 6 SYSTEMPATH\CodeIgniter.php(354): CodeIgniter\CodeIgniter->handleRequest(null, Object(Config\Cache), false)
 7 SYSTEMPATH\Boot.php(334): CodeIgniter\CodeIgniter->run()
 8 SYSTEMPATH\Boot.php(67): CodeIgniter\Boot::runCodeIgniter(Object(CodeIgniter\CodeIgniter))
 9 FCPATH\index.php(59): CodeIgniter\Boot::bootWeb(Object(Config\Paths))
WARNING - 2025-12-04 20:00:24 --> [DEPRECATED] Passing lowercase HTTP method "post" is deprecated. Use uppercase HTTP method like "POST". in SYSTEMPATH\Router\RouteCollection.php on line 1026.
 1 SYSTEMPATH\Router\RouteCollection.php(1026): trigger_error('Passing lowercase HTTP method "post" is deprecated. Use uppercase HTTP method like "POST".', 16384)
 2 APPPATH\Config\Routes.php(101): CodeIgniter\Router\RouteCollection->match([...], 'sms/gateway', 'SmsController::gateway')
 3 SYSTEMPATH\Router\RouteCollection.php(339): require('D:\\xampp\\htdocs\\FloodGuard\\app\\Config\\Routes.php')
 4 SYSTEMPATH\CodeIgniter.php(821): CodeIgniter\Router\RouteCollection->loadRoutes()
 5 SYSTEMPATH\CodeIgniter.php(455): CodeIgniter\CodeIgniter->tryToRouteIt(null)
 6 SYSTEMPATH\CodeIgniter.php(354): CodeIgniter\CodeIgniter->handleRequest(null, Object(Config\Cache), false)
 7 SYSTEMPATH\Boot.php(334): CodeIgniter\CodeIgniter->run()
 8 SYSTEMPATH\Boot.php(67): CodeIgniter\Boot::runCodeIgniter(Object(CodeIgniter\CodeIgniter))
 9 FCPATH\index.php(59): CodeIgniter\Boot::bootWeb(Object(Config\Paths))
DEBUG - 2025-12-04 20:00:24 --> Session: Class initialized using 'CodeIgniter\Session\Handlers\FileHandler' driver.
WARNING - 2025-12-04 20:15:18 --> [DEPRECATED] Passing lowercase HTTP method "get" is deprecated. Use uppercase HTTP method like "GET". in SYSTEMPATH\Router\RouteCollection.php on line 1026.
 1 SYSTEMPATH\Router\RouteCollection.php(1026): trigger_error('Passing lowercase HTTP method "get" is deprecated. Use uppercase HTTP method like "GET".', 16384)
 2 APPPATH\Config\Routes.php(101): CodeIgniter\Router\RouteCollection->match([...], 'sms/gateway', 'SmsController::gateway')
 3 SYSTEMPATH\Router\RouteCollection.php(339): require('D:\\xampp\\htdocs\\FloodGuard\\app\\Config\\Routes.php')
 4 SYSTEMPATH\CodeIgniter.php(821): CodeIgniter\Router\RouteCollection->loadRoutes()
 5 SYSTEMPATH\CodeIgniter.php(455): CodeIgniter\CodeIgniter->tryToRouteIt(null)
 6 SYSTEMPATH\CodeIgniter.php(354): CodeIgniter\CodeIgniter->handleRequest(null, Object(Config\Cache), false)
 7 SYSTEMPATH\Boot.php(334): CodeIgniter\CodeIgniter->run()
 8 SYSTEMPATH\Boot.php(67): CodeIgniter\Boot::runCodeIgniter(Object(CodeIgniter\CodeIgniter))
 9 FCPATH\index.php(59): CodeIgniter\Boot::bootWeb(Object(Config\Paths))
WARNING - 2025-12-04 20:15:18 --> [DEPRECATED] Passing lowercase HTTP method "post" is deprecated. Use uppercase HTTP method like "POST". in SYSTEMPATH\Router\RouteCollection.php on line 1026.
 1 SYSTEMPATH\Router\RouteCollection.php(1026): trigger_error('Passing lowercase HTTP method "post" is deprecated. Use uppercase HTTP method like "POST".', 16384)
 2 APPPATH\Config\Routes.php(101): CodeIgniter\Router\RouteCollection->match([...], 'sms/gateway', 'SmsController::gateway')
 3 SYSTEMPATH\Router\RouteCollection.php(339): require('D:\\xampp\\htdocs\\FloodGuard\\app\\Config\\Routes.php')
 4 SYSTEMPATH\CodeIgniter.php(821): CodeIgniter\Router\RouteCollection->loadRoutes()
 5 SYSTEMPATH\CodeIgniter.php(455): CodeIgniter\CodeIgniter->tryToRouteIt(null)
 6 SYSTEMPATH\CodeIgniter.php(354): CodeIgniter\CodeIgniter->handleRequest(null, Object(Config\Cache), false)
 7 SYSTEMPATH\Boot.php(334): CodeIgniter\CodeIgniter->run()
 8 SYSTEMPATH\Boot.php(67): CodeIgniter\Boot::runCodeIgniter(Object(CodeIgniter\CodeIgniter))
 9 FCPATH\index.php(59): CodeIgniter\Boot::bootWeb(Object(Config\Paths))
DEBUG - 2025-12-04 20:15:18 --> Session: Class initialized using 'CodeIgniter\Session\Handlers\FileHandler' driver.
WARNING - 2025-12-04 20:15:18 --> [DEPRECATED] Passing lowercase HTTP method "get" is deprecated. Use uppercase HTTP method like "GET". in SYSTEMPATH\Router\RouteCollection.php on line 1026.
 1 SYSTEMPATH\Router\RouteCollection.php(1026): trigger_error('Passing lowercase HTTP method "get" is deprecated. Use uppercase HTTP method like "GET".', 16384)
 2 APPPATH\Config\Routes.php(101): CodeIgniter\Router\RouteCollection->match([...], 'sms/gateway', 'SmsController::gateway')
 3 SYSTEMPATH\Router\RouteCollection.php(339): require('D:\\xampp\\htdocs\\FloodGuard\\app\\Config\\Routes.php')
 4 SYSTEMPATH\CodeIgniter.php(821): CodeIgniter\Router\RouteCollection->loadRoutes()
 5 SYSTEMPATH\CodeIgniter.php(455): CodeIgniter\CodeIgniter->tryToRouteIt(null)
 6 SYSTEMPATH\CodeIgniter.php(354): CodeIgniter\CodeIgniter->handleRequest(null, Object(Config\Cache), false)
 7 SYSTEMPATH\Boot.php(334): CodeIgniter\CodeIgniter->run()
 8 SYSTEMPATH\Boot.php(67): CodeIgniter\Boot::runCodeIgniter(Object(CodeIgniter\CodeIgniter))
 9 FCPATH\index.php(59): CodeIgniter\Boot::bootWeb(Object(Config\Paths))
WARNING - 2025-12-04 20:15:18 --> [DEPRECATED] Passing lowercase HTTP method "post" is deprecated. Use uppercase HTTP method like "POST". in SYSTEMPATH\Router\RouteCollection.php on line 1026.
 1 SYSTEMPATH\Router\RouteCollection.php(1026): trigger_error('Passing lowercase HTTP method "post" is deprecated. Use uppercase HTTP method like "POST".', 16384)
 2 APPPATH\Config\Routes.php(101): CodeIgniter\Router\RouteCollection->match([...], 'sms/gateway', 'SmsController::gateway')
 3 SYSTEMPATH\Router\RouteCollection.php(339): require('D:\\xampp\\htdocs\\FloodGuard\\app\\Config\\Routes.php')
 4 SYSTEMPATH\CodeIgniter.php(821): CodeIgniter\Router\RouteCollection->loadRoutes()
 5 SYSTEMPATH\CodeIgniter.php(455): CodeIgniter\CodeIgniter->tryToRouteIt(null)
 6 SYSTEMPATH\CodeIgniter.php(354): CodeIgniter\CodeIgniter->handleRequest(null, Object(Config\Cache), false)
 7 SYSTEMPATH\Boot.php(334): CodeIgniter\CodeIgniter->run()
 8 SYSTEMPATH\Boot.php(67): CodeIgniter\Boot::runCodeIgniter(Object(CodeIgniter\CodeIgniter))
 9 FCPATH\index.php(59): CodeIgniter\Boot::bootWeb(Object(Config\Paths))
DEBUG - 2025-12-04 20:15:18 --> Session: Class initialized using 'CodeIgniter\Session\Handlers\FileHandler' driver.
WARNING - 2025-12-04 20:15:25 --> [DEPRECATED] Passing lowercase HTTP method "get" is deprecated. Use uppercase HTTP method like "GET". in SYSTEMPATH\Router\RouteCollection.php on line 1026.
 1 SYSTEMPATH\Router\RouteCollection.php(1026): trigger_error('Passing lowercase HTTP method "get" is deprecated. Use uppercase HTTP method like "GET".', 16384)
 2 APPPATH\Config\Routes.php(101): CodeIgniter\Router\RouteCollection->match([...], 'sms/gateway', 'SmsController::gateway')
 3 SYSTEMPATH\Router\RouteCollection.php(339): require('D:\\xampp\\htdocs\\FloodGuard\\app\\Config\\Routes.php')
 4 SYSTEMPATH\CodeIgniter.php(821): CodeIgniter\Router\RouteCollection->loadRoutes()
 5 SYSTEMPATH\CodeIgniter.php(455): CodeIgniter\CodeIgniter->tryToRouteIt(null)
 6 SYSTEMPATH\CodeIgniter.php(354): CodeIgniter\CodeIgniter->handleRequest(null, Object(Config\Cache), false)
 7 SYSTEMPATH\Boot.php(334): CodeIgniter\CodeIgniter->run()
 8 SYSTEMPATH\Boot.php(67): CodeIgniter\Boot::runCodeIgniter(Object(CodeIgniter\CodeIgniter))
 9 FCPATH\index.php(59): CodeIgniter\Boot::bootWeb(Object(Config\Paths))
WARNING - 2025-12-04 20:15:25 --> [DEPRECATED] Passing lowercase HTTP method "post" is deprecated. Use uppercase HTTP method like "POST". in SYSTEMPATH\Router\RouteCollection.php on line 1026.
 1 SYSTEMPATH\Router\RouteCollection.php(1026): trigger_error('Passing lowercase HTTP method "post" is deprecated. Use uppercase HTTP method like "POST".', 16384)
 2 APPPATH\Config\Routes.php(101): CodeIgniter\Router\RouteCollection->match([...], 'sms/gateway', 'SmsController::gateway')
 3 SYSTEMPATH\Router\RouteCollection.php(339): require('D:\\xampp\\htdocs\\FloodGuard\\app\\Config\\Routes.php')
 4 SYSTEMPATH\CodeIgniter.php(821): CodeIgniter\Router\RouteCollection->loadRoutes()
 5 SYSTEMPATH\CodeIgniter.php(455): CodeIgniter\CodeIgniter->tryToRouteIt(null)
 6 SYSTEMPATH\CodeIgniter.php(354): CodeIgniter\CodeIgniter->handleRequest(null, Object(Config\Cache), false)
 7 SYSTEMPATH\Boot.php(334): CodeIgniter\CodeIgniter->run()
 8 SYSTEMPATH\Boot.php(67): CodeIgniter\Boot::runCodeIgniter(Object(CodeIgniter\CodeIgniter))
 9 FCPATH\index.php(59): CodeIgniter\Boot::bootWeb(Object(Config\Paths))
DEBUG - 2025-12-04 20:15:25 --> Session: Class initialized using 'CodeIgniter\Session\Handlers\FileHandler' driver.
WARNING - 2025-12-04 20:20:00 --> [DEPRECATED] Passing lowercase HTTP method "get" is deprecated. Use uppercase HTTP method like "GET". in SYSTEMPATH\Router\RouteCollection.php on line 1026.
 1 SYSTEMPATH\Router\RouteCollection.php(1026): trigger_error('Passing lowercase HTTP method "get" is deprecated. Use uppercase HTTP method like "GET".', 16384)
 2 APPPATH\Config\Routes.php(101): CodeIgniter\Router\RouteCollection->match([...], 'sms/gateway', 'SmsController::gateway')
 3 SYSTEMPATH\Router\RouteCollection.php(339): require('D:\\xampp\\htdocs\\FloodGuard\\app\\Config\\Routes.php')
 4 SYSTEMPATH\CodeIgniter.php(821): CodeIgniter\Router\RouteCollection->loadRoutes()
 5 SYSTEMPATH\CodeIgniter.php(455): CodeIgniter\CodeIgniter->tryToRouteIt(null)
 6 SYSTEMPATH\CodeIgniter.php(354): CodeIgniter\CodeIgniter->handleRequest(null, Object(Config\Cache), false)
 7 SYSTEMPATH\Boot.php(334): CodeIgniter\CodeIgniter->run()
 8 SYSTEMPATH\Boot.php(67): CodeIgniter\Boot::runCodeIgniter(Object(CodeIgniter\CodeIgniter))
 9 FCPATH\index.php(59): CodeIgniter\Boot::bootWeb(Object(Config\Paths))
WARNING - 2025-12-04 20:20:00 --> [DEPRECATED] Passing lowercase HTTP method "post" is deprecated. Use uppercase HTTP method like "POST". in SYSTEMPATH\Router\RouteCollection.php on line 1026.
 1 SYSTEMPATH\Router\RouteCollection.php(1026): trigger_error('Passing lowercase HTTP method "post" is deprecated. Use uppercase HTTP method like "POST".', 16384)
 2 APPPATH\Config\Routes.php(101): CodeIgniter\Router\RouteCollection->match([...], 'sms/gateway', 'SmsController::gateway')
 3 SYSTEMPATH\Router\RouteCollection.php(339): require('D:\\xampp\\htdocs\\FloodGuard\\app\\Config\\Routes.php')
 4 SYSTEMPATH\CodeIgniter.php(821): CodeIgniter\Router\RouteCollection->loadRoutes()
 5 SYSTEMPATH\CodeIgniter.php(455): CodeIgniter\CodeIgniter->tryToRouteIt(null)
 6 SYSTEMPATH\CodeIgniter.php(354): CodeIgniter\CodeIgniter->handleRequest(null, Object(Config\Cache), false)
 7 SYSTEMPATH\Boot.php(334): CodeIgniter\CodeIgniter->run()
 8 SYSTEMPATH\Boot.php(67): CodeIgniter\Boot::runCodeIgniter(Object(CodeIgniter\CodeIgniter))
 9 FCPATH\index.php(59): CodeIgniter\Boot::bootWeb(Object(Config\Paths))
WARNING - 2025-12-04 20:30:27 --> [DEPRECATED] Passing lowercase HTTP method "get" is deprecated. Use uppercase HTTP method like "GET". in SYSTEMPATH\Router\RouteCollection.php on line 1026.
 1 SYSTEMPATH\Router\RouteCollection.php(1026): trigger_error('Passing lowercase HTTP method "get" is deprecated. Use uppercase HTTP method like "GET".', 16384)
 2 APPPATH\Config\Routes.php(101): CodeIgniter\Router\RouteCollection->match([...], 'sms/gateway', 'SmsController::gateway')
 3 SYSTEMPATH\Router\RouteCollection.php(339): require('D:\\xampp\\htdocs\\FloodGuard\\app\\Config\\Routes.php')
 4 SYSTEMPATH\CodeIgniter.php(821): CodeIgniter\Router\RouteCollection->loadRoutes()
 5 SYSTEMPATH\CodeIgniter.php(455): CodeIgniter\CodeIgniter->tryToRouteIt(null)
 6 SYSTEMPATH\CodeIgniter.php(354): CodeIgniter\CodeIgniter->handleRequest(null, Object(Config\Cache), false)
 7 SYSTEMPATH\Boot.php(334): CodeIgniter\CodeIgniter->run()
 8 SYSTEMPATH\Boot.php(67): CodeIgniter\Boot::runCodeIgniter(Object(CodeIgniter\CodeIgniter))
 9 FCPATH\index.php(59): CodeIgniter\Boot::bootWeb(Object(Config\Paths))
WARNING - 2025-12-04 20:30:27 --> [DEPRECATED] Passing lowercase HTTP method "post" is deprecated. Use uppercase HTTP method like "POST". in SYSTEMPATH\Router\RouteCollection.php on line 1026.
 1 SYSTEMPATH\Router\RouteCollection.php(1026): trigger_error('Passing lowercase HTTP method "post" is deprecated. Use uppercase HTTP method like "POST".', 16384)
 2 APPPATH\Config\Routes.php(101): CodeIgniter\Router\RouteCollection->match([...], 'sms/gateway', 'SmsController::gateway')
 3 SYSTEMPATH\Router\RouteCollection.php(339): require('D:\\xampp\\htdocs\\FloodGuard\\app\\Config\\Routes.php')
 4 SYSTEMPATH\CodeIgniter.php(821): CodeIgniter\Router\RouteCollection->loadRoutes()
 5 SYSTEMPATH\CodeIgniter.php(455): CodeIgniter\CodeIgniter->tryToRouteIt(null)
 6 SYSTEMPATH\CodeIgniter.php(354): CodeIgniter\CodeIgniter->handleRequest(null, Object(Config\Cache), false)
 7 SYSTEMPATH\Boot.php(334): CodeIgniter\CodeIgniter->run()
 8 SYSTEMPATH\Boot.php(67): CodeIgniter\Boot::runCodeIgniter(Object(CodeIgniter\CodeIgniter))
 9 FCPATH\index.php(59): CodeIgniter\Boot::bootWeb(Object(Config\Paths))
DEBUG - 2025-12-04 20:30:27 --> Session: Class initialized using 'CodeIgniter\Session\Handlers\FileHandler' driver.
WARNING - 2025-12-04 20:45:19 --> [DEPRECATED] Passing lowercase HTTP method "get" is deprecated. Use uppercase HTTP method like "GET". in SYSTEMPATH\Router\RouteCollection.php on line 1026.
 1 SYSTEMPATH\Router\RouteCollection.php(1026): trigger_error('Passing lowercase HTTP method "get" is deprecated. Use uppercase HTTP method like "GET".', 16384)
 2 APPPATH\Config\Routes.php(101): CodeIgniter\Router\RouteCollection->match([...], 'sms/gateway', 'SmsController::gateway')
 3 SYSTEMPATH\Router\RouteCollection.php(339): require('D:\\xampp\\htdocs\\FloodGuard\\app\\Config\\Routes.php')
 4 SYSTEMPATH\CodeIgniter.php(821): CodeIgniter\Router\RouteCollection->loadRoutes()
 5 SYSTEMPATH\CodeIgniter.php(455): CodeIgniter\CodeIgniter->tryToRouteIt(null)
 6 SYSTEMPATH\CodeIgniter.php(354): CodeIgniter\CodeIgniter->handleRequest(null, Object(Config\Cache), false)
 7 SYSTEMPATH\Boot.php(334): CodeIgniter\CodeIgniter->run()
 8 SYSTEMPATH\Boot.php(67): CodeIgniter\Boot::runCodeIgniter(Object(CodeIgniter\CodeIgniter))
 9 FCPATH\index.php(59): CodeIgniter\Boot::bootWeb(Object(Config\Paths))
WARNING - 2025-12-04 20:45:19 --> [DEPRECATED] Passing lowercase HTTP method "post" is deprecated. Use uppercase HTTP method like "POST". in SYSTEMPATH\Router\RouteCollection.php on line 1026.
 1 SYSTEMPATH\Router\RouteCollection.php(1026): trigger_error('Passing lowercase HTTP method "post" is deprecated. Use uppercase HTTP method like "POST".', 16384)
 2 APPPATH\Config\Routes.php(101): CodeIgniter\Router\RouteCollection->match([...], 'sms/gateway', 'SmsController::gateway')
 3 SYSTEMPATH\Router\RouteCollection.php(339): require('D:\\xampp\\htdocs\\FloodGuard\\app\\Config\\Routes.php')
 4 SYSTEMPATH\CodeIgniter.php(821): CodeIgniter\Router\RouteCollection->loadRoutes()
 5 SYSTEMPATH\CodeIgniter.php(455): CodeIgniter\CodeIgniter->tryToRouteIt(null)
 6 SYSTEMPATH\CodeIgniter.php(354): CodeIgniter\CodeIgniter->handleRequest(null, Object(Config\Cache), false)
 7 SYSTEMPATH\Boot.php(334): CodeIgniter\CodeIgniter->run()
 8 SYSTEMPATH\Boot.php(67): CodeIgniter\Boot::runCodeIgniter(Object(CodeIgniter\CodeIgniter))
 9 FCPATH\index.php(59): CodeIgniter\Boot::bootWeb(Object(Config\Paths))
DEBUG - 2025-12-04 20:45:19 --> Session: Class initialized using 'CodeIgniter\Session\Handlers\FileHandler' driver.
WARNING - 2025-12-04 20:45:19 --> [DEPRECATED] Passing lowercase HTTP method "get" is deprecated. Use uppercase HTTP method like "GET". in SYSTEMPATH\Router\RouteCollection.php on line 1026.
 1 SYSTEMPATH\Router\RouteCollection.php(1026): trigger_error('Passing lowercase HTTP method "get" is deprecated. Use uppercase HTTP method like "GET".', 16384)
 2 APPPATH\Config\Routes.php(101): CodeIgniter\Router\RouteCollection->match([...], 'sms/gateway', 'SmsController::gateway')
 3 SYSTEMPATH\Router\RouteCollection.php(339): require('D:\\xampp\\htdocs\\FloodGuard\\app\\Config\\Routes.php')
 4 SYSTEMPATH\CodeIgniter.php(821): CodeIgniter\Router\RouteCollection->loadRoutes()
 5 SYSTEMPATH\CodeIgniter.php(455): CodeIgniter\CodeIgniter->tryToRouteIt(null)
 6 SYSTEMPATH\CodeIgniter.php(354): CodeIgniter\CodeIgniter->handleRequest(null, Object(Config\Cache), false)
 7 SYSTEMPATH\Boot.php(334): CodeIgniter\CodeIgniter->run()
 8 SYSTEMPATH\Boot.php(67): CodeIgniter\Boot::runCodeIgniter(Object(CodeIgniter\CodeIgniter))
 9 FCPATH\index.php(59): CodeIgniter\Boot::bootWeb(Object(Config\Paths))
WARNING - 2025-12-04 20:45:19 --> [DEPRECATED] Passing lowercase HTTP method "post" is deprecated. Use uppercase HTTP method like "POST". in SYSTEMPATH\Router\RouteCollection.php on line 1026.
 1 SYSTEMPATH\Router\RouteCollection.php(1026): trigger_error('Passing lowercase HTTP method "post" is deprecated. Use uppercase HTTP method like "POST".', 16384)
 2 APPPATH\Config\Routes.php(101): CodeIgniter\Router\RouteCollection->match([...], 'sms/gateway', 'SmsController::gateway')
 3 SYSTEMPATH\Router\RouteCollection.php(339): require('D:\\xampp\\htdocs\\FloodGuard\\app\\Config\\Routes.php')
 4 SYSTEMPATH\CodeIgniter.php(821): CodeIgniter\Router\RouteCollection->loadRoutes()
 5 SYSTEMPATH\CodeIgniter.php(455): CodeIgniter\CodeIgniter->tryToRouteIt(null)
 6 SYSTEMPATH\CodeIgniter.php(354): CodeIgniter\CodeIgniter->handleRequest(null, Object(Config\Cache), false)
 7 SYSTEMPATH\Boot.php(334): CodeIgniter\CodeIgniter->run()
 8 SYSTEMPATH\Boot.php(67): CodeIgniter\Boot::runCodeIgniter(Object(CodeIgniter\CodeIgniter))
 9 FCPATH\index.php(59): CodeIgniter\Boot::bootWeb(Object(Config\Paths))
DEBUG - 2025-12-04 20:45:19 --> Session: Class initialized using 'CodeIgniter\Session\Handlers\FileHandler' driver.
WARNING - 2025-12-04 20:45:20 --> [DEPRECATED] Passing lowercase HTTP method "get" is deprecated. Use uppercase HTTP method like "GET". in SYSTEMPATH\Router\RouteCollection.php on line 1026.
 1 SYSTEMPATH\Router\RouteCollection.php(1026): trigger_error('Passing lowercase HTTP method "get" is deprecated. Use uppercase HTTP method like "GET".', 16384)
 2 APPPATH\Config\Routes.php(101): CodeIgniter\Router\RouteCollection->match([...], 'sms/gateway', 'SmsController::gateway')
 3 SYSTEMPATH\Router\RouteCollection.php(339): require('D:\\xampp\\htdocs\\FloodGuard\\app\\Config\\Routes.php')
 4 SYSTEMPATH\CodeIgniter.php(821): CodeIgniter\Router\RouteCollection->loadRoutes()
 5 SYSTEMPATH\CodeIgniter.php(455): CodeIgniter\CodeIgniter->tryToRouteIt(null)
 6 SYSTEMPATH\CodeIgniter.php(354): CodeIgniter\CodeIgniter->handleRequest(null, Object(Config\Cache), false)
 7 SYSTEMPATH\Boot.php(334): CodeIgniter\CodeIgniter->run()
 8 SYSTEMPATH\Boot.php(67): CodeIgniter\Boot::runCodeIgniter(Object(CodeIgniter\CodeIgniter))
 9 FCPATH\index.php(59): CodeIgniter\Boot::bootWeb(Object(Config\Paths))
WARNING - 2025-12-04 20:45:20 --> [DEPRECATED] Passing lowercase HTTP method "post" is deprecated. Use uppercase HTTP method like "POST". in SYSTEMPATH\Router\RouteCollection.php on line 1026.
 1 SYSTEMPATH\Router\RouteCollection.php(1026): trigger_error('Passing lowercase HTTP method "post" is deprecated. Use uppercase HTTP method like "POST".', 16384)
 2 APPPATH\Config\Routes.php(101): CodeIgniter\Router\RouteCollection->match([...], 'sms/gateway', 'SmsController::gateway')
 3 SYSTEMPATH\Router\RouteCollection.php(339): require('D:\\xampp\\htdocs\\FloodGuard\\app\\Config\\Routes.php')
 4 SYSTEMPATH\CodeIgniter.php(821): CodeIgniter\Router\RouteCollection->loadRoutes()
 5 SYSTEMPATH\CodeIgniter.php(455): CodeIgniter\CodeIgniter->tryToRouteIt(null)
 6 SYSTEMPATH\CodeIgniter.php(354): CodeIgniter\CodeIgniter->handleRequest(null, Object(Config\Cache), false)
 7 SYSTEMPATH\Boot.php(334): CodeIgniter\CodeIgniter->run()
 8 SYSTEMPATH\Boot.php(67): CodeIgniter\Boot::runCodeIgniter(Object(CodeIgniter\CodeIgniter))
 9 FCPATH\index.php(59): CodeIgniter\Boot::bootWeb(Object(Config\Paths))
WARNING - 2025-12-04 20:45:20 --> [DEPRECATED] Passing lowercase HTTP method "get" is deprecated. Use uppercase HTTP method like "GET". in SYSTEMPATH\Router\RouteCollection.php on line 1026.
 1 SYSTEMPATH\Router\RouteCollection.php(1026): trigger_error('Passing lowercase HTTP method "get" is deprecated. Use uppercase HTTP method like "GET".', 16384)
 2 APPPATH\Config\Routes.php(101): CodeIgniter\Router\RouteCollection->match([...], 'sms/gateway', 'SmsController::gateway')
 3 SYSTEMPATH\Router\RouteCollection.php(339): require('D:\\xampp\\htdocs\\FloodGuard\\app\\Config\\Routes.php')
 4 SYSTEMPATH\CodeIgniter.php(821): CodeIgniter\Router\RouteCollection->loadRoutes()
 5 SYSTEMPATH\CodeIgniter.php(455): CodeIgniter\CodeIgniter->tryToRouteIt(null)
 6 SYSTEMPATH\CodeIgniter.php(354): CodeIgniter\CodeIgniter->handleRequest(null, Object(Config\Cache), false)
 7 SYSTEMPATH\Boot.php(334): CodeIgniter\CodeIgniter->run()
 8 SYSTEMPATH\Boot.php(67): CodeIgniter\Boot::runCodeIgniter(Object(CodeIgniter\CodeIgniter))
 9 FCPATH\index.php(59): CodeIgniter\Boot::bootWeb(Object(Config\Paths))
WARNING - 2025-12-04 20:45:20 --> [DEPRECATED] Passing lowercase HTTP method "post" is deprecated. Use uppercase HTTP method like "POST". in SYSTEMPATH\Router\RouteCollection.php on line 1026.
 1 SYSTEMPATH\Router\RouteCollection.php(1026): trigger_error('Passing lowercase HTTP method "post" is deprecated. Use uppercase HTTP method like "POST".', 16384)
 2 APPPATH\Config\Routes.php(101): CodeIgniter\Router\RouteCollection->match([...], 'sms/gateway', 'SmsController::gateway')
 3 SYSTEMPATH\Router\RouteCollection.php(339): require('D:\\xampp\\htdocs\\FloodGuard\\app\\Config\\Routes.php')
 4 SYSTEMPATH\CodeIgniter.php(821): CodeIgniter\Router\RouteCollection->loadRoutes()
 5 SYSTEMPATH\CodeIgniter.php(455): CodeIgniter\CodeIgniter->tryToRouteIt(null)
 6 SYSTEMPATH\CodeIgniter.php(354): CodeIgniter\CodeIgniter->handleRequest(null, Object(Config\Cache), false)
 7 SYSTEMPATH\Boot.php(334): CodeIgniter\CodeIgniter->run()
 8 SYSTEMPATH\Boot.php(67): CodeIgniter\Boot::runCodeIgniter(Object(CodeIgniter\CodeIgniter))
 9 FCPATH\index.php(59): CodeIgniter\Boot::bootWeb(Object(Config\Paths))
WARNING - 2025-12-04 20:45:28 --> [DEPRECATED] Passing lowercase HTTP method "get" is deprecated. Use uppercase HTTP method like "GET". in SYSTEMPATH\Router\RouteCollection.php on line 1026.
 1 SYSTEMPATH\Router\RouteCollection.php(1026): trigger_error('Passing lowercase HTTP method "get" is deprecated. Use uppercase HTTP method like "GET".', 16384)
 2 APPPATH\Config\Routes.php(101): CodeIgniter\Router\RouteCollection->match([...], 'sms/gateway', 'SmsController::gateway')
 3 SYSTEMPATH\Router\RouteCollection.php(339): require('D:\\xampp\\htdocs\\FloodGuard\\app\\Config\\Routes.php')
 4 SYSTEMPATH\CodeIgniter.php(821): CodeIgniter\Router\RouteCollection->loadRoutes()
 5 SYSTEMPATH\CodeIgniter.php(455): CodeIgniter\CodeIgniter->tryToRouteIt(null)
 6 SYSTEMPATH\CodeIgniter.php(354): CodeIgniter\CodeIgniter->handleRequest(null, Object(Config\Cache), false)
 7 SYSTEMPATH\Boot.php(334): CodeIgniter\CodeIgniter->run()
 8 SYSTEMPATH\Boot.php(67): CodeIgniter\Boot::runCodeIgniter(Object(CodeIgniter\CodeIgniter))
 9 FCPATH\index.php(59): CodeIgniter\Boot::bootWeb(Object(Config\Paths))
WARNING - 2025-12-04 20:45:28 --> [DEPRECATED] Passing lowercase HTTP method "post" is deprecated. Use uppercase HTTP method like "POST". in SYSTEMPATH\Router\RouteCollection.php on line 1026.
 1 SYSTEMPATH\Router\RouteCollection.php(1026): trigger_error('Passing lowercase HTTP method "post" is deprecated. Use uppercase HTTP method like "POST".', 16384)
 2 APPPATH\Config\Routes.php(101): CodeIgniter\Router\RouteCollection->match([...], 'sms/gateway', 'SmsController::gateway')
 3 SYSTEMPATH\Router\RouteCollection.php(339): require('D:\\xampp\\htdocs\\FloodGuard\\app\\Config\\Routes.php')
 4 SYSTEMPATH\CodeIgniter.php(821): CodeIgniter\Router\RouteCollection->loadRoutes()
 5 SYSTEMPATH\CodeIgniter.php(455): CodeIgniter\CodeIgniter->tryToRouteIt(null)
 6 SYSTEMPATH\CodeIgniter.php(354): CodeIgniter\CodeIgniter->handleRequest(null, Object(Config\Cache), false)
 7 SYSTEMPATH\Boot.php(334): CodeIgniter\CodeIgniter->run()
 8 SYSTEMPATH\Boot.php(67): CodeIgniter\Boot::runCodeIgniter(Object(CodeIgniter\CodeIgniter))
 9 FCPATH\index.php(59): CodeIgniter\Boot::bootWeb(Object(Config\Paths))
DEBUG - 2025-12-04 20:45:28 --> Session: Class initialized using 'CodeIgniter\Session\Handlers\FileHandler' driver.
CRITICAL - 2025-12-04 20:50:44 --> ErrorException: Maximum execution time of 120 seconds exceeded
[Method: GET, Route: flood/hourly/data]
in APPPATH\Controllers\FloodPredictor.php on line 260.
 1 [internal function]: CodeIgniter\Debug\Exceptions->shutdownHandler()
WARNING - 2025-12-04 21:00:29 --> [DEPRECATED] Passing lowercase HTTP method "get" is deprecated. Use uppercase HTTP method like "GET". in SYSTEMPATH\Router\RouteCollection.php on line 1026.
 1 SYSTEMPATH\Router\RouteCollection.php(1026): trigger_error('Passing lowercase HTTP method "get" is deprecated. Use uppercase HTTP method like "GET".', 16384)
 2 APPPATH\Config\Routes.php(101): CodeIgniter\Router\RouteCollection->match([...], 'sms/gateway', 'SmsController::gateway')
 3 SYSTEMPATH\Router\RouteCollection.php(339): require('D:\\xampp\\htdocs\\FloodGuard\\app\\Config\\Routes.php')
 4 SYSTEMPATH\CodeIgniter.php(821): CodeIgniter\Router\RouteCollection->loadRoutes()
 5 SYSTEMPATH\CodeIgniter.php(455): CodeIgniter\CodeIgniter->tryToRouteIt(null)
 6 SYSTEMPATH\CodeIgniter.php(354): CodeIgniter\CodeIgniter->handleRequest(null, Object(Config\Cache), false)
 7 SYSTEMPATH\Boot.php(334): CodeIgniter\CodeIgniter->run()
 8 SYSTEMPATH\Boot.php(67): CodeIgniter\Boot::runCodeIgniter(Object(CodeIgniter\CodeIgniter))
 9 FCPATH\index.php(59): CodeIgniter\Boot::bootWeb(Object(Config\Paths))
WARNING - 2025-12-04 21:00:29 --> [DEPRECATED] Passing lowercase HTTP method "post" is deprecated. Use uppercase HTTP method like "POST". in SYSTEMPATH\Router\RouteCollection.php on line 1026.
 1 SYSTEMPATH\Router\RouteCollection.php(1026): trigger_error('Passing lowercase HTTP method "post" is deprecated. Use uppercase HTTP method like "POST".', 16384)
 2 APPPATH\Config\Routes.php(101): CodeIgniter\Router\RouteCollection->match([...], 'sms/gateway', 'SmsController::gateway')
 3 SYSTEMPATH\Router\RouteCollection.php(339): require('D:\\xampp\\htdocs\\FloodGuard\\app\\Config\\Routes.php')
 4 SYSTEMPATH\CodeIgniter.php(821): CodeIgniter\Router\RouteCollection->loadRoutes()
 5 SYSTEMPATH\CodeIgniter.php(455): CodeIgniter\CodeIgniter->tryToRouteIt(null)
 6 SYSTEMPATH\CodeIgniter.php(354): CodeIgniter\CodeIgniter->handleRequest(null, Object(Config\Cache), false)
 7 SYSTEMPATH\Boot.php(334): CodeIgniter\CodeIgniter->run()
 8 SYSTEMPATH\Boot.php(67): CodeIgniter\Boot::runCodeIgniter(Object(CodeIgniter\CodeIgniter))
 9 FCPATH\index.php(59): CodeIgniter\Boot::bootWeb(Object(Config\Paths))
DEBUG - 2025-12-04 21:00:29 --> Session: Class initialized using 'CodeIgniter\Session\Handlers\FileHandler' driver.
WARNING - 2025-12-04 21:05:00 --> [DEPRECATED] Passing lowercase HTTP method "get" is deprecated. Use uppercase HTTP method like "GET". in SYSTEMPATH\Router\RouteCollection.php on line 1026.
 1 SYSTEMPATH\Router\RouteCollection.php(1026): trigger_error('Passing lowercase HTTP method "get" is deprecated. Use uppercase HTTP method like "GET".', 16384)
 2 APPPATH\Config\Routes.php(101): CodeIgniter\Router\RouteCollection->match([...], 'sms/gateway', 'SmsController::gateway')
 3 SYSTEMPATH\Router\RouteCollection.php(339): require('D:\\xampp\\htdocs\\FloodGuard\\app\\Config\\Routes.php')
 4 SYSTEMPATH\CodeIgniter.php(821): CodeIgniter\Router\RouteCollection->loadRoutes()
 5 SYSTEMPATH\CodeIgniter.php(455): CodeIgniter\CodeIgniter->tryToRouteIt(null)
 6 SYSTEMPATH\CodeIgniter.php(354): CodeIgniter\CodeIgniter->handleRequest(null, Object(Config\Cache), false)
 7 SYSTEMPATH\Boot.php(334): CodeIgniter\CodeIgniter->run()
 8 SYSTEMPATH\Boot.php(67): CodeIgniter\Boot::runCodeIgniter(Object(CodeIgniter\CodeIgniter))
 9 FCPATH\index.php(59): CodeIgniter\Boot::bootWeb(Object(Config\Paths))
WARNING - 2025-12-04 21:05:00 --> [DEPRECATED] Passing lowercase HTTP method "post" is deprecated. Use uppercase HTTP method like "POST". in SYSTEMPATH\Router\RouteCollection.php on line 1026.
 1 SYSTEMPATH\Router\RouteCollection.php(1026): trigger_error('Passing lowercase HTTP method "post" is deprecated. Use uppercase HTTP method like "POST".', 16384)
 2 APPPATH\Config\Routes.php(101): CodeIgniter\Router\RouteCollection->match([...], 'sms/gateway', 'SmsController::gateway')
 3 SYSTEMPATH\Router\RouteCollection.php(339): require('D:\\xampp\\htdocs\\FloodGuard\\app\\Config\\Routes.php')
 4 SYSTEMPATH\CodeIgniter.php(821): CodeIgniter\Router\RouteCollection->loadRoutes()
 5 SYSTEMPATH\CodeIgniter.php(455): CodeIgniter\CodeIgniter->tryToRouteIt(null)
 6 SYSTEMPATH\CodeIgniter.php(354): CodeIgniter\CodeIgniter->handleRequest(null, Object(Config\Cache), false)
 7 SYSTEMPATH\Boot.php(334): CodeIgniter\CodeIgniter->run()
 8 SYSTEMPATH\Boot.php(67): CodeIgniter\Boot::runCodeIgniter(Object(CodeIgniter\CodeIgniter))
 9 FCPATH\index.php(59): CodeIgniter\Boot::bootWeb(Object(Config\Paths))
WARNING - 2025-12-04 21:15:20 --> [DEPRECATED] Passing lowercase HTTP method "get" is deprecated. Use uppercase HTTP method like "GET". in SYSTEMPATH\Router\RouteCollection.php on line 1026.
 1 SYSTEMPATH\Router\RouteCollection.php(1026): trigger_error('Passing lowercase HTTP method "get" is deprecated. Use uppercase HTTP method like "GET".', 16384)
 2 APPPATH\Config\Routes.php(101): CodeIgniter\Router\RouteCollection->match([...], 'sms/gateway', 'SmsController::gateway')
 3 SYSTEMPATH\Router\RouteCollection.php(339): require('D:\\xampp\\htdocs\\FloodGuard\\app\\Config\\Routes.php')
 4 SYSTEMPATH\CodeIgniter.php(821): CodeIgniter\Router\RouteCollection->loadRoutes()
 5 SYSTEMPATH\CodeIgniter.php(455): CodeIgniter\CodeIgniter->tryToRouteIt(null)
 6 SYSTEMPATH\CodeIgniter.php(354): CodeIgniter\CodeIgniter->handleRequest(null, Object(Config\Cache), false)
 7 SYSTEMPATH\Boot.php(334): CodeIgniter\CodeIgniter->run()
 8 SYSTEMPATH\Boot.php(67): CodeIgniter\Boot::runCodeIgniter(Object(CodeIgniter\CodeIgniter))
 9 FCPATH\index.php(59): CodeIgniter\Boot::bootWeb(Object(Config\Paths))
WARNING - 2025-12-04 21:15:20 --> [DEPRECATED] Passing lowercase HTTP method "post" is deprecated. Use uppercase HTTP method like "POST". in SYSTEMPATH\Router\RouteCollection.php on line 1026.
 1 SYSTEMPATH\Router\RouteCollection.php(1026): trigger_error('Passing lowercase HTTP method "post" is deprecated. Use uppercase HTTP method like "POST".', 16384)
 2 APPPATH\Config\Routes.php(101): CodeIgniter\Router\RouteCollection->match([...], 'sms/gateway', 'SmsController::gateway')
 3 SYSTEMPATH\Router\RouteCollection.php(339): require('D:\\xampp\\htdocs\\FloodGuard\\app\\Config\\Routes.php')
 4 SYSTEMPATH\CodeIgniter.php(821): CodeIgniter\Router\RouteCollection->loadRoutes()
 5 SYSTEMPATH\CodeIgniter.php(455): CodeIgniter\CodeIgniter->tryToRouteIt(null)
 6 SYSTEMPATH\CodeIgniter.php(354): CodeIgniter\CodeIgniter->handleRequest(null, Object(Config\Cache), false)
 7 SYSTEMPATH\Boot.php(334): CodeIgniter\CodeIgniter->run()
 8 SYSTEMPATH\Boot.php(67): CodeIgniter\Boot::runCodeIgniter(Object(CodeIgniter\CodeIgniter))
 9 FCPATH\index.php(59): CodeIgniter\Boot::bootWeb(Object(Config\Paths))
DEBUG - 2025-12-04 21:15:20 --> Session: Class initialized using 'CodeIgniter\Session\Handlers\FileHandler' driver.
WARNING - 2025-12-04 21:15:21 --> [DEPRECATED] Passing lowercase HTTP method "get" is deprecated. Use uppercase HTTP method like "GET". in SYSTEMPATH\Router\RouteCollection.php on line 1026.
 1 SYSTEMPATH\Router\RouteCollection.php(1026): trigger_error('Passing lowercase HTTP method "get" is deprecated. Use uppercase HTTP method like "GET".', 16384)
 2 APPPATH\Config\Routes.php(101): CodeIgniter\Router\RouteCollection->match([...], 'sms/gateway', 'SmsController::gateway')
 3 SYSTEMPATH\Router\RouteCollection.php(339): require('D:\\xampp\\htdocs\\FloodGuard\\app\\Config\\Routes.php')
 4 SYSTEMPATH\CodeIgniter.php(821): CodeIgniter\Router\RouteCollection->loadRoutes()
 5 SYSTEMPATH\CodeIgniter.php(455): CodeIgniter\CodeIgniter->tryToRouteIt(null)
 6 SYSTEMPATH\CodeIgniter.php(354): CodeIgniter\CodeIgniter->handleRequest(null, Object(Config\Cache), false)
 7 SYSTEMPATH\Boot.php(334): CodeIgniter\CodeIgniter->run()
 8 SYSTEMPATH\Boot.php(67): CodeIgniter\Boot::runCodeIgniter(Object(CodeIgniter\CodeIgniter))
 9 FCPATH\index.php(59): CodeIgniter\Boot::bootWeb(Object(Config\Paths))
WARNING - 2025-12-04 21:15:21 --> [DEPRECATED] Passing lowercase HTTP method "post" is deprecated. Use uppercase HTTP method like "POST". in SYSTEMPATH\Router\RouteCollection.php on line 1026.
 1 SYSTEMPATH\Router\RouteCollection.php(1026): trigger_error('Passing lowercase HTTP method "post" is deprecated. Use uppercase HTTP method like "POST".', 16384)
 2 APPPATH\Config\Routes.php(101): CodeIgniter\Router\RouteCollection->match([...], 'sms/gateway', 'SmsController::gateway')
 3 SYSTEMPATH\Router\RouteCollection.php(339): require('D:\\xampp\\htdocs\\FloodGuard\\app\\Config\\Routes.php')
 4 SYSTEMPATH\CodeIgniter.php(821): CodeIgniter\Router\RouteCollection->loadRoutes()
 5 SYSTEMPATH\CodeIgniter.php(455): CodeIgniter\CodeIgniter->tryToRouteIt(null)
 6 SYSTEMPATH\CodeIgniter.php(354): CodeIgniter\CodeIgniter->handleRequest(null, Object(Config\Cache), false)
 7 SYSTEMPATH\Boot.php(334): CodeIgniter\CodeIgniter->run()
 8 SYSTEMPATH\Boot.php(67): CodeIgniter\Boot::runCodeIgniter(Object(CodeIgniter\CodeIgniter))
 9 FCPATH\index.php(59): CodeIgniter\Boot::bootWeb(Object(Config\Paths))
DEBUG - 2025-12-04 21:15:21 --> Session: Class initialized using 'CodeIgniter\Session\Handlers\FileHandler' driver.
WARNING - 2025-12-04 21:15:30 --> [DEPRECATED] Passing lowercase HTTP method "get" is deprecated. Use uppercase HTTP method like "GET". in SYSTEMPATH\Router\RouteCollection.php on line 1026.
 1 SYSTEMPATH\Router\RouteCollection.php(1026): trigger_error('Passing lowercase HTTP method "get" is deprecated. Use uppercase HTTP method like "GET".', 16384)
 2 APPPATH\Config\Routes.php(101): CodeIgniter\Router\RouteCollection->match([...], 'sms/gateway', 'SmsController::gateway')
 3 SYSTEMPATH\Router\RouteCollection.php(339): require('D:\\xampp\\htdocs\\FloodGuard\\app\\Config\\Routes.php')
 4 SYSTEMPATH\CodeIgniter.php(821): CodeIgniter\Router\RouteCollection->loadRoutes()
 5 SYSTEMPATH\CodeIgniter.php(455): CodeIgniter\CodeIgniter->tryToRouteIt(null)
 6 SYSTEMPATH\CodeIgniter.php(354): CodeIgniter\CodeIgniter->handleRequest(null, Object(Config\Cache), false)
 7 SYSTEMPATH\Boot.php(334): CodeIgniter\CodeIgniter->run()
 8 SYSTEMPATH\Boot.php(67): CodeIgniter\Boot::runCodeIgniter(Object(CodeIgniter\CodeIgniter))
 9 FCPATH\index.php(59): CodeIgniter\Boot::bootWeb(Object(Config\Paths))
WARNING - 2025-12-04 21:15:30 --> [DEPRECATED] Passing lowercase HTTP method "post" is deprecated. Use uppercase HTTP method like "POST". in SYSTEMPATH\Router\RouteCollection.php on line 1026.
 1 SYSTEMPATH\Router\RouteCollection.php(1026): trigger_error('Passing lowercase HTTP method "post" is deprecated. Use uppercase HTTP method like "POST".', 16384)
 2 APPPATH\Config\Routes.php(101): CodeIgniter\Router\RouteCollection->match([...], 'sms/gateway', 'SmsController::gateway')
 3 SYSTEMPATH\Router\RouteCollection.php(339): require('D:\\xampp\\htdocs\\FloodGuard\\app\\Config\\Routes.php')
 4 SYSTEMPATH\CodeIgniter.php(821): CodeIgniter\Router\RouteCollection->loadRoutes()
 5 SYSTEMPATH\CodeIgniter.php(455): CodeIgniter\CodeIgniter->tryToRouteIt(null)
 6 SYSTEMPATH\CodeIgniter.php(354): CodeIgniter\CodeIgniter->handleRequest(null, Object(Config\Cache), false)
 7 SYSTEMPATH\Boot.php(334): CodeIgniter\CodeIgniter->run()
 8 SYSTEMPATH\Boot.php(67): CodeIgniter\Boot::runCodeIgniter(Object(CodeIgniter\CodeIgniter))
 9 FCPATH\index.php(59): CodeIgniter\Boot::bootWeb(Object(Config\Paths))
DEBUG - 2025-12-04 21:15:30 --> Session: Class initialized using 'CodeIgniter\Session\Handlers\FileHandler' driver.
WARNING - 2025-12-04 21:30:31 --> [DEPRECATED] Passing lowercase HTTP method "get" is deprecated. Use uppercase HTTP method like "GET". in SYSTEMPATH\Router\RouteCollection.php on line 1026.
 1 SYSTEMPATH\Router\RouteCollection.php(1026): trigger_error('Passing lowercase HTTP method "get" is deprecated. Use uppercase HTTP method like "GET".', 16384)
 2 APPPATH\Config\Routes.php(101): CodeIgniter\Router\RouteCollection->match([...], 'sms/gateway', 'SmsController::gateway')
 3 SYSTEMPATH\Router\RouteCollection.php(339): require('D:\\xampp\\htdocs\\FloodGuard\\app\\Config\\Routes.php')
 4 SYSTEMPATH\CodeIgniter.php(821): CodeIgniter\Router\RouteCollection->loadRoutes()
 5 SYSTEMPATH\CodeIgniter.php(455): CodeIgniter\CodeIgniter->tryToRouteIt(null)
 6 SYSTEMPATH\CodeIgniter.php(354): CodeIgniter\CodeIgniter->handleRequest(null, Object(Config\Cache), false)
 7 SYSTEMPATH\Boot.php(334): CodeIgniter\CodeIgniter->run()
 8 SYSTEMPATH\Boot.php(67): CodeIgniter\Boot::runCodeIgniter(Object(CodeIgniter\CodeIgniter))
 9 FCPATH\index.php(59): CodeIgniter\Boot::bootWeb(Object(Config\Paths))
WARNING - 2025-12-04 21:30:31 --> [DEPRECATED] Passing lowercase HTTP method "post" is deprecated. Use uppercase HTTP method like "POST". in SYSTEMPATH\Router\RouteCollection.php on line 1026.
 1 SYSTEMPATH\Router\RouteCollection.php(1026): trigger_error('Passing lowercase HTTP method "post" is deprecated. Use uppercase HTTP method like "POST".', 16384)
 2 APPPATH\Config\Routes.php(101): CodeIgniter\Router\RouteCollection->match([...], 'sms/gateway', 'SmsController::gateway')
 3 SYSTEMPATH\Router\RouteCollection.php(339): require('D:\\xampp\\htdocs\\FloodGuard\\app\\Config\\Routes.php')
 4 SYSTEMPATH\CodeIgniter.php(821): CodeIgniter\Router\RouteCollection->loadRoutes()
 5 SYSTEMPATH\CodeIgniter.php(455): CodeIgniter\CodeIgniter->tryToRouteIt(null)
 6 SYSTEMPATH\CodeIgniter.php(354): CodeIgniter\CodeIgniter->handleRequest(null, Object(Config\Cache), false)
 7 SYSTEMPATH\Boot.php(334): CodeIgniter\CodeIgniter->run()
 8 SYSTEMPATH\Boot.php(67): CodeIgniter\Boot::runCodeIgniter(Object(CodeIgniter\CodeIgniter))
 9 FCPATH\index.php(59): CodeIgniter\Boot::bootWeb(Object(Config\Paths))
DEBUG - 2025-12-04 21:30:31 --> Session: Class initialized using 'CodeIgniter\Session\Handlers\FileHandler' driver.
WARNING - 2025-12-04 21:45:21 --> [DEPRECATED] Passing lowercase HTTP method "get" is deprecated. Use uppercase HTTP method like "GET". in SYSTEMPATH\Router\RouteCollection.php on line 1026.
 1 SYSTEMPATH\Router\RouteCollection.php(1026): trigger_error('Passing lowercase HTTP method "get" is deprecated. Use uppercase HTTP method like "GET".', 16384)
 2 APPPATH\Config\Routes.php(101): CodeIgniter\Router\RouteCollection->match([...], 'sms/gateway', 'SmsController::gateway')
 3 SYSTEMPATH\Router\RouteCollection.php(339): require('D:\\xampp\\htdocs\\FloodGuard\\app\\Config\\Routes.php')
 4 SYSTEMPATH\CodeIgniter.php(821): CodeIgniter\Router\RouteCollection->loadRoutes()
 5 SYSTEMPATH\CodeIgniter.php(455): CodeIgniter\CodeIgniter->tryToRouteIt(null)
 6 SYSTEMPATH\CodeIgniter.php(354): CodeIgniter\CodeIgniter->handleRequest(null, Object(Config\Cache), false)
 7 SYSTEMPATH\Boot.php(334): CodeIgniter\CodeIgniter->run()
 8 SYSTEMPATH\Boot.php(67): CodeIgniter\Boot::runCodeIgniter(Object(CodeIgniter\CodeIgniter))
 9 FCPATH\index.php(59): CodeIgniter\Boot::bootWeb(Object(Config\Paths))
WARNING - 2025-12-04 21:45:21 --> [DEPRECATED] Passing lowercase HTTP method "post" is deprecated. Use uppercase HTTP method like "POST". in SYSTEMPATH\Router\RouteCollection.php on line 1026.
 1 SYSTEMPATH\Router\RouteCollection.php(1026): trigger_error('Passing lowercase HTTP method "post" is deprecated. Use uppercase HTTP method like "POST".', 16384)
 2 APPPATH\Config\Routes.php(101): CodeIgniter\Router\RouteCollection->match([...], 'sms/gateway', 'SmsController::gateway')
 3 SYSTEMPATH\Router\RouteCollection.php(339): require('D:\\xampp\\htdocs\\FloodGuard\\app\\Config\\Routes.php')
 4 SYSTEMPATH\CodeIgniter.php(821): CodeIgniter\Router\RouteCollection->loadRoutes()
 5 SYSTEMPATH\CodeIgniter.php(455): CodeIgniter\CodeIgniter->tryToRouteIt(null)
 6 SYSTEMPATH\CodeIgniter.php(354): CodeIgniter\CodeIgniter->handleRequest(null, Object(Config\Cache), false)
 7 SYSTEMPATH\Boot.php(334): CodeIgniter\CodeIgniter->run()
 8 SYSTEMPATH\Boot.php(67): CodeIgniter\Boot::runCodeIgniter(Object(CodeIgniter\CodeIgniter))
 9 FCPATH\index.php(59): CodeIgniter\Boot::bootWeb(Object(Config\Paths))
DEBUG - 2025-12-04 21:45:21 --> Session: Class initialized using 'CodeIgniter\Session\Handlers\FileHandler' driver.
WARNING - 2025-12-04 21:45:22 --> [DEPRECATED] Passing lowercase HTTP method "get" is deprecated. Use uppercase HTTP method like "GET". in SYSTEMPATH\Router\RouteCollection.php on line 1026.
 1 SYSTEMPATH\Router\RouteCollection.php(1026): trigger_error('Passing lowercase HTTP method "get" is deprecated. Use uppercase HTTP method like "GET".', 16384)
 2 APPPATH\Config\Routes.php(101): CodeIgniter\Router\RouteCollection->match([...], 'sms/gateway', 'SmsController::gateway')
 3 SYSTEMPATH\Router\RouteCollection.php(339): require('D:\\xampp\\htdocs\\FloodGuard\\app\\Config\\Routes.php')
 4 SYSTEMPATH\CodeIgniter.php(821): CodeIgniter\Router\RouteCollection->loadRoutes()
 5 SYSTEMPATH\CodeIgniter.php(455): CodeIgniter\CodeIgniter->tryToRouteIt(null)
 6 SYSTEMPATH\CodeIgniter.php(354): CodeIgniter\CodeIgniter->handleRequest(null, Object(Config\Cache), false)
 7 SYSTEMPATH\Boot.php(334): CodeIgniter\CodeIgniter->run()
 8 SYSTEMPATH\Boot.php(67): CodeIgniter\Boot::runCodeIgniter(Object(CodeIgniter\CodeIgniter))
 9 FCPATH\index.php(59): CodeIgniter\Boot::bootWeb(Object(Config\Paths))
WARNING - 2025-12-04 21:45:22 --> [DEPRECATED] Passing lowercase HTTP method "post" is deprecated. Use uppercase HTTP method like "POST". in SYSTEMPATH\Router\RouteCollection.php on line 1026.
 1 SYSTEMPATH\Router\RouteCollection.php(1026): trigger_error('Passing lowercase HTTP method "post" is deprecated. Use uppercase HTTP method like "POST".', 16384)
 2 APPPATH\Config\Routes.php(101): CodeIgniter\Router\RouteCollection->match([...], 'sms/gateway', 'SmsController::gateway')
 3 SYSTEMPATH\Router\RouteCollection.php(339): require('D:\\xampp\\htdocs\\FloodGuard\\app\\Config\\Routes.php')
 4 SYSTEMPATH\CodeIgniter.php(821): CodeIgniter\Router\RouteCollection->loadRoutes()
 5 SYSTEMPATH\CodeIgniter.php(455): CodeIgniter\CodeIgniter->tryToRouteIt(null)
 6 SYSTEMPATH\CodeIgniter.php(354): CodeIgniter\CodeIgniter->handleRequest(null, Object(Config\Cache), false)
 7 SYSTEMPATH\Boot.php(334): CodeIgniter\CodeIgniter->run()
 8 SYSTEMPATH\Boot.php(67): CodeIgniter\Boot::runCodeIgniter(Object(CodeIgniter\CodeIgniter))
 9 FCPATH\index.php(59): CodeIgniter\Boot::bootWeb(Object(Config\Paths))
DEBUG - 2025-12-04 21:45:22 --> Session: Class initialized using 'CodeIgniter\Session\Handlers\FileHandler' driver.
WARNING - 2025-12-04 21:45:22 --> [DEPRECATED] Passing lowercase HTTP method "get" is deprecated. Use uppercase HTTP method like "GET". in SYSTEMPATH\Router\RouteCollection.php on line 1026.
 1 SYSTEMPATH\Router\RouteCollection.php(1026): trigger_error('Passing lowercase HTTP method "get" is deprecated. Use uppercase HTTP method like "GET".', 16384)
 2 APPPATH\Config\Routes.php(101): CodeIgniter\Router\RouteCollection->match([...], 'sms/gateway', 'SmsController::gateway')
 3 SYSTEMPATH\Router\RouteCollection.php(339): require('D:\\xampp\\htdocs\\FloodGuard\\app\\Config\\Routes.php')
 4 SYSTEMPATH\CodeIgniter.php(821): CodeIgniter\Router\RouteCollection->loadRoutes()
 5 SYSTEMPATH\CodeIgniter.php(455): CodeIgniter\CodeIgniter->tryToRouteIt(null)
 6 SYSTEMPATH\CodeIgniter.php(354): CodeIgniter\CodeIgniter->handleRequest(null, Object(Config\Cache), false)
 7 SYSTEMPATH\Boot.php(334): CodeIgniter\CodeIgniter->run()
 8 SYSTEMPATH\Boot.php(67): CodeIgniter\Boot::runCodeIgniter(Object(CodeIgniter\CodeIgniter))
 9 FCPATH\index.php(59): CodeIgniter\Boot::bootWeb(Object(Config\Paths))
WARNING - 2025-12-04 21:45:22 --> [DEPRECATED] Passing lowercase HTTP method "post" is deprecated. Use uppercase HTTP method like "POST". in SYSTEMPATH\Router\RouteCollection.php on line 1026.
 1 SYSTEMPATH\Router\RouteCollection.php(1026): trigger_error('Passing lowercase HTTP method "post" is deprecated. Use uppercase HTTP method like "POST".', 16384)
 2 APPPATH\Config\Routes.php(101): CodeIgniter\Router\RouteCollection->match([...], 'sms/gateway', 'SmsController::gateway')
 3 SYSTEMPATH\Router\RouteCollection.php(339): require('D:\\xampp\\htdocs\\FloodGuard\\app\\Config\\Routes.php')
 4 SYSTEMPATH\CodeIgniter.php(821): CodeIgniter\Router\RouteCollection->loadRoutes()
 5 SYSTEMPATH\CodeIgniter.php(455): CodeIgniter\CodeIgniter->tryToRouteIt(null)
 6 SYSTEMPATH\CodeIgniter.php(354): CodeIgniter\CodeIgniter->handleRequest(null, Object(Config\Cache), false)
 7 SYSTEMPATH\Boot.php(334): CodeIgniter\CodeIgniter->run()
 8 SYSTEMPATH\Boot.php(67): CodeIgniter\Boot::runCodeIgniter(Object(CodeIgniter\CodeIgniter))
 9 FCPATH\index.php(59): CodeIgniter\Boot::bootWeb(Object(Config\Paths))
WARNING - 2025-12-04 21:45:23 --> [DEPRECATED] Passing lowercase HTTP method "get" is deprecated. Use uppercase HTTP method like "GET". in SYSTEMPATH\Router\RouteCollection.php on line 1026.
 1 SYSTEMPATH\Router\RouteCollection.php(1026): trigger_error('Passing lowercase HTTP method "get" is deprecated. Use uppercase HTTP method like "GET".', 16384)
 2 APPPATH\Config\Routes.php(101): CodeIgniter\Router\RouteCollection->match([...], 'sms/gateway', 'SmsController::gateway')
 3 SYSTEMPATH\Router\RouteCollection.php(339): require('D:\\xampp\\htdocs\\FloodGuard\\app\\Config\\Routes.php')
 4 SYSTEMPATH\CodeIgniter.php(821): CodeIgniter\Router\RouteCollection->loadRoutes()
 5 SYSTEMPATH\CodeIgniter.php(455): CodeIgniter\CodeIgniter->tryToRouteIt(null)
 6 SYSTEMPATH\CodeIgniter.php(354): CodeIgniter\CodeIgniter->handleRequest(null, Object(Config\Cache), false)
 7 SYSTEMPATH\Boot.php(334): CodeIgniter\CodeIgniter->run()
 8 SYSTEMPATH\Boot.php(67): CodeIgniter\Boot::runCodeIgniter(Object(CodeIgniter\CodeIgniter))
 9 FCPATH\index.php(59): CodeIgniter\Boot::bootWeb(Object(Config\Paths))
WARNING - 2025-12-04 21:45:23 --> [DEPRECATED] Passing lowercase HTTP method "post" is deprecated. Use uppercase HTTP method like "POST". in SYSTEMPATH\Router\RouteCollection.php on line 1026.
 1 SYSTEMPATH\Router\RouteCollection.php(1026): trigger_error('Passing lowercase HTTP method "post" is deprecated. Use uppercase HTTP method like "POST".', 16384)
 2 APPPATH\Config\Routes.php(101): CodeIgniter\Router\RouteCollection->match([...], 'sms/gateway', 'SmsController::gateway')
 3 SYSTEMPATH\Router\RouteCollection.php(339): require('D:\\xampp\\htdocs\\FloodGuard\\app\\Config\\Routes.php')
 4 SYSTEMPATH\CodeIgniter.php(821): CodeIgniter\Router\RouteCollection->loadRoutes()
 5 SYSTEMPATH\CodeIgniter.php(455): CodeIgniter\CodeIgniter->tryToRouteIt(null)
 6 SYSTEMPATH\CodeIgniter.php(354): CodeIgniter\CodeIgniter->handleRequest(null, Object(Config\Cache), false)
 7 SYSTEMPATH\Boot.php(334): CodeIgniter\CodeIgniter->run()
 8 SYSTEMPATH\Boot.php(67): CodeIgniter\Boot::runCodeIgniter(Object(CodeIgniter\CodeIgniter))
 9 FCPATH\index.php(59): CodeIgniter\Boot::bootWeb(Object(Config\Paths))
WARNING - 2025-12-04 21:45:32 --> [DEPRECATED] Passing lowercase HTTP method "get" is deprecated. Use uppercase HTTP method like "GET". in SYSTEMPATH\Router\RouteCollection.php on line 1026.
 1 SYSTEMPATH\Router\RouteCollection.php(1026): trigger_error('Passing lowercase HTTP method "get" is deprecated. Use uppercase HTTP method like "GET".', 16384)
 2 APPPATH\Config\Routes.php(101): CodeIgniter\Router\RouteCollection->match([...], 'sms/gateway', 'SmsController::gateway')
 3 SYSTEMPATH\Router\RouteCollection.php(339): require('D:\\xampp\\htdocs\\FloodGuard\\app\\Config\\Routes.php')
 4 SYSTEMPATH\CodeIgniter.php(821): CodeIgniter\Router\RouteCollection->loadRoutes()
 5 SYSTEMPATH\CodeIgniter.php(455): CodeIgniter\CodeIgniter->tryToRouteIt(null)
 6 SYSTEMPATH\CodeIgniter.php(354): CodeIgniter\CodeIgniter->handleRequest(null, Object(Config\Cache), false)
 7 SYSTEMPATH\Boot.php(334): CodeIgniter\CodeIgniter->run()
 8 SYSTEMPATH\Boot.php(67): CodeIgniter\Boot::runCodeIgniter(Object(CodeIgniter\CodeIgniter))
 9 FCPATH\index.php(59): CodeIgniter\Boot::bootWeb(Object(Config\Paths))
WARNING - 2025-12-04 21:45:32 --> [DEPRECATED] Passing lowercase HTTP method "post" is deprecated. Use uppercase HTTP method like "POST". in SYSTEMPATH\Router\RouteCollection.php on line 1026.
 1 SYSTEMPATH\Router\RouteCollection.php(1026): trigger_error('Passing lowercase HTTP method "post" is deprecated. Use uppercase HTTP method like "POST".', 16384)
 2 APPPATH\Config\Routes.php(101): CodeIgniter\Router\RouteCollection->match([...], 'sms/gateway', 'SmsController::gateway')
 3 SYSTEMPATH\Router\RouteCollection.php(339): require('D:\\xampp\\htdocs\\FloodGuard\\app\\Config\\Routes.php')
 4 SYSTEMPATH\CodeIgniter.php(821): CodeIgniter\Router\RouteCollection->loadRoutes()
 5 SYSTEMPATH\CodeIgniter.php(455): CodeIgniter\CodeIgniter->tryToRouteIt(null)
 6 SYSTEMPATH\CodeIgniter.php(354): CodeIgniter\CodeIgniter->handleRequest(null, Object(Config\Cache), false)
 7 SYSTEMPATH\Boot.php(334): CodeIgniter\CodeIgniter->run()
 8 SYSTEMPATH\Boot.php(67): CodeIgniter\Boot::runCodeIgniter(Object(CodeIgniter\CodeIgniter))
 9 FCPATH\index.php(59): CodeIgniter\Boot::bootWeb(Object(Config\Paths))
DEBUG - 2025-12-04 21:45:32 --> Session: Class initialized using 'CodeIgniter\Session\Handlers\FileHandler' driver.
WARNING - 2025-12-04 21:50:00 --> [DEPRECATED] Passing lowercase HTTP method "get" is deprecated. Use uppercase HTTP method like "GET". in SYSTEMPATH\Router\RouteCollection.php on line 1026.
 1 SYSTEMPATH\Router\RouteCollection.php(1026): trigger_error('Passing lowercase HTTP method "get" is deprecated. Use uppercase HTTP method like "GET".', 16384)
 2 APPPATH\Config\Routes.php(101): CodeIgniter\Router\RouteCollection->match([...], 'sms/gateway', 'SmsController::gateway')
 3 SYSTEMPATH\Router\RouteCollection.php(339): require('D:\\xampp\\htdocs\\FloodGuard\\app\\Config\\Routes.php')
 4 SYSTEMPATH\CodeIgniter.php(821): CodeIgniter\Router\RouteCollection->loadRoutes()
 5 SYSTEMPATH\CodeIgniter.php(455): CodeIgniter\CodeIgniter->tryToRouteIt(null)
 6 SYSTEMPATH\CodeIgniter.php(354): CodeIgniter\CodeIgniter->handleRequest(null, Object(Config\Cache), false)
 7 SYSTEMPATH\Boot.php(334): CodeIgniter\CodeIgniter->run()
 8 SYSTEMPATH\Boot.php(67): CodeIgniter\Boot::runCodeIgniter(Object(CodeIgniter\CodeIgniter))
 9 FCPATH\index.php(59): CodeIgniter\Boot::bootWeb(Object(Config\Paths))
WARNING - 2025-12-04 21:50:00 --> [DEPRECATED] Passing lowercase HTTP method "post" is deprecated. Use uppercase HTTP method like "POST". in SYSTEMPATH\Router\RouteCollection.php on line 1026.
 1 SYSTEMPATH\Router\RouteCollection.php(1026): trigger_error('Passing lowercase HTTP method "post" is deprecated. Use uppercase HTTP method like "POST".', 16384)
 2 APPPATH\Config\Routes.php(101): CodeIgniter\Router\RouteCollection->match([...], 'sms/gateway', 'SmsController::gateway')
 3 SYSTEMPATH\Router\RouteCollection.php(339): require('D:\\xampp\\htdocs\\FloodGuard\\app\\Config\\Routes.php')
 4 SYSTEMPATH\CodeIgniter.php(821): CodeIgniter\Router\RouteCollection->loadRoutes()
 5 SYSTEMPATH\CodeIgniter.php(455): CodeIgniter\CodeIgniter->tryToRouteIt(null)
 6 SYSTEMPATH\CodeIgniter.php(354): CodeIgniter\CodeIgniter->handleRequest(null, Object(Config\Cache), false)
 7 SYSTEMPATH\Boot.php(334): CodeIgniter\CodeIgniter->run()
 8 SYSTEMPATH\Boot.php(67): CodeIgniter\Boot::runCodeIgniter(Object(CodeIgniter\CodeIgniter))
 9 FCPATH\index.php(59): CodeIgniter\Boot::bootWeb(Object(Config\Paths))
WARNING - 2025-12-04 23:58:01 --> [DEPRECATED] Passing lowercase HTTP method "get" is deprecated. Use uppercase HTTP method like "GET". in SYSTEMPATH\Router\RouteCollection.php on line 1026.
 1 SYSTEMPATH\Router\RouteCollection.php(1026): trigger_error('Passing lowercase HTTP method "get" is deprecated. Use uppercase HTTP method like "GET".', 16384)
 2 APPPATH\Config\Routes.php(101): CodeIgniter\Router\RouteCollection->match([...], 'sms/gateway', 'SmsController::gateway')
 3 SYSTEMPATH\Router\RouteCollection.php(339): require('D:\\xampp\\htdocs\\FloodGuard\\app\\Config\\Routes.php')
 4 SYSTEMPATH\CodeIgniter.php(821): CodeIgniter\Router\RouteCollection->loadRoutes()
 5 SYSTEMPATH\CodeIgniter.php(455): CodeIgniter\CodeIgniter->tryToRouteIt(null)
 6 SYSTEMPATH\CodeIgniter.php(354): CodeIgniter\CodeIgniter->handleRequest(null, Object(Config\Cache), false)
 7 SYSTEMPATH\Boot.php(334): CodeIgniter\CodeIgniter->run()
 8 SYSTEMPATH\Boot.php(67): CodeIgniter\Boot::runCodeIgniter(Object(CodeIgniter\CodeIgniter))
 9 FCPATH\index.php(59): CodeIgniter\Boot::bootWeb(Object(Config\Paths))
WARNING - 2025-12-04 23:58:01 --> [DEPRECATED] Passing lowercase HTTP method "get" is deprecated. Use uppercase HTTP method like "GET". in SYSTEMPATH\Router\RouteCollection.php on line 1026.
 1 SYSTEMPATH\Router\RouteCollection.php(1026): trigger_error('Passing lowercase HTTP method "get" is deprecated. Use uppercase HTTP method like "GET".', 16384)
 2 APPPATH\Config\Routes.php(101): CodeIgniter\Router\RouteCollection->match([...], 'sms/gateway', 'SmsController::gateway')
 3 SYSTEMPATH\Router\RouteCollection.php(339): require('D:\\xampp\\htdocs\\FloodGuard\\app\\Config\\Routes.php')
 4 SYSTEMPATH\CodeIgniter.php(821): CodeIgniter\Router\RouteCollection->loadRoutes()
 5 SYSTEMPATH\CodeIgniter.php(455): CodeIgniter\CodeIgniter->tryToRouteIt(null)
 6 SYSTEMPATH\CodeIgniter.php(354): CodeIgniter\CodeIgniter->handleRequest(null, Object(Config\Cache), false)
 7 SYSTEMPATH\Boot.php(334): CodeIgniter\CodeIgniter->run()
 8 SYSTEMPATH\Boot.php(67): CodeIgniter\Boot::runCodeIgniter(Object(CodeIgniter\CodeIgniter))
 9 FCPATH\index.php(59): CodeIgniter\Boot::bootWeb(Object(Config\Paths))
WARNING - 2025-12-04 23:58:01 --> [DEPRECATED] Passing lowercase HTTP method "post" is deprecated. Use uppercase HTTP method like "POST". in SYSTEMPATH\Router\RouteCollection.php on line 1026.
 1 SYSTEMPATH\Router\RouteCollection.php(1026): trigger_error('Passing lowercase HTTP method "post" is deprecated. Use uppercase HTTP method like "POST".', 16384)
 2 APPPATH\Config\Routes.php(101): CodeIgniter\Router\RouteCollection->match([...], 'sms/gateway', 'SmsController::gateway')
 3 SYSTEMPATH\Router\RouteCollection.php(339): require('D:\\xampp\\htdocs\\FloodGuard\\app\\Config\\Routes.php')
 4 SYSTEMPATH\CodeIgniter.php(821): CodeIgniter\Router\RouteCollection->loadRoutes()
 5 SYSTEMPATH\CodeIgniter.php(455): CodeIgniter\CodeIgniter->tryToRouteIt(null)
 6 SYSTEMPATH\CodeIgniter.php(354): CodeIgniter\CodeIgniter->handleRequest(null, Object(Config\Cache), false)
 7 SYSTEMPATH\Boot.php(334): CodeIgniter\CodeIgniter->run()
 8 SYSTEMPATH\Boot.php(67): CodeIgniter\Boot::runCodeIgniter(Object(CodeIgniter\CodeIgniter))
 9 FCPATH\index.php(59): CodeIgniter\Boot::bootWeb(Object(Config\Paths))
WARNING - 2025-12-04 23:58:01 --> [DEPRECATED] Passing lowercase HTTP method "post" is deprecated. Use uppercase HTTP method like "POST". in SYSTEMPATH\Router\RouteCollection.php on line 1026.
 1 SYSTEMPATH\Router\RouteCollection.php(1026): trigger_error('Passing lowercase HTTP method "post" is deprecated. Use uppercase HTTP method like "POST".', 16384)
 2 APPPATH\Config\Routes.php(101): CodeIgniter\Router\RouteCollection->match([...], 'sms/gateway', 'SmsController::gateway')
 3 SYSTEMPATH\Router\RouteCollection.php(339): require('D:\\xampp\\htdocs\\FloodGuard\\app\\Config\\Routes.php')
 4 SYSTEMPATH\CodeIgniter.php(821): CodeIgniter\Router\RouteCollection->loadRoutes()
 5 SYSTEMPATH\CodeIgniter.php(455): CodeIgniter\CodeIgniter->tryToRouteIt(null)
 6 SYSTEMPATH\CodeIgniter.php(354): CodeIgniter\CodeIgniter->handleRequest(null, Object(Config\Cache), false)
 7 SYSTEMPATH\Boot.php(334): CodeIgniter\CodeIgniter->run()
 8 SYSTEMPATH\Boot.php(67): CodeIgniter\Boot::runCodeIgniter(Object(CodeIgniter\CodeIgniter))
 9 FCPATH\index.php(59): CodeIgniter\Boot::bootWeb(Object(Config\Paths))
WARNING - 2025-12-04 23:58:01 --> [DEPRECATED] Passing lowercase HTTP method "get" is deprecated. Use uppercase HTTP method like "GET". in SYSTEMPATH\Router\RouteCollection.php on line 1026.
 1 SYSTEMPATH\Router\RouteCollection.php(1026): trigger_error('Passing lowercase HTTP method "get" is deprecated. Use uppercase HTTP method like "GET".', 16384)
 2 APPPATH\Config\Routes.php(101): CodeIgniter\Router\RouteCollection->match([...], 'sms/gateway', 'SmsController::gateway')
 3 SYSTEMPATH\Router\RouteCollection.php(339): require('D:\\xampp\\htdocs\\FloodGuard\\app\\Config\\Routes.php')
 4 SYSTEMPATH\CodeIgniter.php(821): CodeIgniter\Router\RouteCollection->loadRoutes()
 5 SYSTEMPATH\CodeIgniter.php(455): CodeIgniter\CodeIgniter->tryToRouteIt(null)
 6 SYSTEMPATH\CodeIgniter.php(354): CodeIgniter\CodeIgniter->handleRequest(null, Object(Config\Cache), false)
 7 SYSTEMPATH\Boot.php(334): CodeIgniter\CodeIgniter->run()
 8 SYSTEMPATH\Boot.php(67): CodeIgniter\Boot::runCodeIgniter(Object(CodeIgniter\CodeIgniter))
 9 FCPATH\index.php(59): CodeIgniter\Boot::bootWeb(Object(Config\Paths))
DEBUG - 2025-12-04 23:58:01 --> Session: Class initialized using 'CodeIgniter\Session\Handlers\FileHandler' driver.
WARNING - 2025-12-04 23:58:01 --> [DEPRECATED] Passing lowercase HTTP method "post" is deprecated. Use uppercase HTTP method like "POST". in SYSTEMPATH\Router\RouteCollection.php on line 1026.
 1 SYSTEMPATH\Router\RouteCollection.php(1026): trigger_error('Passing lowercase HTTP method "post" is deprecated. Use uppercase HTTP method like "POST".', 16384)
 2 APPPATH\Config\Routes.php(101): CodeIgniter\Router\RouteCollection->match([...], 'sms/gateway', 'SmsController::gateway')
 3 SYSTEMPATH\Router\RouteCollection.php(339): require('D:\\xampp\\htdocs\\FloodGuard\\app\\Config\\Routes.php')
 4 SYSTEMPATH\CodeIgniter.php(821): CodeIgniter\Router\RouteCollection->loadRoutes()
 5 SYSTEMPATH\CodeIgniter.php(455): CodeIgniter\CodeIgniter->tryToRouteIt(null)
 6 SYSTEMPATH\CodeIgniter.php(354): CodeIgniter\CodeIgniter->handleRequest(null, Object(Config\Cache), false)
 7 SYSTEMPATH\Boot.php(334): CodeIgniter\CodeIgniter->run()
 8 SYSTEMPATH\Boot.php(67): CodeIgniter\Boot::runCodeIgniter(Object(CodeIgniter\CodeIgniter))
 9 FCPATH\index.php(59): CodeIgniter\Boot::bootWeb(Object(Config\Paths))
DEBUG - 2025-12-04 23:58:01 --> Session: Class initialized using 'CodeIgniter\Session\Handlers\FileHandler' driver.
DEBUG - 2025-12-04 23:58:01 --> Session: Class initialized using 'CodeIgniter\Session\Handlers\FileHandler' driver.
