WARNING - 2025-12-05 00:24:36 --> [DEPRECATED] Passing lowercase HTTP method "get" is deprecated. Use uppercase HTTP method like "GET". in SYSTEMPATH\Router\RouteCollection.php on line 1026.
 1 SYSTEMPATH\Router\RouteCollection.php(1026): trigger_error('Passing lowercase HTTP method "get" is deprecated. Use uppercase HTTP method like "GET".', 16384)
 2 APPPATH\Config\Routes.php(101): CodeIgniter\Router\RouteCollection->match([...], 'sms/gateway', 'SmsController::gateway')
 3 SYSTEMPATH\Router\RouteCollection.php(339): require('D:\\xampp\\htdocs\\FloodGuard\\app\\Config\\Routes.php')
 4 SYSTEMPATH\CodeIgniter.php(821): CodeIgniter\Router\RouteCollection->loadRoutes()
 5 SYSTEMPATH\CodeIgniter.php(455): CodeIgniter\CodeIgniter->tryToRouteIt(null)
 6 SYSTEMPATH\CodeIgniter.php(354): CodeIgniter\CodeIgniter->handleRequest(null, Object(Config\Cache), false)
 7 SYSTEMPATH\Boot.php(334): CodeIgniter\CodeIgniter->run()
 8 SYSTEMPATH\Boot.php(67): CodeIgniter\Boot::runCodeIgniter(Object(CodeIgniter\CodeIgniter))
 9 FCPATH\index.php(59): CodeIgniter\Boot::bootWeb(Object(Config\Paths))
WARNING - 2025-12-05 00:24:36 --> [DEPRECATED] Passing lowercase HTTP method "post" is deprecated. Use uppercase HTTP method like "POST". in SYSTEMPATH\Router\RouteCollection.php on line 1026.
 1 SYSTEMPATH\Router\RouteCollection.php(1026): trigger_error('Passing lowercase HTTP method "post" is deprecated. Use uppercase HTTP method like "POST".', 16384)
 2 APPPATH\Config\Routes.php(101): CodeIgniter\Router\RouteCollection->match([...], 'sms/gateway', 'SmsController::gateway')
 3 SYSTEMPATH\Router\RouteCollection.php(339): require('D:\\xampp\\htdocs\\FloodGuard\\app\\Config\\Routes.php')
 4 SYSTEMPATH\CodeIgniter.php(821): CodeIgniter\Router\RouteCollection->loadRoutes()
 5 SYSTEMPATH\CodeIgniter.php(455): CodeIgniter\CodeIgniter->tryToRouteIt(null)
 6 SYSTEMPATH\CodeIgniter.php(354): CodeIgniter\CodeIgniter->handleRequest(null, Object(Config\Cache), false)
 7 SYSTEMPATH\Boot.php(334): CodeIgniter\CodeIgniter->run()
 8 SYSTEMPATH\Boot.php(67): CodeIgniter\Boot::runCodeIgniter(Object(CodeIgniter\CodeIgniter))
 9 FCPATH\index.php(59): CodeIgniter\Boot::bootWeb(Object(Config\Paths))
WARNING - 2025-12-05 02:05:37 --> [DEPRECATED] Passing lowercase HTTP method "get" is deprecated. Use uppercase HTTP method like "GET". in SYSTEMPATH\Router\RouteCollection.php on line 1026.
 1 SYSTEMPATH\Router\RouteCollection.php(1026): trigger_error('Passing lowercase HTTP method "get" is deprecated. Use uppercase HTTP method like "GET".', 16384)
 2 APPPATH\Config\Routes.php(101): CodeIgniter\Router\RouteCollection->match([...], 'sms/gateway', 'SmsController::gateway')
 3 SYSTEMPATH\Router\RouteCollection.php(339): require('D:\\xampp\\htdocs\\FloodGuard\\app\\Config\\Routes.php')
 4 SYSTEMPATH\CodeIgniter.php(821): CodeIgniter\Router\RouteCollection->loadRoutes()
 5 SYSTEMPATH\CodeIgniter.php(455): CodeIgniter\CodeIgniter->tryToRouteIt(null)
 6 SYSTEMPATH\CodeIgniter.php(354): CodeIgniter\CodeIgniter->handleRequest(null, Object(Config\Cache), false)
 7 SYSTEMPATH\Boot.php(334): CodeIgniter\CodeIgniter->run()
 8 SYSTEMPATH\Boot.php(67): CodeIgniter\Boot::runCodeIgniter(Object(CodeIgniter\CodeIgniter))
 9 FCPATH\index.php(59): CodeIgniter\Boot::bootWeb(Object(Config\Paths))
WARNING - 2025-12-05 02:05:37 --> [DEPRECATED] Passing lowercase HTTP method "post" is deprecated. Use uppercase HTTP method like "POST". in SYSTEMPATH\Router\RouteCollection.php on line 1026.
 1 SYSTEMPATH\Router\RouteCollection.php(1026): trigger_error('Passing lowercase HTTP method "post" is deprecated. Use uppercase HTTP method like "POST".', 16384)
 2 APPPATH\Config\Routes.php(101): CodeIgniter\Router\RouteCollection->match([...], 'sms/gateway', 'SmsController::gateway')
 3 SYSTEMPATH\Router\RouteCollection.php(339): require('D:\\xampp\\htdocs\\FloodGuard\\app\\Config\\Routes.php')
 4 SYSTEMPATH\CodeIgniter.php(821): CodeIgniter\Router\RouteCollection->loadRoutes()
 5 SYSTEMPATH\CodeIgniter.php(455): CodeIgniter\CodeIgniter->tryToRouteIt(null)
 6 SYSTEMPATH\CodeIgniter.php(354): CodeIgniter\CodeIgniter->handleRequest(null, Object(Config\Cache), false)
 7 SYSTEMPATH\Boot.php(334): CodeIgniter\CodeIgniter->run()
 8 SYSTEMPATH\Boot.php(67): CodeIgniter\Boot::runCodeIgniter(Object(CodeIgniter\CodeIgniter))
 9 FCPATH\index.php(59): CodeIgniter\Boot::bootWeb(Object(Config\Paths))
DEBUG - 2025-12-05 02:05:38 --> Session: Class initialized using 'CodeIgniter\Session\Handlers\FileHandler' driver.
WARNING - 2025-12-05 02:05:39 --> [DEPRECATED] Passing lowercase HTTP method "get" is deprecated. Use uppercase HTTP method like "GET". in SYSTEMPATH\Router\RouteCollection.php on line 1026.
 1 SYSTEMPATH\Router\RouteCollection.php(1026): trigger_error('Passing lowercase HTTP method "get" is deprecated. Use uppercase HTTP method like "GET".', 16384)
 2 APPPATH\Config\Routes.php(101): CodeIgniter\Router\RouteCollection->match([...], 'sms/gateway', 'SmsController::gateway')
 3 SYSTEMPATH\Router\RouteCollection.php(339): require('D:\\xampp\\htdocs\\FloodGuard\\app\\Config\\Routes.php')
 4 SYSTEMPATH\CodeIgniter.php(821): CodeIgniter\Router\RouteCollection->loadRoutes()
 5 SYSTEMPATH\CodeIgniter.php(455): CodeIgniter\CodeIgniter->tryToRouteIt(null)
 6 SYSTEMPATH\CodeIgniter.php(354): CodeIgniter\CodeIgniter->handleRequest(null, Object(Config\Cache), false)
 7 SYSTEMPATH\Boot.php(334): CodeIgniter\CodeIgniter->run()
 8 SYSTEMPATH\Boot.php(67): CodeIgniter\Boot::runCodeIgniter(Object(CodeIgniter\CodeIgniter))
 9 FCPATH\index.php(59): CodeIgniter\Boot::bootWeb(Object(Config\Paths))
WARNING - 2025-12-05 02:05:39 --> [DEPRECATED] Passing lowercase HTTP method "post" is deprecated. Use uppercase HTTP method like "POST". in SYSTEMPATH\Router\RouteCollection.php on line 1026.
 1 SYSTEMPATH\Router\RouteCollection.php(1026): trigger_error('Passing lowercase HTTP method "post" is deprecated. Use uppercase HTTP method like "POST".', 16384)
 2 APPPATH\Config\Routes.php(101): CodeIgniter\Router\RouteCollection->match([...], 'sms/gateway', 'SmsController::gateway')
 3 SYSTEMPATH\Router\RouteCollection.php(339): require('D:\\xampp\\htdocs\\FloodGuard\\app\\Config\\Routes.php')
 4 SYSTEMPATH\CodeIgniter.php(821): CodeIgniter\Router\RouteCollection->loadRoutes()
 5 SYSTEMPATH\CodeIgniter.php(455): CodeIgniter\CodeIgniter->tryToRouteIt(null)
 6 SYSTEMPATH\CodeIgniter.php(354): CodeIgniter\CodeIgniter->handleRequest(null, Object(Config\Cache), false)
 7 SYSTEMPATH\Boot.php(334): CodeIgniter\CodeIgniter->run()
 8 SYSTEMPATH\Boot.php(67): CodeIgniter\Boot::runCodeIgniter(Object(CodeIgniter\CodeIgniter))
 9 FCPATH\index.php(59): CodeIgniter\Boot::bootWeb(Object(Config\Paths))
WARNING - 2025-12-05 02:05:39 --> [DEPRECATED] Passing lowercase HTTP method "get" is deprecated. Use uppercase HTTP method like "GET". in SYSTEMPATH\Router\RouteCollection.php on line 1026.
 1 SYSTEMPATH\Router\RouteCollection.php(1026): trigger_error('Passing lowercase HTTP method "get" is deprecated. Use uppercase HTTP method like "GET".', 16384)
 2 APPPATH\Config\Routes.php(101): CodeIgniter\Router\RouteCollection->match([...], 'sms/gateway', 'SmsController::gateway')
 3 SYSTEMPATH\Router\RouteCollection.php(339): require('D:\\xampp\\htdocs\\FloodGuard\\app\\Config\\Routes.php')
 4 SYSTEMPATH\CodeIgniter.php(821): CodeIgniter\Router\RouteCollection->loadRoutes()
 5 SYSTEMPATH\CodeIgniter.php(455): CodeIgniter\CodeIgniter->tryToRouteIt(null)
 6 SYSTEMPATH\CodeIgniter.php(354): CodeIgniter\CodeIgniter->handleRequest(null, Object(Config\Cache), false)
 7 SYSTEMPATH\Boot.php(334): CodeIgniter\CodeIgniter->run()
 8 SYSTEMPATH\Boot.php(67): CodeIgniter\Boot::runCodeIgniter(Object(CodeIgniter\CodeIgniter))
 9 FCPATH\index.php(59): CodeIgniter\Boot::bootWeb(Object(Config\Paths))
WARNING - 2025-12-05 02:05:39 --> [DEPRECATED] Passing lowercase HTTP method "post" is deprecated. Use uppercase HTTP method like "POST". in SYSTEMPATH\Router\RouteCollection.php on line 1026.
 1 SYSTEMPATH\Router\RouteCollection.php(1026): trigger_error('Passing lowercase HTTP method "post" is deprecated. Use uppercase HTTP method like "POST".', 16384)
 2 APPPATH\Config\Routes.php(101): CodeIgniter\Router\RouteCollection->match([...], 'sms/gateway', 'SmsController::gateway')
 3 SYSTEMPATH\Router\RouteCollection.php(339): require('D:\\xampp\\htdocs\\FloodGuard\\app\\Config\\Routes.php')
 4 SYSTEMPATH\CodeIgniter.php(821): CodeIgniter\Router\RouteCollection->loadRoutes()
 5 SYSTEMPATH\CodeIgniter.php(455): CodeIgniter\CodeIgniter->tryToRouteIt(null)
 6 SYSTEMPATH\CodeIgniter.php(354): CodeIgniter\CodeIgniter->handleRequest(null, Object(Config\Cache), false)
 7 SYSTEMPATH\Boot.php(334): CodeIgniter\CodeIgniter->run()
 8 SYSTEMPATH\Boot.php(67): CodeIgniter\Boot::runCodeIgniter(Object(CodeIgniter\CodeIgniter))
 9 FCPATH\index.php(59): CodeIgniter\Boot::bootWeb(Object(Config\Paths))
DEBUG - 2025-12-05 02:05:39 --> Session: Class initialized using 'CodeIgniter\Session\Handlers\FileHandler' driver.
DEBUG - 2025-12-05 02:05:40 --> Session: Class initialized using 'CodeIgniter\Session\Handlers\FileHandler' driver.
WARNING - 2025-12-05 02:05:46 --> [DEPRECATED] Passing lowercase HTTP method "get" is deprecated. Use uppercase HTTP method like "GET". in SYSTEMPATH\Router\RouteCollection.php on line 1026.
 1 SYSTEMPATH\Router\RouteCollection.php(1026): trigger_error('Passing lowercase HTTP method "get" is deprecated. Use uppercase HTTP method like "GET".', 16384)
 2 APPPATH\Config\Routes.php(101): CodeIgniter\Router\RouteCollection->match([...], 'sms/gateway', 'SmsController::gateway')
 3 SYSTEMPATH\Router\RouteCollection.php(339): require('D:\\xampp\\htdocs\\FloodGuard\\app\\Config\\Routes.php')
 4 SYSTEMPATH\CodeIgniter.php(821): CodeIgniter\Router\RouteCollection->loadRoutes()
 5 SYSTEMPATH\CodeIgniter.php(455): CodeIgniter\CodeIgniter->tryToRouteIt(null)
 6 SYSTEMPATH\CodeIgniter.php(354): CodeIgniter\CodeIgniter->handleRequest(null, Object(Config\Cache), false)
 7 SYSTEMPATH\Boot.php(334): CodeIgniter\CodeIgniter->run()
 8 SYSTEMPATH\Boot.php(67): CodeIgniter\Boot::runCodeIgniter(Object(CodeIgniter\CodeIgniter))
 9 FCPATH\index.php(59): CodeIgniter\Boot::bootWeb(Object(Config\Paths))
WARNING - 2025-12-05 02:05:46 --> [DEPRECATED] Passing lowercase HTTP method "post" is deprecated. Use uppercase HTTP method like "POST". in SYSTEMPATH\Router\RouteCollection.php on line 1026.
 1 SYSTEMPATH\Router\RouteCollection.php(1026): trigger_error('Passing lowercase HTTP method "post" is deprecated. Use uppercase HTTP method like "POST".', 16384)
 2 APPPATH\Config\Routes.php(101): CodeIgniter\Router\RouteCollection->match([...], 'sms/gateway', 'SmsController::gateway')
 3 SYSTEMPATH\Router\RouteCollection.php(339): require('D:\\xampp\\htdocs\\FloodGuard\\app\\Config\\Routes.php')
 4 SYSTEMPATH\CodeIgniter.php(821): CodeIgniter\Router\RouteCollection->loadRoutes()
 5 SYSTEMPATH\CodeIgniter.php(455): CodeIgniter\CodeIgniter->tryToRouteIt(null)
 6 SYSTEMPATH\CodeIgniter.php(354): CodeIgniter\CodeIgniter->handleRequest(null, Object(Config\Cache), false)
 7 SYSTEMPATH\Boot.php(334): CodeIgniter\CodeIgniter->run()
 8 SYSTEMPATH\Boot.php(67): CodeIgniter\Boot::runCodeIgniter(Object(CodeIgniter\CodeIgniter))
 9 FCPATH\index.php(59): CodeIgniter\Boot::bootWeb(Object(Config\Paths))
WARNING - 2025-12-05 02:05:46 --> [DEPRECATED] Passing lowercase HTTP method "get" is deprecated. Use uppercase HTTP method like "GET". in SYSTEMPATH\Router\RouteCollection.php on line 1026.
 1 SYSTEMPATH\Router\RouteCollection.php(1026): trigger_error('Passing lowercase HTTP method "get" is deprecated. Use uppercase HTTP method like "GET".', 16384)
 2 APPPATH\Config\Routes.php(101): CodeIgniter\Router\RouteCollection->match([...], 'sms/gateway', 'SmsController::gateway')
 3 SYSTEMPATH\Router\RouteCollection.php(339): require('D:\\xampp\\htdocs\\FloodGuard\\app\\Config\\Routes.php')
 4 SYSTEMPATH\CodeIgniter.php(821): CodeIgniter\Router\RouteCollection->loadRoutes()
 5 SYSTEMPATH\CodeIgniter.php(455): CodeIgniter\CodeIgniter->tryToRouteIt(null)
 6 SYSTEMPATH\CodeIgniter.php(354): CodeIgniter\CodeIgniter->handleRequest(null, Object(Config\Cache), false)
 7 SYSTEMPATH\Boot.php(334): CodeIgniter\CodeIgniter->run()
 8 SYSTEMPATH\Boot.php(67): CodeIgniter\Boot::runCodeIgniter(Object(CodeIgniter\CodeIgniter))
 9 FCPATH\index.php(59): CodeIgniter\Boot::bootWeb(Object(Config\Paths))
WARNING - 2025-12-05 02:05:46 --> [DEPRECATED] Passing lowercase HTTP method "post" is deprecated. Use uppercase HTTP method like "POST". in SYSTEMPATH\Router\RouteCollection.php on line 1026.
 1 SYSTEMPATH\Router\RouteCollection.php(1026): trigger_error('Passing lowercase HTTP method "post" is deprecated. Use uppercase HTTP method like "POST".', 16384)
 2 APPPATH\Config\Routes.php(101): CodeIgniter\Router\RouteCollection->match([...], 'sms/gateway', 'SmsController::gateway')
 3 SYSTEMPATH\Router\RouteCollection.php(339): require('D:\\xampp\\htdocs\\FloodGuard\\app\\Config\\Routes.php')
 4 SYSTEMPATH\CodeIgniter.php(821): CodeIgniter\Router\RouteCollection->loadRoutes()
 5 SYSTEMPATH\CodeIgniter.php(455): CodeIgniter\CodeIgniter->tryToRouteIt(null)
 6 SYSTEMPATH\CodeIgniter.php(354): CodeIgniter\CodeIgniter->handleRequest(null, Object(Config\Cache), false)
 7 SYSTEMPATH\Boot.php(334): CodeIgniter\CodeIgniter->run()
 8 SYSTEMPATH\Boot.php(67): CodeIgniter\Boot::runCodeIgniter(Object(CodeIgniter\CodeIgniter))
 9 FCPATH\index.php(59): CodeIgniter\Boot::bootWeb(Object(Config\Paths))
WARNING - 2025-12-05 02:05:46 --> [DEPRECATED] Passing lowercase HTTP method "get" is deprecated. Use uppercase HTTP method like "GET". in SYSTEMPATH\Router\RouteCollection.php on line 1026.
 1 SYSTEMPATH\Router\RouteCollection.php(1026): trigger_error('Passing lowercase HTTP method "get" is deprecated. Use uppercase HTTP method like "GET".', 16384)
 2 APPPATH\Config\Routes.php(101): CodeIgniter\Router\RouteCollection->match([...], 'sms/gateway', 'SmsController::gateway')
 3 SYSTEMPATH\Router\RouteCollection.php(339): require('D:\\xampp\\htdocs\\FloodGuard\\app\\Config\\Routes.php')
 4 SYSTEMPATH\CodeIgniter.php(821): CodeIgniter\Router\RouteCollection->loadRoutes()
 5 SYSTEMPATH\CodeIgniter.php(455): CodeIgniter\CodeIgniter->tryToRouteIt(null)
 6 SYSTEMPATH\CodeIgniter.php(354): CodeIgniter\CodeIgniter->handleRequest(null, Object(Config\Cache), false)
 7 SYSTEMPATH\Boot.php(334): CodeIgniter\CodeIgniter->run()
 8 SYSTEMPATH\Boot.php(67): CodeIgniter\Boot::runCodeIgniter(Object(CodeIgniter\CodeIgniter))
 9 FCPATH\index.php(59): CodeIgniter\Boot::bootWeb(Object(Config\Paths))
DEBUG - 2025-12-05 02:05:46 --> Session: Class initialized using 'CodeIgniter\Session\Handlers\FileHandler' driver.
WARNING - 2025-12-05 02:05:46 --> [DEPRECATED] Passing lowercase HTTP method "post" is deprecated. Use uppercase HTTP method like "POST". in SYSTEMPATH\Router\RouteCollection.php on line 1026.
 1 SYSTEMPATH\Router\RouteCollection.php(1026): trigger_error('Passing lowercase HTTP method "post" is deprecated. Use uppercase HTTP method like "POST".', 16384)
 2 APPPATH\Config\Routes.php(101): CodeIgniter\Router\RouteCollection->match([...], 'sms/gateway', 'SmsController::gateway')
 3 SYSTEMPATH\Router\RouteCollection.php(339): require('D:\\xampp\\htdocs\\FloodGuard\\app\\Config\\Routes.php')
 4 SYSTEMPATH\CodeIgniter.php(821): CodeIgniter\Router\RouteCollection->loadRoutes()
 5 SYSTEMPATH\CodeIgniter.php(455): CodeIgniter\CodeIgniter->tryToRouteIt(null)
 6 SYSTEMPATH\CodeIgniter.php(354): CodeIgniter\CodeIgniter->handleRequest(null, Object(Config\Cache), false)
 7 SYSTEMPATH\Boot.php(334): CodeIgniter\CodeIgniter->run()
 8 SYSTEMPATH\Boot.php(67): CodeIgniter\Boot::runCodeIgniter(Object(CodeIgniter\CodeIgniter))
 9 FCPATH\index.php(59): CodeIgniter\Boot::bootWeb(Object(Config\Paths))
DEBUG - 2025-12-05 02:05:46 --> Session: Class initialized using 'CodeIgniter\Session\Handlers\FileHandler' driver.
DEBUG - 2025-12-05 02:05:46 --> Session: Class initialized using 'CodeIgniter\Session\Handlers\FileHandler' driver.
WARNING - 2025-12-05 02:05:49 --> [DEPRECATED] Passing lowercase HTTP method "get" is deprecated. Use uppercase HTTP method like "GET". in SYSTEMPATH\Router\RouteCollection.php on line 1026.
 1 SYSTEMPATH\Router\RouteCollection.php(1026): trigger_error('Passing lowercase HTTP method "get" is deprecated. Use uppercase HTTP method like "GET".', 16384)
 2 APPPATH\Config\Routes.php(101): CodeIgniter\Router\RouteCollection->match([...], 'sms/gateway', 'SmsController::gateway')
 3 SYSTEMPATH\Router\RouteCollection.php(339): require('D:\\xampp\\htdocs\\FloodGuard\\app\\Config\\Routes.php')
 4 SYSTEMPATH\CodeIgniter.php(821): CodeIgniter\Router\RouteCollection->loadRoutes()
 5 SYSTEMPATH\CodeIgniter.php(455): CodeIgniter\CodeIgniter->tryToRouteIt(null)
 6 SYSTEMPATH\CodeIgniter.php(354): CodeIgniter\CodeIgniter->handleRequest(null, Object(Config\Cache), false)
 7 SYSTEMPATH\Boot.php(334): CodeIgniter\CodeIgniter->run()
 8 SYSTEMPATH\Boot.php(67): CodeIgniter\Boot::runCodeIgniter(Object(CodeIgniter\CodeIgniter))
 9 FCPATH\index.php(59): CodeIgniter\Boot::bootWeb(Object(Config\Paths))
WARNING - 2025-12-05 02:05:49 --> [DEPRECATED] Passing lowercase HTTP method "post" is deprecated. Use uppercase HTTP method like "POST". in SYSTEMPATH\Router\RouteCollection.php on line 1026.
 1 SYSTEMPATH\Router\RouteCollection.php(1026): trigger_error('Passing lowercase HTTP method "post" is deprecated. Use uppercase HTTP method like "POST".', 16384)
 2 APPPATH\Config\Routes.php(101): CodeIgniter\Router\RouteCollection->match([...], 'sms/gateway', 'SmsController::gateway')
 3 SYSTEMPATH\Router\RouteCollection.php(339): require('D:\\xampp\\htdocs\\FloodGuard\\app\\Config\\Routes.php')
 4 SYSTEMPATH\CodeIgniter.php(821): CodeIgniter\Router\RouteCollection->loadRoutes()
 5 SYSTEMPATH\CodeIgniter.php(455): CodeIgniter\CodeIgniter->tryToRouteIt(null)
 6 SYSTEMPATH\CodeIgniter.php(354): CodeIgniter\CodeIgniter->handleRequest(null, Object(Config\Cache), false)
 7 SYSTEMPATH\Boot.php(334): CodeIgniter\CodeIgniter->run()
 8 SYSTEMPATH\Boot.php(67): CodeIgniter\Boot::runCodeIgniter(Object(CodeIgniter\CodeIgniter))
 9 FCPATH\index.php(59): CodeIgniter\Boot::bootWeb(Object(Config\Paths))
WARNING - 2025-12-05 02:06:06 --> [DEPRECATED] Passing lowercase HTTP method "get" is deprecated. Use uppercase HTTP method like "GET". in SYSTEMPATH\Router\RouteCollection.php on line 1026.
 1 SYSTEMPATH\Router\RouteCollection.php(1026): trigger_error('Passing lowercase HTTP method "get" is deprecated. Use uppercase HTTP method like "GET".', 16384)
 2 APPPATH\Config\Routes.php(101): CodeIgniter\Router\RouteCollection->match([...], 'sms/gateway', 'SmsController::gateway')
 3 SYSTEMPATH\Router\RouteCollection.php(339): require('D:\\xampp\\htdocs\\FloodGuard\\app\\Config\\Routes.php')
 4 SYSTEMPATH\CodeIgniter.php(821): CodeIgniter\Router\RouteCollection->loadRoutes()
 5 SYSTEMPATH\CodeIgniter.php(455): CodeIgniter\CodeIgniter->tryToRouteIt(null)
 6 SYSTEMPATH\CodeIgniter.php(354): CodeIgniter\CodeIgniter->handleRequest(null, Object(Config\Cache), false)
 7 SYSTEMPATH\Boot.php(334): CodeIgniter\CodeIgniter->run()
 8 SYSTEMPATH\Boot.php(67): CodeIgniter\Boot::runCodeIgniter(Object(CodeIgniter\CodeIgniter))
 9 FCPATH\index.php(59): CodeIgniter\Boot::bootWeb(Object(Config\Paths))
WARNING - 2025-12-05 02:06:06 --> [DEPRECATED] Passing lowercase HTTP method "post" is deprecated. Use uppercase HTTP method like "POST". in SYSTEMPATH\Router\RouteCollection.php on line 1026.
 1 SYSTEMPATH\Router\RouteCollection.php(1026): trigger_error('Passing lowercase HTTP method "post" is deprecated. Use uppercase HTTP method like "POST".', 16384)
 2 APPPATH\Config\Routes.php(101): CodeIgniter\Router\RouteCollection->match([...], 'sms/gateway', 'SmsController::gateway')
 3 SYSTEMPATH\Router\RouteCollection.php(339): require('D:\\xampp\\htdocs\\FloodGuard\\app\\Config\\Routes.php')
 4 SYSTEMPATH\CodeIgniter.php(821): CodeIgniter\Router\RouteCollection->loadRoutes()
 5 SYSTEMPATH\CodeIgniter.php(455): CodeIgniter\CodeIgniter->tryToRouteIt(null)
 6 SYSTEMPATH\CodeIgniter.php(354): CodeIgniter\CodeIgniter->handleRequest(null, Object(Config\Cache), false)
 7 SYSTEMPATH\Boot.php(334): CodeIgniter\CodeIgniter->run()
 8 SYSTEMPATH\Boot.php(67): CodeIgniter\Boot::runCodeIgniter(Object(CodeIgniter\CodeIgniter))
 9 FCPATH\index.php(59): CodeIgniter\Boot::bootWeb(Object(Config\Paths))
WARNING - 2025-12-05 02:19:04 --> [DEPRECATED] Passing lowercase HTTP method "get" is deprecated. Use uppercase HTTP method like "GET". in SYSTEMPATH\Router\RouteCollection.php on line 1026.
 1 SYSTEMPATH\Router\RouteCollection.php(1026): trigger_error('Passing lowercase HTTP method "get" is deprecated. Use uppercase HTTP method like "GET".', 16384)
 2 APPPATH\Config\Routes.php(101): CodeIgniter\Router\RouteCollection->match([...], 'sms/gateway', 'SmsController::gateway')
 3 SYSTEMPATH\Router\RouteCollection.php(339): require('D:\\xampp\\htdocs\\FloodGuard\\app\\Config\\Routes.php')
 4 SYSTEMPATH\CodeIgniter.php(821): CodeIgniter\Router\RouteCollection->loadRoutes()
 5 SYSTEMPATH\CodeIgniter.php(455): CodeIgniter\CodeIgniter->tryToRouteIt(null)
 6 SYSTEMPATH\CodeIgniter.php(354): CodeIgniter\CodeIgniter->handleRequest(null, Object(Config\Cache), false)
 7 SYSTEMPATH\Boot.php(334): CodeIgniter\CodeIgniter->run()
 8 SYSTEMPATH\Boot.php(67): CodeIgniter\Boot::runCodeIgniter(Object(CodeIgniter\CodeIgniter))
 9 FCPATH\index.php(59): CodeIgniter\Boot::bootWeb(Object(Config\Paths))
WARNING - 2025-12-05 02:19:04 --> [DEPRECATED] Passing lowercase HTTP method "post" is deprecated. Use uppercase HTTP method like "POST". in SYSTEMPATH\Router\RouteCollection.php on line 1026.
 1 SYSTEMPATH\Router\RouteCollection.php(1026): trigger_error('Passing lowercase HTTP method "post" is deprecated. Use uppercase HTTP method like "POST".', 16384)
 2 APPPATH\Config\Routes.php(101): CodeIgniter\Router\RouteCollection->match([...], 'sms/gateway', 'SmsController::gateway')
 3 SYSTEMPATH\Router\RouteCollection.php(339): require('D:\\xampp\\htdocs\\FloodGuard\\app\\Config\\Routes.php')
 4 SYSTEMPATH\CodeIgniter.php(821): CodeIgniter\Router\RouteCollection->loadRoutes()
 5 SYSTEMPATH\CodeIgniter.php(455): CodeIgniter\CodeIgniter->tryToRouteIt(null)
 6 SYSTEMPATH\CodeIgniter.php(354): CodeIgniter\CodeIgniter->handleRequest(null, Object(Config\Cache), false)
 7 SYSTEMPATH\Boot.php(334): CodeIgniter\CodeIgniter->run()
 8 SYSTEMPATH\Boot.php(67): CodeIgniter\Boot::runCodeIgniter(Object(CodeIgniter\CodeIgniter))
 9 FCPATH\index.php(59): CodeIgniter\Boot::bootWeb(Object(Config\Paths))
DEBUG - 2025-12-05 02:19:04 --> Session: Class initialized using 'CodeIgniter\Session\Handlers\FileHandler' driver.
WARNING - 2025-12-05 02:19:05 --> [DEPRECATED] Passing lowercase HTTP method "get" is deprecated. Use uppercase HTTP method like "GET". in SYSTEMPATH\Router\RouteCollection.php on line 1026.
 1 SYSTEMPATH\Router\RouteCollection.php(1026): trigger_error('Passing lowercase HTTP method "get" is deprecated. Use uppercase HTTP method like "GET".', 16384)
 2 APPPATH\Config\Routes.php(101): CodeIgniter\Router\RouteCollection->match([...], 'sms/gateway', 'SmsController::gateway')
 3 SYSTEMPATH\Router\RouteCollection.php(339): require('D:\\xampp\\htdocs\\FloodGuard\\app\\Config\\Routes.php')
 4 SYSTEMPATH\CodeIgniter.php(821): CodeIgniter\Router\RouteCollection->loadRoutes()
 5 SYSTEMPATH\CodeIgniter.php(455): CodeIgniter\CodeIgniter->tryToRouteIt(null)
 6 SYSTEMPATH\CodeIgniter.php(354): CodeIgniter\CodeIgniter->handleRequest(null, Object(Config\Cache), false)
 7 SYSTEMPATH\Boot.php(334): CodeIgniter\CodeIgniter->run()
 8 SYSTEMPATH\Boot.php(67): CodeIgniter\Boot::runCodeIgniter(Object(CodeIgniter\CodeIgniter))
 9 FCPATH\index.php(59): CodeIgniter\Boot::bootWeb(Object(Config\Paths))
WARNING - 2025-12-05 02:19:05 --> [DEPRECATED] Passing lowercase HTTP method "post" is deprecated. Use uppercase HTTP method like "POST". in SYSTEMPATH\Router\RouteCollection.php on line 1026.
 1 SYSTEMPATH\Router\RouteCollection.php(1026): trigger_error('Passing lowercase HTTP method "post" is deprecated. Use uppercase HTTP method like "POST".', 16384)
 2 APPPATH\Config\Routes.php(101): CodeIgniter\Router\RouteCollection->match([...], 'sms/gateway', 'SmsController::gateway')
 3 SYSTEMPATH\Router\RouteCollection.php(339): require('D:\\xampp\\htdocs\\FloodGuard\\app\\Config\\Routes.php')
 4 SYSTEMPATH\CodeIgniter.php(821): CodeIgniter\Router\RouteCollection->loadRoutes()
 5 SYSTEMPATH\CodeIgniter.php(455): CodeIgniter\CodeIgniter->tryToRouteIt(null)
 6 SYSTEMPATH\CodeIgniter.php(354): CodeIgniter\CodeIgniter->handleRequest(null, Object(Config\Cache), false)
 7 SYSTEMPATH\Boot.php(334): CodeIgniter\CodeIgniter->run()
 8 SYSTEMPATH\Boot.php(67): CodeIgniter\Boot::runCodeIgniter(Object(CodeIgniter\CodeIgniter))
 9 FCPATH\index.php(59): CodeIgniter\Boot::bootWeb(Object(Config\Paths))
WARNING - 2025-12-05 02:19:07 --> [DEPRECATED] Passing lowercase HTTP method "get" is deprecated. Use uppercase HTTP method like "GET". in SYSTEMPATH\Router\RouteCollection.php on line 1026.
 1 SYSTEMPATH\Router\RouteCollection.php(1026): trigger_error('Passing lowercase HTTP method "get" is deprecated. Use uppercase HTTP method like "GET".', 16384)
 2 APPPATH\Config\Routes.php(101): CodeIgniter\Router\RouteCollection->match([...], 'sms/gateway', 'SmsController::gateway')
 3 SYSTEMPATH\Router\RouteCollection.php(339): require('D:\\xampp\\htdocs\\FloodGuard\\app\\Config\\Routes.php')
 4 SYSTEMPATH\CodeIgniter.php(821): CodeIgniter\Router\RouteCollection->loadRoutes()
 5 SYSTEMPATH\CodeIgniter.php(455): CodeIgniter\CodeIgniter->tryToRouteIt(null)
 6 SYSTEMPATH\CodeIgniter.php(354): CodeIgniter\CodeIgniter->handleRequest(null, Object(Config\Cache), false)
 7 SYSTEMPATH\Boot.php(334): CodeIgniter\CodeIgniter->run()
 8 SYSTEMPATH\Boot.php(67): CodeIgniter\Boot::runCodeIgniter(Object(CodeIgniter\CodeIgniter))
 9 FCPATH\index.php(59): CodeIgniter\Boot::bootWeb(Object(Config\Paths))
WARNING - 2025-12-05 02:19:07 --> [DEPRECATED] Passing lowercase HTTP method "post" is deprecated. Use uppercase HTTP method like "POST". in SYSTEMPATH\Router\RouteCollection.php on line 1026.
 1 SYSTEMPATH\Router\RouteCollection.php(1026): trigger_error('Passing lowercase HTTP method "post" is deprecated. Use uppercase HTTP method like "POST".', 16384)
 2 APPPATH\Config\Routes.php(101): CodeIgniter\Router\RouteCollection->match([...], 'sms/gateway', 'SmsController::gateway')
 3 SYSTEMPATH\Router\RouteCollection.php(339): require('D:\\xampp\\htdocs\\FloodGuard\\app\\Config\\Routes.php')
 4 SYSTEMPATH\CodeIgniter.php(821): CodeIgniter\Router\RouteCollection->loadRoutes()
 5 SYSTEMPATH\CodeIgniter.php(455): CodeIgniter\CodeIgniter->tryToRouteIt(null)
 6 SYSTEMPATH\CodeIgniter.php(354): CodeIgniter\CodeIgniter->handleRequest(null, Object(Config\Cache), false)
 7 SYSTEMPATH\Boot.php(334): CodeIgniter\CodeIgniter->run()
 8 SYSTEMPATH\Boot.php(67): CodeIgniter\Boot::runCodeIgniter(Object(CodeIgniter\CodeIgniter))
 9 FCPATH\index.php(59): CodeIgniter\Boot::bootWeb(Object(Config\Paths))
DEBUG - 2025-12-05 02:19:07 --> Session: Class initialized using 'CodeIgniter\Session\Handlers\FileHandler' driver.
WARNING - 2025-12-05 02:19:07 --> [DEPRECATED] Passing lowercase HTTP method "get" is deprecated. Use uppercase HTTP method like "GET". in SYSTEMPATH\Router\RouteCollection.php on line 1026.
 1 SYSTEMPATH\Router\RouteCollection.php(1026): trigger_error('Passing lowercase HTTP method "get" is deprecated. Use uppercase HTTP method like "GET".', 16384)
 2 APPPATH\Config\Routes.php(101): CodeIgniter\Router\RouteCollection->match([...], 'sms/gateway', 'SmsController::gateway')
 3 SYSTEMPATH\Router\RouteCollection.php(339): require('D:\\xampp\\htdocs\\FloodGuard\\app\\Config\\Routes.php')
 4 SYSTEMPATH\CodeIgniter.php(821): CodeIgniter\Router\RouteCollection->loadRoutes()
 5 SYSTEMPATH\CodeIgniter.php(455): CodeIgniter\CodeIgniter->tryToRouteIt(null)
 6 SYSTEMPATH\CodeIgniter.php(354): CodeIgniter\CodeIgniter->handleRequest(null, Object(Config\Cache), false)
 7 SYSTEMPATH\Boot.php(334): CodeIgniter\CodeIgniter->run()
 8 SYSTEMPATH\Boot.php(67): CodeIgniter\Boot::runCodeIgniter(Object(CodeIgniter\CodeIgniter))
 9 FCPATH\index.php(59): CodeIgniter\Boot::bootWeb(Object(Config\Paths))
WARNING - 2025-12-05 02:19:07 --> [DEPRECATED] Passing lowercase HTTP method "post" is deprecated. Use uppercase HTTP method like "POST". in SYSTEMPATH\Router\RouteCollection.php on line 1026.
 1 SYSTEMPATH\Router\RouteCollection.php(1026): trigger_error('Passing lowercase HTTP method "post" is deprecated. Use uppercase HTTP method like "POST".', 16384)
 2 APPPATH\Config\Routes.php(101): CodeIgniter\Router\RouteCollection->match([...], 'sms/gateway', 'SmsController::gateway')
 3 SYSTEMPATH\Router\RouteCollection.php(339): require('D:\\xampp\\htdocs\\FloodGuard\\app\\Config\\Routes.php')
 4 SYSTEMPATH\CodeIgniter.php(821): CodeIgniter\Router\RouteCollection->loadRoutes()
 5 SYSTEMPATH\CodeIgniter.php(455): CodeIgniter\CodeIgniter->tryToRouteIt(null)
 6 SYSTEMPATH\CodeIgniter.php(354): CodeIgniter\CodeIgniter->handleRequest(null, Object(Config\Cache), false)
 7 SYSTEMPATH\Boot.php(334): CodeIgniter\CodeIgniter->run()
 8 SYSTEMPATH\Boot.php(67): CodeIgniter\Boot::runCodeIgniter(Object(CodeIgniter\CodeIgniter))
 9 FCPATH\index.php(59): CodeIgniter\Boot::bootWeb(Object(Config\Paths))
WARNING - 2025-12-05 02:20:00 --> [DEPRECATED] Passing lowercase HTTP method "get" is deprecated. Use uppercase HTTP method like "GET". in SYSTEMPATH\Router\RouteCollection.php on line 1026.
 1 SYSTEMPATH\Router\RouteCollection.php(1026): trigger_error('Passing lowercase HTTP method "get" is deprecated. Use uppercase HTTP method like "GET".', 16384)
 2 APPPATH\Config\Routes.php(101): CodeIgniter\Router\RouteCollection->match([...], 'sms/gateway', 'SmsController::gateway')
 3 SYSTEMPATH\Router\RouteCollection.php(339): require('D:\\xampp\\htdocs\\FloodGuard\\app\\Config\\Routes.php')
 4 SYSTEMPATH\CodeIgniter.php(821): CodeIgniter\Router\RouteCollection->loadRoutes()
 5 SYSTEMPATH\CodeIgniter.php(455): CodeIgniter\CodeIgniter->tryToRouteIt(null)
 6 SYSTEMPATH\CodeIgniter.php(354): CodeIgniter\CodeIgniter->handleRequest(null, Object(Config\Cache), false)
 7 SYSTEMPATH\Boot.php(334): CodeIgniter\CodeIgniter->run()
 8 SYSTEMPATH\Boot.php(67): CodeIgniter\Boot::runCodeIgniter(Object(CodeIgniter\CodeIgniter))
 9 FCPATH\index.php(59): CodeIgniter\Boot::bootWeb(Object(Config\Paths))
WARNING - 2025-12-05 02:20:00 --> [DEPRECATED] Passing lowercase HTTP method "post" is deprecated. Use uppercase HTTP method like "POST". in SYSTEMPATH\Router\RouteCollection.php on line 1026.
 1 SYSTEMPATH\Router\RouteCollection.php(1026): trigger_error('Passing lowercase HTTP method "post" is deprecated. Use uppercase HTTP method like "POST".', 16384)
 2 APPPATH\Config\Routes.php(101): CodeIgniter\Router\RouteCollection->match([...], 'sms/gateway', 'SmsController::gateway')
 3 SYSTEMPATH\Router\RouteCollection.php(339): require('D:\\xampp\\htdocs\\FloodGuard\\app\\Config\\Routes.php')
 4 SYSTEMPATH\CodeIgniter.php(821): CodeIgniter\Router\RouteCollection->loadRoutes()
 5 SYSTEMPATH\CodeIgniter.php(455): CodeIgniter\CodeIgniter->tryToRouteIt(null)
 6 SYSTEMPATH\CodeIgniter.php(354): CodeIgniter\CodeIgniter->handleRequest(null, Object(Config\Cache), false)
 7 SYSTEMPATH\Boot.php(334): CodeIgniter\CodeIgniter->run()
 8 SYSTEMPATH\Boot.php(67): CodeIgniter\Boot::runCodeIgniter(Object(CodeIgniter\CodeIgniter))
 9 FCPATH\index.php(59): CodeIgniter\Boot::bootWeb(Object(Config\Paths))
WARNING - 2025-12-05 02:49:15 --> [DEPRECATED] Passing lowercase HTTP method "get" is deprecated. Use uppercase HTTP method like "GET". in SYSTEMPATH\Router\RouteCollection.php on line 1026.
 1 SYSTEMPATH\Router\RouteCollection.php(1026): trigger_error('Passing lowercase HTTP method "get" is deprecated. Use uppercase HTTP method like "GET".', 16384)
 2 APPPATH\Config\Routes.php(101): CodeIgniter\Router\RouteCollection->match([...], 'sms/gateway', 'SmsController::gateway')
 3 SYSTEMPATH\Router\RouteCollection.php(339): require('D:\\xampp\\htdocs\\FloodGuard\\app\\Config\\Routes.php')
 4 SYSTEMPATH\CodeIgniter.php(821): CodeIgniter\Router\RouteCollection->loadRoutes()
 5 SYSTEMPATH\CodeIgniter.php(455): CodeIgniter\CodeIgniter->tryToRouteIt(null)
 6 SYSTEMPATH\CodeIgniter.php(354): CodeIgniter\CodeIgniter->handleRequest(null, Object(Config\Cache), false)
 7 SYSTEMPATH\Boot.php(334): CodeIgniter\CodeIgniter->run()
 8 SYSTEMPATH\Boot.php(67): CodeIgniter\Boot::runCodeIgniter(Object(CodeIgniter\CodeIgniter))
 9 FCPATH\index.php(59): CodeIgniter\Boot::bootWeb(Object(Config\Paths))
WARNING - 2025-12-05 02:49:15 --> [DEPRECATED] Passing lowercase HTTP method "get" is deprecated. Use uppercase HTTP method like "GET". in SYSTEMPATH\Router\RouteCollection.php on line 1026.
 1 SYSTEMPATH\Router\RouteCollection.php(1026): trigger_error('Passing lowercase HTTP method "get" is deprecated. Use uppercase HTTP method like "GET".', 16384)
 2 APPPATH\Config\Routes.php(101): CodeIgniter\Router\RouteCollection->match([...], 'sms/gateway', 'SmsController::gateway')
 3 SYSTEMPATH\Router\RouteCollection.php(339): require('D:\\xampp\\htdocs\\FloodGuard\\app\\Config\\Routes.php')
 4 SYSTEMPATH\CodeIgniter.php(821): CodeIgniter\Router\RouteCollection->loadRoutes()
 5 SYSTEMPATH\CodeIgniter.php(455): CodeIgniter\CodeIgniter->tryToRouteIt(null)
 6 SYSTEMPATH\CodeIgniter.php(354): CodeIgniter\CodeIgniter->handleRequest(null, Object(Config\Cache), false)
 7 SYSTEMPATH\Boot.php(334): CodeIgniter\CodeIgniter->run()
 8 SYSTEMPATH\Boot.php(67): CodeIgniter\Boot::runCodeIgniter(Object(CodeIgniter\CodeIgniter))
 9 FCPATH\index.php(59): CodeIgniter\Boot::bootWeb(Object(Config\Paths))
WARNING - 2025-12-05 02:49:15 --> [DEPRECATED] Passing lowercase HTTP method "post" is deprecated. Use uppercase HTTP method like "POST". in SYSTEMPATH\Router\RouteCollection.php on line 1026.
 1 SYSTEMPATH\Router\RouteCollection.php(1026): trigger_error('Passing lowercase HTTP method "post" is deprecated. Use uppercase HTTP method like "POST".', 16384)
 2 APPPATH\Config\Routes.php(101): CodeIgniter\Router\RouteCollection->match([...], 'sms/gateway', 'SmsController::gateway')
 3 SYSTEMPATH\Router\RouteCollection.php(339): require('D:\\xampp\\htdocs\\FloodGuard\\app\\Config\\Routes.php')
 4 SYSTEMPATH\CodeIgniter.php(821): CodeIgniter\Router\RouteCollection->loadRoutes()
 5 SYSTEMPATH\CodeIgniter.php(455): CodeIgniter\CodeIgniter->tryToRouteIt(null)
 6 SYSTEMPATH\CodeIgniter.php(354): CodeIgniter\CodeIgniter->handleRequest(null, Object(Config\Cache), false)
 7 SYSTEMPATH\Boot.php(334): CodeIgniter\CodeIgniter->run()
 8 SYSTEMPATH\Boot.php(67): CodeIgniter\Boot::runCodeIgniter(Object(CodeIgniter\CodeIgniter))
 9 FCPATH\index.php(59): CodeIgniter\Boot::bootWeb(Object(Config\Paths))
WARNING - 2025-12-05 02:49:15 --> [DEPRECATED] Passing lowercase HTTP method "post" is deprecated. Use uppercase HTTP method like "POST". in SYSTEMPATH\Router\RouteCollection.php on line 1026.
 1 SYSTEMPATH\Router\RouteCollection.php(1026): trigger_error('Passing lowercase HTTP method "post" is deprecated. Use uppercase HTTP method like "POST".', 16384)
 2 APPPATH\Config\Routes.php(101): CodeIgniter\Router\RouteCollection->match([...], 'sms/gateway', 'SmsController::gateway')
 3 SYSTEMPATH\Router\RouteCollection.php(339): require('D:\\xampp\\htdocs\\FloodGuard\\app\\Config\\Routes.php')
 4 SYSTEMPATH\CodeIgniter.php(821): CodeIgniter\Router\RouteCollection->loadRoutes()
 5 SYSTEMPATH\CodeIgniter.php(455): CodeIgniter\CodeIgniter->tryToRouteIt(null)
 6 SYSTEMPATH\CodeIgniter.php(354): CodeIgniter\CodeIgniter->handleRequest(null, Object(Config\Cache), false)
 7 SYSTEMPATH\Boot.php(334): CodeIgniter\CodeIgniter->run()
 8 SYSTEMPATH\Boot.php(67): CodeIgniter\Boot::runCodeIgniter(Object(CodeIgniter\CodeIgniter))
 9 FCPATH\index.php(59): CodeIgniter\Boot::bootWeb(Object(Config\Paths))
DEBUG - 2025-12-05 02:49:16 --> Session: Class initialized using 'CodeIgniter\Session\Handlers\FileHandler' driver.
DEBUG - 2025-12-05 02:49:16 --> Session: Class initialized using 'CodeIgniter\Session\Handlers\FileHandler' driver.
WARNING - 2025-12-05 02:49:19 --> [DEPRECATED] Passing lowercase HTTP method "get" is deprecated. Use uppercase HTTP method like "GET". in SYSTEMPATH\Router\RouteCollection.php on line 1026.
 1 SYSTEMPATH\Router\RouteCollection.php(1026): trigger_error('Passing lowercase HTTP method "get" is deprecated. Use uppercase HTTP method like "GET".', 16384)
 2 APPPATH\Config\Routes.php(101): CodeIgniter\Router\RouteCollection->match([...], 'sms/gateway', 'SmsController::gateway')
 3 SYSTEMPATH\Router\RouteCollection.php(339): require('D:\\xampp\\htdocs\\FloodGuard\\app\\Config\\Routes.php')
 4 SYSTEMPATH\CodeIgniter.php(821): CodeIgniter\Router\RouteCollection->loadRoutes()
 5 SYSTEMPATH\CodeIgniter.php(455): CodeIgniter\CodeIgniter->tryToRouteIt(null)
 6 SYSTEMPATH\CodeIgniter.php(354): CodeIgniter\CodeIgniter->handleRequest(null, Object(Config\Cache), false)
 7 SYSTEMPATH\Boot.php(334): CodeIgniter\CodeIgniter->run()
 8 SYSTEMPATH\Boot.php(67): CodeIgniter\Boot::runCodeIgniter(Object(CodeIgniter\CodeIgniter))
 9 FCPATH\index.php(59): CodeIgniter\Boot::bootWeb(Object(Config\Paths))
WARNING - 2025-12-05 02:49:19 --> [DEPRECATED] Passing lowercase HTTP method "post" is deprecated. Use uppercase HTTP method like "POST". in SYSTEMPATH\Router\RouteCollection.php on line 1026.
 1 SYSTEMPATH\Router\RouteCollection.php(1026): trigger_error('Passing lowercase HTTP method "post" is deprecated. Use uppercase HTTP method like "POST".', 16384)
 2 APPPATH\Config\Routes.php(101): CodeIgniter\Router\RouteCollection->match([...], 'sms/gateway', 'SmsController::gateway')
 3 SYSTEMPATH\Router\RouteCollection.php(339): require('D:\\xampp\\htdocs\\FloodGuard\\app\\Config\\Routes.php')
 4 SYSTEMPATH\CodeIgniter.php(821): CodeIgniter\Router\RouteCollection->loadRoutes()
 5 SYSTEMPATH\CodeIgniter.php(455): CodeIgniter\CodeIgniter->tryToRouteIt(null)
 6 SYSTEMPATH\CodeIgniter.php(354): CodeIgniter\CodeIgniter->handleRequest(null, Object(Config\Cache), false)
 7 SYSTEMPATH\Boot.php(334): CodeIgniter\CodeIgniter->run()
 8 SYSTEMPATH\Boot.php(67): CodeIgniter\Boot::runCodeIgniter(Object(CodeIgniter\CodeIgniter))
 9 FCPATH\index.php(59): CodeIgniter\Boot::bootWeb(Object(Config\Paths))
WARNING - 2025-12-05 02:49:20 --> [DEPRECATED] Passing lowercase HTTP method "get" is deprecated. Use uppercase HTTP method like "GET". in SYSTEMPATH\Router\RouteCollection.php on line 1026.
 1 SYSTEMPATH\Router\RouteCollection.php(1026): trigger_error('Passing lowercase HTTP method "get" is deprecated. Use uppercase HTTP method like "GET".', 16384)
 2 APPPATH\Config\Routes.php(101): CodeIgniter\Router\RouteCollection->match([...], 'sms/gateway', 'SmsController::gateway')
 3 SYSTEMPATH\Router\RouteCollection.php(339): require('D:\\xampp\\htdocs\\FloodGuard\\app\\Config\\Routes.php')
 4 SYSTEMPATH\CodeIgniter.php(821): CodeIgniter\Router\RouteCollection->loadRoutes()
 5 SYSTEMPATH\CodeIgniter.php(455): CodeIgniter\CodeIgniter->tryToRouteIt(null)
 6 SYSTEMPATH\CodeIgniter.php(354): CodeIgniter\CodeIgniter->handleRequest(null, Object(Config\Cache), false)
 7 SYSTEMPATH\Boot.php(334): CodeIgniter\CodeIgniter->run()
 8 SYSTEMPATH\Boot.php(67): CodeIgniter\Boot::runCodeIgniter(Object(CodeIgniter\CodeIgniter))
 9 FCPATH\index.php(59): CodeIgniter\Boot::bootWeb(Object(Config\Paths))
WARNING - 2025-12-05 02:49:20 --> [DEPRECATED] Passing lowercase HTTP method "post" is deprecated. Use uppercase HTTP method like "POST". in SYSTEMPATH\Router\RouteCollection.php on line 1026.
 1 SYSTEMPATH\Router\RouteCollection.php(1026): trigger_error('Passing lowercase HTTP method "post" is deprecated. Use uppercase HTTP method like "POST".', 16384)
 2 APPPATH\Config\Routes.php(101): CodeIgniter\Router\RouteCollection->match([...], 'sms/gateway', 'SmsController::gateway')
 3 SYSTEMPATH\Router\RouteCollection.php(339): require('D:\\xampp\\htdocs\\FloodGuard\\app\\Config\\Routes.php')
 4 SYSTEMPATH\CodeIgniter.php(821): CodeIgniter\Router\RouteCollection->loadRoutes()
 5 SYSTEMPATH\CodeIgniter.php(455): CodeIgniter\CodeIgniter->tryToRouteIt(null)
 6 SYSTEMPATH\CodeIgniter.php(354): CodeIgniter\CodeIgniter->handleRequest(null, Object(Config\Cache), false)
 7 SYSTEMPATH\Boot.php(334): CodeIgniter\CodeIgniter->run()
 8 SYSTEMPATH\Boot.php(67): CodeIgniter\Boot::runCodeIgniter(Object(CodeIgniter\CodeIgniter))
 9 FCPATH\index.php(59): CodeIgniter\Boot::bootWeb(Object(Config\Paths))
CRITICAL - 2025-12-05 02:49:20 --> ErrorException: unlink(D:\xampp\htdocs\FloodGuard\writable\debugbar/debugbar_1764884721.887664.json): No such file or directory
[Method: GET, Route: /]
in SYSTEMPATH\Debug\Toolbar\Collectors\History.php on line 82.
 1 [internal function]: CodeIgniter\Debug\Exceptions->errorHandler(2, 'unlink(D:\\xampp\\htdocs\\FloodGuard\\writable\\debugbar/debugbar_1764884721.887664.json): No such file or directory', 'D:\\xampp\\htdocs\\FloodGuard\\system\\Debug\\Toolbar\\Collectors\\History.php', 82)
 2 SYSTEMPATH\Debug\Toolbar\Collectors\History.php(82): unlink('D:\\xampp\\htdocs\\FloodGuard\\writable\\debugbar/debugbar_1764884721.887664.json')
 3 SYSTEMPATH\Debug\Toolbar.php(517): CodeIgniter\Debug\Toolbar\Collectors\History->setFiles('1764902957.045395', 20)
 4 SYSTEMPATH\Debug\Toolbar.php(496): CodeIgniter\Debug\Toolbar->format([...], 'html')
 5 APPPATH\Config\Events.php(47): CodeIgniter\Debug\Toolbar->respond()
 6 SYSTEMPATH\Events\Events.php(155): CodeIgniter\Events\Events::Config\{closure}()
 7 SYSTEMPATH\CodeIgniter.php(339): CodeIgniter\Events\Events::trigger('pre_system')
 8 SYSTEMPATH\Boot.php(334): CodeIgniter\CodeIgniter->run()
 9 SYSTEMPATH\Boot.php(67): CodeIgniter\Boot::runCodeIgniter(Object(CodeIgniter\CodeIgniter))
10 FCPATH\index.php(59): CodeIgniter\Boot::bootWeb(Object(Config\Paths))
WARNING - 2025-12-05 03:05:02 --> [DEPRECATED] Passing lowercase HTTP method "get" is deprecated. Use uppercase HTTP method like "GET". in SYSTEMPATH\Router\RouteCollection.php on line 1026.
 1 SYSTEMPATH\Router\RouteCollection.php(1026): trigger_error('Passing lowercase HTTP method "get" is deprecated. Use uppercase HTTP method like "GET".', 16384)
 2 APPPATH\Config\Routes.php(101): CodeIgniter\Router\RouteCollection->match([...], 'sms/gateway', 'SmsController::gateway')
 3 SYSTEMPATH\Router\RouteCollection.php(339): require('D:\\xampp\\htdocs\\FloodGuard\\app\\Config\\Routes.php')
 4 SYSTEMPATH\CodeIgniter.php(821): CodeIgniter\Router\RouteCollection->loadRoutes()
 5 SYSTEMPATH\CodeIgniter.php(455): CodeIgniter\CodeIgniter->tryToRouteIt(null)
 6 SYSTEMPATH\CodeIgniter.php(354): CodeIgniter\CodeIgniter->handleRequest(null, Object(Config\Cache), false)
 7 SYSTEMPATH\Boot.php(334): CodeIgniter\CodeIgniter->run()
 8 SYSTEMPATH\Boot.php(67): CodeIgniter\Boot::runCodeIgniter(Object(CodeIgniter\CodeIgniter))
 9 FCPATH\index.php(59): CodeIgniter\Boot::bootWeb(Object(Config\Paths))
WARNING - 2025-12-05 03:05:02 --> [DEPRECATED] Passing lowercase HTTP method "post" is deprecated. Use uppercase HTTP method like "POST". in SYSTEMPATH\Router\RouteCollection.php on line 1026.
 1 SYSTEMPATH\Router\RouteCollection.php(1026): trigger_error('Passing lowercase HTTP method "post" is deprecated. Use uppercase HTTP method like "POST".', 16384)
 2 APPPATH\Config\Routes.php(101): CodeIgniter\Router\RouteCollection->match([...], 'sms/gateway', 'SmsController::gateway')
 3 SYSTEMPATH\Router\RouteCollection.php(339): require('D:\\xampp\\htdocs\\FloodGuard\\app\\Config\\Routes.php')
 4 SYSTEMPATH\CodeIgniter.php(821): CodeIgniter\Router\RouteCollection->loadRoutes()
 5 SYSTEMPATH\CodeIgniter.php(455): CodeIgniter\CodeIgniter->tryToRouteIt(null)
 6 SYSTEMPATH\CodeIgniter.php(354): CodeIgniter\CodeIgniter->handleRequest(null, Object(Config\Cache), false)
 7 SYSTEMPATH\Boot.php(334): CodeIgniter\CodeIgniter->run()
 8 SYSTEMPATH\Boot.php(67): CodeIgniter\Boot::runCodeIgniter(Object(CodeIgniter\CodeIgniter))
 9 FCPATH\index.php(59): CodeIgniter\Boot::bootWeb(Object(Config\Paths))
WARNING - 2025-12-05 03:19:20 --> [DEPRECATED] Passing lowercase HTTP method "get" is deprecated. Use uppercase HTTP method like "GET". in SYSTEMPATH\Router\RouteCollection.php on line 1026.
 1 SYSTEMPATH\Router\RouteCollection.php(1026): trigger_error('Passing lowercase HTTP method "get" is deprecated. Use uppercase HTTP method like "GET".', 16384)
 2 APPPATH\Config\Routes.php(101): CodeIgniter\Router\RouteCollection->match([...], 'sms/gateway', 'SmsController::gateway')
 3 SYSTEMPATH\Router\RouteCollection.php(339): require('D:\\xampp\\htdocs\\FloodGuard\\app\\Config\\Routes.php')
 4 SYSTEMPATH\CodeIgniter.php(821): CodeIgniter\Router\RouteCollection->loadRoutes()
 5 SYSTEMPATH\CodeIgniter.php(455): CodeIgniter\CodeIgniter->tryToRouteIt(null)
 6 SYSTEMPATH\CodeIgniter.php(354): CodeIgniter\CodeIgniter->handleRequest(null, Object(Config\Cache), false)
 7 SYSTEMPATH\Boot.php(334): CodeIgniter\CodeIgniter->run()
 8 SYSTEMPATH\Boot.php(67): CodeIgniter\Boot::runCodeIgniter(Object(CodeIgniter\CodeIgniter))
 9 FCPATH\index.php(59): CodeIgniter\Boot::bootWeb(Object(Config\Paths))
WARNING - 2025-12-05 03:19:20 --> [DEPRECATED] Passing lowercase HTTP method "post" is deprecated. Use uppercase HTTP method like "POST". in SYSTEMPATH\Router\RouteCollection.php on line 1026.
 1 SYSTEMPATH\Router\RouteCollection.php(1026): trigger_error('Passing lowercase HTTP method "post" is deprecated. Use uppercase HTTP method like "POST".', 16384)
 2 APPPATH\Config\Routes.php(101): CodeIgniter\Router\RouteCollection->match([...], 'sms/gateway', 'SmsController::gateway')
 3 SYSTEMPATH\Router\RouteCollection.php(339): require('D:\\xampp\\htdocs\\FloodGuard\\app\\Config\\Routes.php')
 4 SYSTEMPATH\CodeIgniter.php(821): CodeIgniter\Router\RouteCollection->loadRoutes()
 5 SYSTEMPATH\CodeIgniter.php(455): CodeIgniter\CodeIgniter->tryToRouteIt(null)
 6 SYSTEMPATH\CodeIgniter.php(354): CodeIgniter\CodeIgniter->handleRequest(null, Object(Config\Cache), false)
 7 SYSTEMPATH\Boot.php(334): CodeIgniter\CodeIgniter->run()
 8 SYSTEMPATH\Boot.php(67): CodeIgniter\Boot::runCodeIgniter(Object(CodeIgniter\CodeIgniter))
 9 FCPATH\index.php(59): CodeIgniter\Boot::bootWeb(Object(Config\Paths))
DEBUG - 2025-12-05 03:19:20 --> Session: Class initialized using 'CodeIgniter\Session\Handlers\FileHandler' driver.
WARNING - 2025-12-05 03:19:20 --> [DEPRECATED] Passing lowercase HTTP method "get" is deprecated. Use uppercase HTTP method like "GET". in SYSTEMPATH\Router\RouteCollection.php on line 1026.
 1 SYSTEMPATH\Router\RouteCollection.php(1026): trigger_error('Passing lowercase HTTP method "get" is deprecated. Use uppercase HTTP method like "GET".', 16384)
 2 APPPATH\Config\Routes.php(101): CodeIgniter\Router\RouteCollection->match([...], 'sms/gateway', 'SmsController::gateway')
 3 SYSTEMPATH\Router\RouteCollection.php(339): require('D:\\xampp\\htdocs\\FloodGuard\\app\\Config\\Routes.php')
 4 SYSTEMPATH\CodeIgniter.php(821): CodeIgniter\Router\RouteCollection->loadRoutes()
 5 SYSTEMPATH\CodeIgniter.php(455): CodeIgniter\CodeIgniter->tryToRouteIt(null)
 6 SYSTEMPATH\CodeIgniter.php(354): CodeIgniter\CodeIgniter->handleRequest(null, Object(Config\Cache), false)
 7 SYSTEMPATH\Boot.php(334): CodeIgniter\CodeIgniter->run()
 8 SYSTEMPATH\Boot.php(67): CodeIgniter\Boot::runCodeIgniter(Object(CodeIgniter\CodeIgniter))
 9 FCPATH\index.php(59): CodeIgniter\Boot::bootWeb(Object(Config\Paths))
WARNING - 2025-12-05 03:19:20 --> [DEPRECATED] Passing lowercase HTTP method "post" is deprecated. Use uppercase HTTP method like "POST". in SYSTEMPATH\Router\RouteCollection.php on line 1026.
 1 SYSTEMPATH\Router\RouteCollection.php(1026): trigger_error('Passing lowercase HTTP method "post" is deprecated. Use uppercase HTTP method like "POST".', 16384)
 2 APPPATH\Config\Routes.php(101): CodeIgniter\Router\RouteCollection->match([...], 'sms/gateway', 'SmsController::gateway')
 3 SYSTEMPATH\Router\RouteCollection.php(339): require('D:\\xampp\\htdocs\\FloodGuard\\app\\Config\\Routes.php')
 4 SYSTEMPATH\CodeIgniter.php(821): CodeIgniter\Router\RouteCollection->loadRoutes()
 5 SYSTEMPATH\CodeIgniter.php(455): CodeIgniter\CodeIgniter->tryToRouteIt(null)
 6 SYSTEMPATH\CodeIgniter.php(354): CodeIgniter\CodeIgniter->handleRequest(null, Object(Config\Cache), false)
 7 SYSTEMPATH\Boot.php(334): CodeIgniter\CodeIgniter->run()
 8 SYSTEMPATH\Boot.php(67): CodeIgniter\Boot::runCodeIgniter(Object(CodeIgniter\CodeIgniter))
 9 FCPATH\index.php(59): CodeIgniter\Boot::bootWeb(Object(Config\Paths))
DEBUG - 2025-12-05 03:19:20 --> Session: Class initialized using 'CodeIgniter\Session\Handlers\FileHandler' driver.
WARNING - 2025-12-05 04:30:39 --> [DEPRECATED] Passing lowercase HTTP method "get" is deprecated. Use uppercase HTTP method like "GET". in SYSTEMPATH\Router\RouteCollection.php on line 1026.
 1 SYSTEMPATH\Router\RouteCollection.php(1026): trigger_error('Passing lowercase HTTP method "get" is deprecated. Use uppercase HTTP method like "GET".', 16384)
 2 APPPATH\Config\Routes.php(101): CodeIgniter\Router\RouteCollection->match([...], 'sms/gateway', 'SmsController::gateway')
 3 SYSTEMPATH\Router\RouteCollection.php(339): require('D:\\xampp\\htdocs\\FloodGuard\\app\\Config\\Routes.php')
 4 SYSTEMPATH\CodeIgniter.php(821): CodeIgniter\Router\RouteCollection->loadRoutes()
 5 SYSTEMPATH\CodeIgniter.php(455): CodeIgniter\CodeIgniter->tryToRouteIt(null)
 6 SYSTEMPATH\CodeIgniter.php(354): CodeIgniter\CodeIgniter->handleRequest(null, Object(Config\Cache), false)
 7 SYSTEMPATH\Boot.php(334): CodeIgniter\CodeIgniter->run()
 8 SYSTEMPATH\Boot.php(67): CodeIgniter\Boot::runCodeIgniter(Object(CodeIgniter\CodeIgniter))
 9 FCPATH\index.php(59): CodeIgniter\Boot::bootWeb(Object(Config\Paths))
WARNING - 2025-12-05 04:30:39 --> [DEPRECATED] Passing lowercase HTTP method "get" is deprecated. Use uppercase HTTP method like "GET". in SYSTEMPATH\Router\RouteCollection.php on line 1026.
 1 SYSTEMPATH\Router\RouteCollection.php(1026): trigger_error('Passing lowercase HTTP method "get" is deprecated. Use uppercase HTTP method like "GET".', 16384)
 2 APPPATH\Config\Routes.php(101): CodeIgniter\Router\RouteCollection->match([...], 'sms/gateway', 'SmsController::gateway')
 3 SYSTEMPATH\Router\RouteCollection.php(339): require('D:\\xampp\\htdocs\\FloodGuard\\app\\Config\\Routes.php')
 4 SYSTEMPATH\CodeIgniter.php(821): CodeIgniter\Router\RouteCollection->loadRoutes()
 5 SYSTEMPATH\CodeIgniter.php(455): CodeIgniter\CodeIgniter->tryToRouteIt(null)
 6 SYSTEMPATH\CodeIgniter.php(354): CodeIgniter\CodeIgniter->handleRequest(null, Object(Config\Cache), false)
 7 SYSTEMPATH\Boot.php(334): CodeIgniter\CodeIgniter->run()
 8 SYSTEMPATH\Boot.php(67): CodeIgniter\Boot::runCodeIgniter(Object(CodeIgniter\CodeIgniter))
 9 FCPATH\index.php(59): CodeIgniter\Boot::bootWeb(Object(Config\Paths))
WARNING - 2025-12-05 04:30:39 --> [DEPRECATED] Passing lowercase HTTP method "post" is deprecated. Use uppercase HTTP method like "POST". in SYSTEMPATH\Router\RouteCollection.php on line 1026.
 1 SYSTEMPATH\Router\RouteCollection.php(1026): trigger_error('Passing lowercase HTTP method "post" is deprecated. Use uppercase HTTP method like "POST".', 16384)
 2 APPPATH\Config\Routes.php(101): CodeIgniter\Router\RouteCollection->match([...], 'sms/gateway', 'SmsController::gateway')
 3 SYSTEMPATH\Router\RouteCollection.php(339): require('D:\\xampp\\htdocs\\FloodGuard\\app\\Config\\Routes.php')
 4 SYSTEMPATH\CodeIgniter.php(821): CodeIgniter\Router\RouteCollection->loadRoutes()
 5 SYSTEMPATH\CodeIgniter.php(455): CodeIgniter\CodeIgniter->tryToRouteIt(null)
 6 SYSTEMPATH\CodeIgniter.php(354): CodeIgniter\CodeIgniter->handleRequest(null, Object(Config\Cache), false)
 7 SYSTEMPATH\Boot.php(334): CodeIgniter\CodeIgniter->run()
 8 SYSTEMPATH\Boot.php(67): CodeIgniter\Boot::runCodeIgniter(Object(CodeIgniter\CodeIgniter))
 9 FCPATH\index.php(59): CodeIgniter\Boot::bootWeb(Object(Config\Paths))
WARNING - 2025-12-05 04:30:39 --> [DEPRECATED] Passing lowercase HTTP method "post" is deprecated. Use uppercase HTTP method like "POST". in SYSTEMPATH\Router\RouteCollection.php on line 1026.
 1 SYSTEMPATH\Router\RouteCollection.php(1026): trigger_error('Passing lowercase HTTP method "post" is deprecated. Use uppercase HTTP method like "POST".', 16384)
 2 APPPATH\Config\Routes.php(101): CodeIgniter\Router\RouteCollection->match([...], 'sms/gateway', 'SmsController::gateway')
 3 SYSTEMPATH\Router\RouteCollection.php(339): require('D:\\xampp\\htdocs\\FloodGuard\\app\\Config\\Routes.php')
 4 SYSTEMPATH\CodeIgniter.php(821): CodeIgniter\Router\RouteCollection->loadRoutes()
 5 SYSTEMPATH\CodeIgniter.php(455): CodeIgniter\CodeIgniter->tryToRouteIt(null)
 6 SYSTEMPATH\CodeIgniter.php(354): CodeIgniter\CodeIgniter->handleRequest(null, Object(Config\Cache), false)
 7 SYSTEMPATH\Boot.php(334): CodeIgniter\CodeIgniter->run()
 8 SYSTEMPATH\Boot.php(67): CodeIgniter\Boot::runCodeIgniter(Object(CodeIgniter\CodeIgniter))
 9 FCPATH\index.php(59): CodeIgniter\Boot::bootWeb(Object(Config\Paths))
DEBUG - 2025-12-05 04:30:40 --> Session: Class initialized using 'CodeIgniter\Session\Handlers\FileHandler' driver.
DEBUG - 2025-12-05 04:30:40 --> Session: Class initialized using 'CodeIgniter\Session\Handlers\FileHandler' driver.
WARNING - 2025-12-05 04:30:42 --> [DEPRECATED] Passing lowercase HTTP method "get" is deprecated. Use uppercase HTTP method like "GET". in SYSTEMPATH\Router\RouteCollection.php on line 1026.
 1 SYSTEMPATH\Router\RouteCollection.php(1026): trigger_error('Passing lowercase HTTP method "get" is deprecated. Use uppercase HTTP method like "GET".', 16384)
 2 APPPATH\Config\Routes.php(101): CodeIgniter\Router\RouteCollection->match([...], 'sms/gateway', 'SmsController::gateway')
 3 SYSTEMPATH\Router\RouteCollection.php(339): require('D:\\xampp\\htdocs\\FloodGuard\\app\\Config\\Routes.php')
 4 SYSTEMPATH\CodeIgniter.php(821): CodeIgniter\Router\RouteCollection->loadRoutes()
 5 SYSTEMPATH\CodeIgniter.php(455): CodeIgniter\CodeIgniter->tryToRouteIt(null)
 6 SYSTEMPATH\CodeIgniter.php(354): CodeIgniter\CodeIgniter->handleRequest(null, Object(Config\Cache), false)
 7 SYSTEMPATH\Boot.php(334): CodeIgniter\CodeIgniter->run()
 8 SYSTEMPATH\Boot.php(67): CodeIgniter\Boot::runCodeIgniter(Object(CodeIgniter\CodeIgniter))
 9 FCPATH\index.php(59): CodeIgniter\Boot::bootWeb(Object(Config\Paths))
WARNING - 2025-12-05 04:30:42 --> [DEPRECATED] Passing lowercase HTTP method "post" is deprecated. Use uppercase HTTP method like "POST". in SYSTEMPATH\Router\RouteCollection.php on line 1026.
 1 SYSTEMPATH\Router\RouteCollection.php(1026): trigger_error('Passing lowercase HTTP method "post" is deprecated. Use uppercase HTTP method like "POST".', 16384)
 2 APPPATH\Config\Routes.php(101): CodeIgniter\Router\RouteCollection->match([...], 'sms/gateway', 'SmsController::gateway')
 3 SYSTEMPATH\Router\RouteCollection.php(339): require('D:\\xampp\\htdocs\\FloodGuard\\app\\Config\\Routes.php')
 4 SYSTEMPATH\CodeIgniter.php(821): CodeIgniter\Router\RouteCollection->loadRoutes()
 5 SYSTEMPATH\CodeIgniter.php(455): CodeIgniter\CodeIgniter->tryToRouteIt(null)
 6 SYSTEMPATH\CodeIgniter.php(354): CodeIgniter\CodeIgniter->handleRequest(null, Object(Config\Cache), false)
 7 SYSTEMPATH\Boot.php(334): CodeIgniter\CodeIgniter->run()
 8 SYSTEMPATH\Boot.php(67): CodeIgniter\Boot::runCodeIgniter(Object(CodeIgniter\CodeIgniter))
 9 FCPATH\index.php(59): CodeIgniter\Boot::bootWeb(Object(Config\Paths))
WARNING - 2025-12-05 04:30:42 --> [DEPRECATED] Passing lowercase HTTP method "get" is deprecated. Use uppercase HTTP method like "GET". in SYSTEMPATH\Router\RouteCollection.php on line 1026.
 1 SYSTEMPATH\Router\RouteCollection.php(1026): trigger_error('Passing lowercase HTTP method "get" is deprecated. Use uppercase HTTP method like "GET".', 16384)
 2 APPPATH\Config\Routes.php(101): CodeIgniter\Router\RouteCollection->match([...], 'sms/gateway', 'SmsController::gateway')
 3 SYSTEMPATH\Router\RouteCollection.php(339): require('D:\\xampp\\htdocs\\FloodGuard\\app\\Config\\Routes.php')
 4 SYSTEMPATH\CodeIgniter.php(821): CodeIgniter\Router\RouteCollection->loadRoutes()
 5 SYSTEMPATH\CodeIgniter.php(455): CodeIgniter\CodeIgniter->tryToRouteIt(null)
 6 SYSTEMPATH\CodeIgniter.php(354): CodeIgniter\CodeIgniter->handleRequest(null, Object(Config\Cache), false)
 7 SYSTEMPATH\Boot.php(334): CodeIgniter\CodeIgniter->run()
 8 SYSTEMPATH\Boot.php(67): CodeIgniter\Boot::runCodeIgniter(Object(CodeIgniter\CodeIgniter))
 9 FCPATH\index.php(59): CodeIgniter\Boot::bootWeb(Object(Config\Paths))
WARNING - 2025-12-05 04:30:42 --> [DEPRECATED] Passing lowercase HTTP method "post" is deprecated. Use uppercase HTTP method like "POST". in SYSTEMPATH\Router\RouteCollection.php on line 1026.
 1 SYSTEMPATH\Router\RouteCollection.php(1026): trigger_error('Passing lowercase HTTP method "post" is deprecated. Use uppercase HTTP method like "POST".', 16384)
 2 APPPATH\Config\Routes.php(101): CodeIgniter\Router\RouteCollection->match([...], 'sms/gateway', 'SmsController::gateway')
 3 SYSTEMPATH\Router\RouteCollection.php(339): require('D:\\xampp\\htdocs\\FloodGuard\\app\\Config\\Routes.php')
 4 SYSTEMPATH\CodeIgniter.php(821): CodeIgniter\Router\RouteCollection->loadRoutes()
 5 SYSTEMPATH\CodeIgniter.php(455): CodeIgniter\CodeIgniter->tryToRouteIt(null)
 6 SYSTEMPATH\CodeIgniter.php(354): CodeIgniter\CodeIgniter->handleRequest(null, Object(Config\Cache), false)
 7 SYSTEMPATH\Boot.php(334): CodeIgniter\CodeIgniter->run()
 8 SYSTEMPATH\Boot.php(67): CodeIgniter\Boot::runCodeIgniter(Object(CodeIgniter\CodeIgniter))
 9 FCPATH\index.php(59): CodeIgniter\Boot::bootWeb(Object(Config\Paths))
WARNING - 2025-12-05 04:30:44 --> [DEPRECATED] Passing lowercase HTTP method "get" is deprecated. Use uppercase HTTP method like "GET". in SYSTEMPATH\Router\RouteCollection.php on line 1026.
 1 SYSTEMPATH\Router\RouteCollection.php(1026): trigger_error('Passing lowercase HTTP method "get" is deprecated. Use uppercase HTTP method like "GET".', 16384)
 2 APPPATH\Config\Routes.php(101): CodeIgniter\Router\RouteCollection->match([...], 'sms/gateway', 'SmsController::gateway')
 3 SYSTEMPATH\Router\RouteCollection.php(339): require('D:\\xampp\\htdocs\\FloodGuard\\app\\Config\\Routes.php')
 4 SYSTEMPATH\CodeIgniter.php(821): CodeIgniter\Router\RouteCollection->loadRoutes()
 5 SYSTEMPATH\CodeIgniter.php(455): CodeIgniter\CodeIgniter->tryToRouteIt(null)
 6 SYSTEMPATH\CodeIgniter.php(354): CodeIgniter\CodeIgniter->handleRequest(null, Object(Config\Cache), false)
 7 SYSTEMPATH\Boot.php(334): CodeIgniter\CodeIgniter->run()
 8 SYSTEMPATH\Boot.php(67): CodeIgniter\Boot::runCodeIgniter(Object(CodeIgniter\CodeIgniter))
 9 FCPATH\index.php(59): CodeIgniter\Boot::bootWeb(Object(Config\Paths))
WARNING - 2025-12-05 04:30:44 --> [DEPRECATED] Passing lowercase HTTP method "post" is deprecated. Use uppercase HTTP method like "POST". in SYSTEMPATH\Router\RouteCollection.php on line 1026.
 1 SYSTEMPATH\Router\RouteCollection.php(1026): trigger_error('Passing lowercase HTTP method "post" is deprecated. Use uppercase HTTP method like "POST".', 16384)
 2 APPPATH\Config\Routes.php(101): CodeIgniter\Router\RouteCollection->match([...], 'sms/gateway', 'SmsController::gateway')
 3 SYSTEMPATH\Router\RouteCollection.php(339): require('D:\\xampp\\htdocs\\FloodGuard\\app\\Config\\Routes.php')
 4 SYSTEMPATH\CodeIgniter.php(821): CodeIgniter\Router\RouteCollection->loadRoutes()
 5 SYSTEMPATH\CodeIgniter.php(455): CodeIgniter\CodeIgniter->tryToRouteIt(null)
 6 SYSTEMPATH\CodeIgniter.php(354): CodeIgniter\CodeIgniter->handleRequest(null, Object(Config\Cache), false)
 7 SYSTEMPATH\Boot.php(334): CodeIgniter\CodeIgniter->run()
 8 SYSTEMPATH\Boot.php(67): CodeIgniter\Boot::runCodeIgniter(Object(CodeIgniter\CodeIgniter))
 9 FCPATH\index.php(59): CodeIgniter\Boot::bootWeb(Object(Config\Paths))
WARNING - 2025-12-05 04:35:00 --> [DEPRECATED] Passing lowercase HTTP method "get" is deprecated. Use uppercase HTTP method like "GET". in SYSTEMPATH\Router\RouteCollection.php on line 1026.
 1 SYSTEMPATH\Router\RouteCollection.php(1026): trigger_error('Passing lowercase HTTP method "get" is deprecated. Use uppercase HTTP method like "GET".', 16384)
 2 APPPATH\Config\Routes.php(101): CodeIgniter\Router\RouteCollection->match([...], 'sms/gateway', 'SmsController::gateway')
 3 SYSTEMPATH\Router\RouteCollection.php(339): require('D:\\xampp\\htdocs\\FloodGuard\\app\\Config\\Routes.php')
 4 SYSTEMPATH\CodeIgniter.php(821): CodeIgniter\Router\RouteCollection->loadRoutes()
 5 SYSTEMPATH\CodeIgniter.php(455): CodeIgniter\CodeIgniter->tryToRouteIt(null)
 6 SYSTEMPATH\CodeIgniter.php(354): CodeIgniter\CodeIgniter->handleRequest(null, Object(Config\Cache), false)
 7 SYSTEMPATH\Boot.php(334): CodeIgniter\CodeIgniter->run()
 8 SYSTEMPATH\Boot.php(67): CodeIgniter\Boot::runCodeIgniter(Object(CodeIgniter\CodeIgniter))
 9 FCPATH\index.php(59): CodeIgniter\Boot::bootWeb(Object(Config\Paths))
WARNING - 2025-12-05 04:35:00 --> [DEPRECATED] Passing lowercase HTTP method "post" is deprecated. Use uppercase HTTP method like "POST". in SYSTEMPATH\Router\RouteCollection.php on line 1026.
 1 SYSTEMPATH\Router\RouteCollection.php(1026): trigger_error('Passing lowercase HTTP method "post" is deprecated. Use uppercase HTTP method like "POST".', 16384)
 2 APPPATH\Config\Routes.php(101): CodeIgniter\Router\RouteCollection->match([...], 'sms/gateway', 'SmsController::gateway')
 3 SYSTEMPATH\Router\RouteCollection.php(339): require('D:\\xampp\\htdocs\\FloodGuard\\app\\Config\\Routes.php')
 4 SYSTEMPATH\CodeIgniter.php(821): CodeIgniter\Router\RouteCollection->loadRoutes()
 5 SYSTEMPATH\CodeIgniter.php(455): CodeIgniter\CodeIgniter->tryToRouteIt(null)
 6 SYSTEMPATH\CodeIgniter.php(354): CodeIgniter\CodeIgniter->handleRequest(null, Object(Config\Cache), false)
 7 SYSTEMPATH\Boot.php(334): CodeIgniter\CodeIgniter->run()
 8 SYSTEMPATH\Boot.php(67): CodeIgniter\Boot::runCodeIgniter(Object(CodeIgniter\CodeIgniter))
 9 FCPATH\index.php(59): CodeIgniter\Boot::bootWeb(Object(Config\Paths))
WARNING - 2025-12-05 05:20:00 --> [DEPRECATED] Passing lowercase HTTP method "get" is deprecated. Use uppercase HTTP method like "GET". in SYSTEMPATH\Router\RouteCollection.php on line 1026.
 1 SYSTEMPATH\Router\RouteCollection.php(1026): trigger_error('Passing lowercase HTTP method "get" is deprecated. Use uppercase HTTP method like "GET".', 16384)
 2 APPPATH\Config\Routes.php(101): CodeIgniter\Router\RouteCollection->match([...], 'sms/gateway', 'SmsController::gateway')
 3 SYSTEMPATH\Router\RouteCollection.php(339): require('D:\\xampp\\htdocs\\FloodGuard\\app\\Config\\Routes.php')
 4 SYSTEMPATH\CodeIgniter.php(821): CodeIgniter\Router\RouteCollection->loadRoutes()
 5 SYSTEMPATH\CodeIgniter.php(455): CodeIgniter\CodeIgniter->tryToRouteIt(null)
 6 SYSTEMPATH\CodeIgniter.php(354): CodeIgniter\CodeIgniter->handleRequest(null, Object(Config\Cache), false)
 7 SYSTEMPATH\Boot.php(334): CodeIgniter\CodeIgniter->run()
 8 SYSTEMPATH\Boot.php(67): CodeIgniter\Boot::runCodeIgniter(Object(CodeIgniter\CodeIgniter))
 9 FCPATH\index.php(59): CodeIgniter\Boot::bootWeb(Object(Config\Paths))
WARNING - 2025-12-05 05:20:00 --> [DEPRECATED] Passing lowercase HTTP method "post" is deprecated. Use uppercase HTTP method like "POST". in SYSTEMPATH\Router\RouteCollection.php on line 1026.
 1 SYSTEMPATH\Router\RouteCollection.php(1026): trigger_error('Passing lowercase HTTP method "post" is deprecated. Use uppercase HTTP method like "POST".', 16384)
 2 APPPATH\Config\Routes.php(101): CodeIgniter\Router\RouteCollection->match([...], 'sms/gateway', 'SmsController::gateway')
 3 SYSTEMPATH\Router\RouteCollection.php(339): require('D:\\xampp\\htdocs\\FloodGuard\\app\\Config\\Routes.php')
 4 SYSTEMPATH\CodeIgniter.php(821): CodeIgniter\Router\RouteCollection->loadRoutes()
 5 SYSTEMPATH\CodeIgniter.php(455): CodeIgniter\CodeIgniter->tryToRouteIt(null)
 6 SYSTEMPATH\CodeIgniter.php(354): CodeIgniter\CodeIgniter->handleRequest(null, Object(Config\Cache), false)
 7 SYSTEMPATH\Boot.php(334): CodeIgniter\CodeIgniter->run()
 8 SYSTEMPATH\Boot.php(67): CodeIgniter\Boot::runCodeIgniter(Object(CodeIgniter\CodeIgniter))
 9 FCPATH\index.php(59): CodeIgniter\Boot::bootWeb(Object(Config\Paths))
CRITICAL - 2025-12-05 13:20:12 --> CodeIgniter\HTTP\Exceptions\HTTPException: 6 : Could not resolve host: api.open-meteo.com
[Method: CLI, Route: autopost]
in SYSTEMPATH\HTTP\CURLRequest.php on line 711.
 1 SYSTEMPATH\HTTP\CURLRequest.php(711): CodeIgniter\HTTP\Exceptions\HTTPException::forCurlError('6', 'Could not resolve host: api.open-meteo.com')
 2 SYSTEMPATH\HTTP\CURLRequest.php(381): CodeIgniter\HTTP\CURLRequest->sendRequest([...])
 3 SYSTEMPATH\HTTP\CURLRequest.php(150): CodeIgniter\HTTP\CURLRequest->send('GET', 'https://api.open-meteo.com/v1/forecast?latitude=14.657293&longitude=121.11524&hourly=weather_code,rain,temperature_2m,soil_moisture_0_to_7cm,wind_gusts_10m&timezone=auto&start_date=2025-12-04&end_date=2025-12-06')
 4 SYSTEMPATH\HTTP\CURLRequest.php(185): CodeIgniter\HTTP\CURLRequest->request('GET', 'https://api.open-meteo.com/v1/forecast?latitude=14.657293&longitude=121.11524&hourly=weather_code,rain,temperature_2m,soil_moisture_0_to_7cm,wind_gusts_10m&timezone=auto&start_date=2025-12-04&end_date=2025-12-06', [])
 5 APPPATH\Controllers\AutoPost.php(89): CodeIgniter\HTTP\CURLRequest->get('https://api.open-meteo.com/v1/forecast?latitude=14.657293&longitude=121.11524&hourly=weather_code,rain,temperature_2m,soil_moisture_0_to_7cm,wind_gusts_10m&timezone=auto&start_date=2025-12-04&end_date=2025-12-06')
 6 APPPATH\Controllers\AutoPost.php(44): App\Controllers\AutoPost->getHourlyData()
 7 SYSTEMPATH\CodeIgniter.php(933): App\Controllers\AutoPost->index()
 8 SYSTEMPATH\CodeIgniter.php(507): CodeIgniter\CodeIgniter->runController(Object(App\Controllers\AutoPost))
 9 SYSTEMPATH\CodeIgniter.php(354): CodeIgniter\CodeIgniter->handleRequest(null, Object(Config\Cache), false)
10 SYSTEMPATH\Boot.php(334): CodeIgniter\CodeIgniter->run()
11 SYSTEMPATH\Boot.php(67): CodeIgniter\Boot::runCodeIgniter(Object(CodeIgniter\CodeIgniter))
12 FCPATH\index.php(59): CodeIgniter\Boot::bootWeb(Object(Config\Paths))
WARNING - 2025-12-05 06:50:00 --> [DEPRECATED] Passing lowercase HTTP method "get" is deprecated. Use uppercase HTTP method like "GET". in SYSTEMPATH\Router\RouteCollection.php on line 1026.
 1 SYSTEMPATH\Router\RouteCollection.php(1026): trigger_error('Passing lowercase HTTP method "get" is deprecated. Use uppercase HTTP method like "GET".', 16384)
 2 APPPATH\Config\Routes.php(101): CodeIgniter\Router\RouteCollection->match([...], 'sms/gateway', 'SmsController::gateway')
 3 SYSTEMPATH\Router\RouteCollection.php(339): require('D:\\xampp\\htdocs\\FloodGuard\\app\\Config\\Routes.php')
 4 SYSTEMPATH\CodeIgniter.php(821): CodeIgniter\Router\RouteCollection->loadRoutes()
 5 SYSTEMPATH\CodeIgniter.php(455): CodeIgniter\CodeIgniter->tryToRouteIt(null)
 6 SYSTEMPATH\CodeIgniter.php(354): CodeIgniter\CodeIgniter->handleRequest(null, Object(Config\Cache), false)
 7 SYSTEMPATH\Boot.php(334): CodeIgniter\CodeIgniter->run()
 8 SYSTEMPATH\Boot.php(67): CodeIgniter\Boot::runCodeIgniter(Object(CodeIgniter\CodeIgniter))
 9 FCPATH\index.php(59): CodeIgniter\Boot::bootWeb(Object(Config\Paths))
WARNING - 2025-12-05 06:50:00 --> [DEPRECATED] Passing lowercase HTTP method "post" is deprecated. Use uppercase HTTP method like "POST". in SYSTEMPATH\Router\RouteCollection.php on line 1026.
 1 SYSTEMPATH\Router\RouteCollection.php(1026): trigger_error('Passing lowercase HTTP method "post" is deprecated. Use uppercase HTTP method like "POST".', 16384)
 2 APPPATH\Config\Routes.php(101): CodeIgniter\Router\RouteCollection->match([...], 'sms/gateway', 'SmsController::gateway')
 3 SYSTEMPATH\Router\RouteCollection.php(339): require('D:\\xampp\\htdocs\\FloodGuard\\app\\Config\\Routes.php')
 4 SYSTEMPATH\CodeIgniter.php(821): CodeIgniter\Router\RouteCollection->loadRoutes()
 5 SYSTEMPATH\CodeIgniter.php(455): CodeIgniter\CodeIgniter->tryToRouteIt(null)
 6 SYSTEMPATH\CodeIgniter.php(354): CodeIgniter\CodeIgniter->handleRequest(null, Object(Config\Cache), false)
 7 SYSTEMPATH\Boot.php(334): CodeIgniter\CodeIgniter->run()
 8 SYSTEMPATH\Boot.php(67): CodeIgniter\Boot::runCodeIgniter(Object(CodeIgniter\CodeIgniter))
 9 FCPATH\index.php(59): CodeIgniter\Boot::bootWeb(Object(Config\Paths))
WARNING - 2025-12-05 07:35:00 --> [DEPRECATED] Passing lowercase HTTP method "get" is deprecated. Use uppercase HTTP method like "GET". in SYSTEMPATH\Router\RouteCollection.php on line 1026.
 1 SYSTEMPATH\Router\RouteCollection.php(1026): trigger_error('Passing lowercase HTTP method "get" is deprecated. Use uppercase HTTP method like "GET".', 16384)
 2 APPPATH\Config\Routes.php(101): CodeIgniter\Router\RouteCollection->match([...], 'sms/gateway', 'SmsController::gateway')
 3 SYSTEMPATH\Router\RouteCollection.php(339): require('D:\\xampp\\htdocs\\FloodGuard\\app\\Config\\Routes.php')
 4 SYSTEMPATH\CodeIgniter.php(821): CodeIgniter\Router\RouteCollection->loadRoutes()
 5 SYSTEMPATH\CodeIgniter.php(455): CodeIgniter\CodeIgniter->tryToRouteIt(null)
 6 SYSTEMPATH\CodeIgniter.php(354): CodeIgniter\CodeIgniter->handleRequest(null, Object(Config\Cache), false)
 7 SYSTEMPATH\Boot.php(334): CodeIgniter\CodeIgniter->run()
 8 SYSTEMPATH\Boot.php(67): CodeIgniter\Boot::runCodeIgniter(Object(CodeIgniter\CodeIgniter))
 9 FCPATH\index.php(59): CodeIgniter\Boot::bootWeb(Object(Config\Paths))
WARNING - 2025-12-05 07:35:00 --> [DEPRECATED] Passing lowercase HTTP method "post" is deprecated. Use uppercase HTTP method like "POST". in SYSTEMPATH\Router\RouteCollection.php on line 1026.
 1 SYSTEMPATH\Router\RouteCollection.php(1026): trigger_error('Passing lowercase HTTP method "post" is deprecated. Use uppercase HTTP method like "POST".', 16384)
 2 APPPATH\Config\Routes.php(101): CodeIgniter\Router\RouteCollection->match([...], 'sms/gateway', 'SmsController::gateway')
 3 SYSTEMPATH\Router\RouteCollection.php(339): require('D:\\xampp\\htdocs\\FloodGuard\\app\\Config\\Routes.php')
 4 SYSTEMPATH\CodeIgniter.php(821): CodeIgniter\Router\RouteCollection->loadRoutes()
 5 SYSTEMPATH\CodeIgniter.php(455): CodeIgniter\CodeIgniter->tryToRouteIt(null)
 6 SYSTEMPATH\CodeIgniter.php(354): CodeIgniter\CodeIgniter->handleRequest(null, Object(Config\Cache), false)
 7 SYSTEMPATH\Boot.php(334): CodeIgniter\CodeIgniter->run()
 8 SYSTEMPATH\Boot.php(67): CodeIgniter\Boot::runCodeIgniter(Object(CodeIgniter\CodeIgniter))
 9 FCPATH\index.php(59): CodeIgniter\Boot::bootWeb(Object(Config\Paths))
WARNING - 2025-12-05 08:20:13 --> [DEPRECATED] Passing lowercase HTTP method "get" is deprecated. Use uppercase HTTP method like "GET". in SYSTEMPATH\Router\RouteCollection.php on line 1026.
 1 SYSTEMPATH\Router\RouteCollection.php(1026): trigger_error('Passing lowercase HTTP method "get" is deprecated. Use uppercase HTTP method like "GET".', 16384)
 2 APPPATH\Config\Routes.php(101): CodeIgniter\Router\RouteCollection->match([...], 'sms/gateway', 'SmsController::gateway')
 3 SYSTEMPATH\Router\RouteCollection.php(339): require('D:\\xampp\\htdocs\\FloodGuard\\app\\Config\\Routes.php')
 4 SYSTEMPATH\CodeIgniter.php(821): CodeIgniter\Router\RouteCollection->loadRoutes()
 5 SYSTEMPATH\CodeIgniter.php(455): CodeIgniter\CodeIgniter->tryToRouteIt(null)
 6 SYSTEMPATH\CodeIgniter.php(354): CodeIgniter\CodeIgniter->handleRequest(null, Object(Config\Cache), false)
 7 SYSTEMPATH\Boot.php(334): CodeIgniter\CodeIgniter->run()
 8 SYSTEMPATH\Boot.php(67): CodeIgniter\Boot::runCodeIgniter(Object(CodeIgniter\CodeIgniter))
 9 FCPATH\index.php(59): CodeIgniter\Boot::bootWeb(Object(Config\Paths))
WARNING - 2025-12-05 08:20:13 --> [DEPRECATED] Passing lowercase HTTP method "post" is deprecated. Use uppercase HTTP method like "POST". in SYSTEMPATH\Router\RouteCollection.php on line 1026.
 1 SYSTEMPATH\Router\RouteCollection.php(1026): trigger_error('Passing lowercase HTTP method "post" is deprecated. Use uppercase HTTP method like "POST".', 16384)
 2 APPPATH\Config\Routes.php(101): CodeIgniter\Router\RouteCollection->match([...], 'sms/gateway', 'SmsController::gateway')
 3 SYSTEMPATH\Router\RouteCollection.php(339): require('D:\\xampp\\htdocs\\FloodGuard\\app\\Config\\Routes.php')
 4 SYSTEMPATH\CodeIgniter.php(821): CodeIgniter\Router\RouteCollection->loadRoutes()
 5 SYSTEMPATH\CodeIgniter.php(455): CodeIgniter\CodeIgniter->tryToRouteIt(null)
 6 SYSTEMPATH\CodeIgniter.php(354): CodeIgniter\CodeIgniter->handleRequest(null, Object(Config\Cache), false)
 7 SYSTEMPATH\Boot.php(334): CodeIgniter\CodeIgniter->run()
 8 SYSTEMPATH\Boot.php(67): CodeIgniter\Boot::runCodeIgniter(Object(CodeIgniter\CodeIgniter))
 9 FCPATH\index.php(59): CodeIgniter\Boot::bootWeb(Object(Config\Paths))
WARNING - 2025-12-05 08:35:09 --> [DEPRECATED] Passing lowercase HTTP method "get" is deprecated. Use uppercase HTTP method like "GET". in SYSTEMPATH\Router\RouteCollection.php on line 1026.
 1 SYSTEMPATH\Router\RouteCollection.php(1026): trigger_error('Passing lowercase HTTP method "get" is deprecated. Use uppercase HTTP method like "GET".', 16384)
 2 APPPATH\Config\Routes.php(101): CodeIgniter\Router\RouteCollection->match([...], 'sms/gateway', 'SmsController::gateway')
 3 SYSTEMPATH\Router\RouteCollection.php(339): require('D:\\xampp\\htdocs\\FloodGuard\\app\\Config\\Routes.php')
 4 SYSTEMPATH\CodeIgniter.php(821): CodeIgniter\Router\RouteCollection->loadRoutes()
 5 SYSTEMPATH\CodeIgniter.php(455): CodeIgniter\CodeIgniter->tryToRouteIt(null)
 6 SYSTEMPATH\CodeIgniter.php(354): CodeIgniter\CodeIgniter->handleRequest(null, Object(Config\Cache), false)
 7 SYSTEMPATH\Boot.php(334): CodeIgniter\CodeIgniter->run()
 8 SYSTEMPATH\Boot.php(67): CodeIgniter\Boot::runCodeIgniter(Object(CodeIgniter\CodeIgniter))
 9 FCPATH\index.php(59): CodeIgniter\Boot::bootWeb(Object(Config\Paths))
WARNING - 2025-12-05 08:35:09 --> [DEPRECATED] Passing lowercase HTTP method "post" is deprecated. Use uppercase HTTP method like "POST". in SYSTEMPATH\Router\RouteCollection.php on line 1026.
 1 SYSTEMPATH\Router\RouteCollection.php(1026): trigger_error('Passing lowercase HTTP method "post" is deprecated. Use uppercase HTTP method like "POST".', 16384)
 2 APPPATH\Config\Routes.php(101): CodeIgniter\Router\RouteCollection->match([...], 'sms/gateway', 'SmsController::gateway')
 3 SYSTEMPATH\Router\RouteCollection.php(339): require('D:\\xampp\\htdocs\\FloodGuard\\app\\Config\\Routes.php')
 4 SYSTEMPATH\CodeIgniter.php(821): CodeIgniter\Router\RouteCollection->loadRoutes()
 5 SYSTEMPATH\CodeIgniter.php(455): CodeIgniter\CodeIgniter->tryToRouteIt(null)
 6 SYSTEMPATH\CodeIgniter.php(354): CodeIgniter\CodeIgniter->handleRequest(null, Object(Config\Cache), false)
 7 SYSTEMPATH\Boot.php(334): CodeIgniter\CodeIgniter->run()
 8 SYSTEMPATH\Boot.php(67): CodeIgniter\Boot::runCodeIgniter(Object(CodeIgniter\CodeIgniter))
 9 FCPATH\index.php(59): CodeIgniter\Boot::bootWeb(Object(Config\Paths))
DEBUG - 2025-12-05 08:35:10 --> Session: Class initialized using 'CodeIgniter\Session\Handlers\FileHandler' driver.
WARNING - 2025-12-05 08:35:14 --> [DEPRECATED] Passing lowercase HTTP method "get" is deprecated. Use uppercase HTTP method like "GET". in SYSTEMPATH\Router\RouteCollection.php on line 1026.
 1 SYSTEMPATH\Router\RouteCollection.php(1026): trigger_error('Passing lowercase HTTP method "get" is deprecated. Use uppercase HTTP method like "GET".', 16384)
 2 APPPATH\Config\Routes.php(101): CodeIgniter\Router\RouteCollection->match([...], 'sms/gateway', 'SmsController::gateway')
 3 SYSTEMPATH\Router\RouteCollection.php(339): require('D:\\xampp\\htdocs\\FloodGuard\\app\\Config\\Routes.php')
 4 SYSTEMPATH\CodeIgniter.php(821): CodeIgniter\Router\RouteCollection->loadRoutes()
 5 SYSTEMPATH\CodeIgniter.php(455): CodeIgniter\CodeIgniter->tryToRouteIt(null)
 6 SYSTEMPATH\CodeIgniter.php(354): CodeIgniter\CodeIgniter->handleRequest(null, Object(Config\Cache), false)
 7 SYSTEMPATH\Boot.php(334): CodeIgniter\CodeIgniter->run()
 8 SYSTEMPATH\Boot.php(67): CodeIgniter\Boot::runCodeIgniter(Object(CodeIgniter\CodeIgniter))
 9 FCPATH\index.php(59): CodeIgniter\Boot::bootWeb(Object(Config\Paths))
WARNING - 2025-12-05 08:35:14 --> [DEPRECATED] Passing lowercase HTTP method "post" is deprecated. Use uppercase HTTP method like "POST". in SYSTEMPATH\Router\RouteCollection.php on line 1026.
 1 SYSTEMPATH\Router\RouteCollection.php(1026): trigger_error('Passing lowercase HTTP method "post" is deprecated. Use uppercase HTTP method like "POST".', 16384)
 2 APPPATH\Config\Routes.php(101): CodeIgniter\Router\RouteCollection->match([...], 'sms/gateway', 'SmsController::gateway')
 3 SYSTEMPATH\Router\RouteCollection.php(339): require('D:\\xampp\\htdocs\\FloodGuard\\app\\Config\\Routes.php')
 4 SYSTEMPATH\CodeIgniter.php(821): CodeIgniter\Router\RouteCollection->loadRoutes()
 5 SYSTEMPATH\CodeIgniter.php(455): CodeIgniter\CodeIgniter->tryToRouteIt(null)
 6 SYSTEMPATH\CodeIgniter.php(354): CodeIgniter\CodeIgniter->handleRequest(null, Object(Config\Cache), false)
 7 SYSTEMPATH\Boot.php(334): CodeIgniter\CodeIgniter->run()
 8 SYSTEMPATH\Boot.php(67): CodeIgniter\Boot::runCodeIgniter(Object(CodeIgniter\CodeIgniter))
 9 FCPATH\index.php(59): CodeIgniter\Boot::bootWeb(Object(Config\Paths))
WARNING - 2025-12-05 08:35:14 --> [DEPRECATED] Passing lowercase HTTP method "get" is deprecated. Use uppercase HTTP method like "GET". in SYSTEMPATH\Router\RouteCollection.php on line 1026.
 1 SYSTEMPATH\Router\RouteCollection.php(1026): trigger_error('Passing lowercase HTTP method "get" is deprecated. Use uppercase HTTP method like "GET".', 16384)
 2 APPPATH\Config\Routes.php(101): CodeIgniter\Router\RouteCollection->match([...], 'sms/gateway', 'SmsController::gateway')
 3 SYSTEMPATH\Router\RouteCollection.php(339): require('D:\\xampp\\htdocs\\FloodGuard\\app\\Config\\Routes.php')
 4 SYSTEMPATH\CodeIgniter.php(821): CodeIgniter\Router\RouteCollection->loadRoutes()
 5 SYSTEMPATH\CodeIgniter.php(455): CodeIgniter\CodeIgniter->tryToRouteIt(null)
 6 SYSTEMPATH\CodeIgniter.php(354): CodeIgniter\CodeIgniter->handleRequest(null, Object(Config\Cache), false)
 7 SYSTEMPATH\Boot.php(334): CodeIgniter\CodeIgniter->run()
 8 SYSTEMPATH\Boot.php(67): CodeIgniter\Boot::runCodeIgniter(Object(CodeIgniter\CodeIgniter))
 9 FCPATH\index.php(59): CodeIgniter\Boot::bootWeb(Object(Config\Paths))
WARNING - 2025-12-05 08:35:14 --> [DEPRECATED] Passing lowercase HTTP method "post" is deprecated. Use uppercase HTTP method like "POST". in SYSTEMPATH\Router\RouteCollection.php on line 1026.
 1 SYSTEMPATH\Router\RouteCollection.php(1026): trigger_error('Passing lowercase HTTP method "post" is deprecated. Use uppercase HTTP method like "POST".', 16384)
 2 APPPATH\Config\Routes.php(101): CodeIgniter\Router\RouteCollection->match([...], 'sms/gateway', 'SmsController::gateway')
 3 SYSTEMPATH\Router\RouteCollection.php(339): require('D:\\xampp\\htdocs\\FloodGuard\\app\\Config\\Routes.php')
 4 SYSTEMPATH\CodeIgniter.php(821): CodeIgniter\Router\RouteCollection->loadRoutes()
 5 SYSTEMPATH\CodeIgniter.php(455): CodeIgniter\CodeIgniter->tryToRouteIt(null)
 6 SYSTEMPATH\CodeIgniter.php(354): CodeIgniter\CodeIgniter->handleRequest(null, Object(Config\Cache), false)
 7 SYSTEMPATH\Boot.php(334): CodeIgniter\CodeIgniter->run()
 8 SYSTEMPATH\Boot.php(67): CodeIgniter\Boot::runCodeIgniter(Object(CodeIgniter\CodeIgniter))
 9 FCPATH\index.php(59): CodeIgniter\Boot::bootWeb(Object(Config\Paths))
WARNING - 2025-12-05 08:35:14 --> [DEPRECATED] Passing lowercase HTTP method "get" is deprecated. Use uppercase HTTP method like "GET". in SYSTEMPATH\Router\RouteCollection.php on line 1026.
 1 SYSTEMPATH\Router\RouteCollection.php(1026): trigger_error('Passing lowercase HTTP method "get" is deprecated. Use uppercase HTTP method like "GET".', 16384)
 2 APPPATH\Config\Routes.php(101): CodeIgniter\Router\RouteCollection->match([...], 'sms/gateway', 'SmsController::gateway')
 3 SYSTEMPATH\Router\RouteCollection.php(339): require('D:\\xampp\\htdocs\\FloodGuard\\app\\Config\\Routes.php')
 4 SYSTEMPATH\CodeIgniter.php(821): CodeIgniter\Router\RouteCollection->loadRoutes()
 5 SYSTEMPATH\CodeIgniter.php(455): CodeIgniter\CodeIgniter->tryToRouteIt(null)
 6 SYSTEMPATH\CodeIgniter.php(354): CodeIgniter\CodeIgniter->handleRequest(null, Object(Config\Cache), false)
 7 SYSTEMPATH\Boot.php(334): CodeIgniter\CodeIgniter->run()
 8 SYSTEMPATH\Boot.php(67): CodeIgniter\Boot::runCodeIgniter(Object(CodeIgniter\CodeIgniter))
 9 FCPATH\index.php(59): CodeIgniter\Boot::bootWeb(Object(Config\Paths))
WARNING - 2025-12-05 08:35:14 --> [DEPRECATED] Passing lowercase HTTP method "post" is deprecated. Use uppercase HTTP method like "POST". in SYSTEMPATH\Router\RouteCollection.php on line 1026.
 1 SYSTEMPATH\Router\RouteCollection.php(1026): trigger_error('Passing lowercase HTTP method "post" is deprecated. Use uppercase HTTP method like "POST".', 16384)
 2 APPPATH\Config\Routes.php(101): CodeIgniter\Router\RouteCollection->match([...], 'sms/gateway', 'SmsController::gateway')
 3 SYSTEMPATH\Router\RouteCollection.php(339): require('D:\\xampp\\htdocs\\FloodGuard\\app\\Config\\Routes.php')
 4 SYSTEMPATH\CodeIgniter.php(821): CodeIgniter\Router\RouteCollection->loadRoutes()
 5 SYSTEMPATH\CodeIgniter.php(455): CodeIgniter\CodeIgniter->tryToRouteIt(null)
 6 SYSTEMPATH\CodeIgniter.php(354): CodeIgniter\CodeIgniter->handleRequest(null, Object(Config\Cache), false)
 7 SYSTEMPATH\Boot.php(334): CodeIgniter\CodeIgniter->run()
 8 SYSTEMPATH\Boot.php(67): CodeIgniter\Boot::runCodeIgniter(Object(CodeIgniter\CodeIgniter))
 9 FCPATH\index.php(59): CodeIgniter\Boot::bootWeb(Object(Config\Paths))
WARNING - 2025-12-05 08:35:15 --> [DEPRECATED] Passing lowercase HTTP method "get" is deprecated. Use uppercase HTTP method like "GET". in SYSTEMPATH\Router\RouteCollection.php on line 1026.
 1 SYSTEMPATH\Router\RouteCollection.php(1026): trigger_error('Passing lowercase HTTP method "get" is deprecated. Use uppercase HTTP method like "GET".', 16384)
 2 APPPATH\Config\Routes.php(101): CodeIgniter\Router\RouteCollection->match([...], 'sms/gateway', 'SmsController::gateway')
 3 SYSTEMPATH\Router\RouteCollection.php(339): require('D:\\xampp\\htdocs\\FloodGuard\\app\\Config\\Routes.php')
 4 SYSTEMPATH\CodeIgniter.php(821): CodeIgniter\Router\RouteCollection->loadRoutes()
 5 SYSTEMPATH\CodeIgniter.php(455): CodeIgniter\CodeIgniter->tryToRouteIt(null)
 6 SYSTEMPATH\CodeIgniter.php(354): CodeIgniter\CodeIgniter->handleRequest(null, Object(Config\Cache), false)
 7 SYSTEMPATH\Boot.php(334): CodeIgniter\CodeIgniter->run()
 8 SYSTEMPATH\Boot.php(67): CodeIgniter\Boot::runCodeIgniter(Object(CodeIgniter\CodeIgniter))
 9 FCPATH\index.php(59): CodeIgniter\Boot::bootWeb(Object(Config\Paths))
WARNING - 2025-12-05 08:35:15 --> [DEPRECATED] Passing lowercase HTTP method "post" is deprecated. Use uppercase HTTP method like "POST". in SYSTEMPATH\Router\RouteCollection.php on line 1026.
 1 SYSTEMPATH\Router\RouteCollection.php(1026): trigger_error('Passing lowercase HTTP method "post" is deprecated. Use uppercase HTTP method like "POST".', 16384)
 2 APPPATH\Config\Routes.php(101): CodeIgniter\Router\RouteCollection->match([...], 'sms/gateway', 'SmsController::gateway')
 3 SYSTEMPATH\Router\RouteCollection.php(339): require('D:\\xampp\\htdocs\\FloodGuard\\app\\Config\\Routes.php')
 4 SYSTEMPATH\CodeIgniter.php(821): CodeIgniter\Router\RouteCollection->loadRoutes()
 5 SYSTEMPATH\CodeIgniter.php(455): CodeIgniter\CodeIgniter->tryToRouteIt(null)
 6 SYSTEMPATH\CodeIgniter.php(354): CodeIgniter\CodeIgniter->handleRequest(null, Object(Config\Cache), false)
 7 SYSTEMPATH\Boot.php(334): CodeIgniter\CodeIgniter->run()
 8 SYSTEMPATH\Boot.php(67): CodeIgniter\Boot::runCodeIgniter(Object(CodeIgniter\CodeIgniter))
 9 FCPATH\index.php(59): CodeIgniter\Boot::bootWeb(Object(Config\Paths))
WARNING - 2025-12-05 08:35:15 --> [DEPRECATED] Passing lowercase HTTP method "get" is deprecated. Use uppercase HTTP method like "GET". in SYSTEMPATH\Router\RouteCollection.php on line 1026.
 1 SYSTEMPATH\Router\RouteCollection.php(1026): trigger_error('Passing lowercase HTTP method "get" is deprecated. Use uppercase HTTP method like "GET".', 16384)
 2 APPPATH\Config\Routes.php(101): CodeIgniter\Router\RouteCollection->match([...], 'sms/gateway', 'SmsController::gateway')
 3 SYSTEMPATH\Router\RouteCollection.php(339): require('D:\\xampp\\htdocs\\FloodGuard\\app\\Config\\Routes.php')
 4 SYSTEMPATH\CodeIgniter.php(821): CodeIgniter\Router\RouteCollection->loadRoutes()
 5 SYSTEMPATH\CodeIgniter.php(455): CodeIgniter\CodeIgniter->tryToRouteIt(null)
 6 SYSTEMPATH\CodeIgniter.php(354): CodeIgniter\CodeIgniter->handleRequest(null, Object(Config\Cache), false)
 7 SYSTEMPATH\Boot.php(334): CodeIgniter\CodeIgniter->run()
 8 SYSTEMPATH\Boot.php(67): CodeIgniter\Boot::runCodeIgniter(Object(CodeIgniter\CodeIgniter))
 9 FCPATH\index.php(59): CodeIgniter\Boot::bootWeb(Object(Config\Paths))
WARNING - 2025-12-05 08:35:15 --> [DEPRECATED] Passing lowercase HTTP method "post" is deprecated. Use uppercase HTTP method like "POST". in SYSTEMPATH\Router\RouteCollection.php on line 1026.
 1 SYSTEMPATH\Router\RouteCollection.php(1026): trigger_error('Passing lowercase HTTP method "post" is deprecated. Use uppercase HTTP method like "POST".', 16384)
 2 APPPATH\Config\Routes.php(101): CodeIgniter\Router\RouteCollection->match([...], 'sms/gateway', 'SmsController::gateway')
 3 SYSTEMPATH\Router\RouteCollection.php(339): require('D:\\xampp\\htdocs\\FloodGuard\\app\\Config\\Routes.php')
 4 SYSTEMPATH\CodeIgniter.php(821): CodeIgniter\Router\RouteCollection->loadRoutes()
 5 SYSTEMPATH\CodeIgniter.php(455): CodeIgniter\CodeIgniter->tryToRouteIt(null)
 6 SYSTEMPATH\CodeIgniter.php(354): CodeIgniter\CodeIgniter->handleRequest(null, Object(Config\Cache), false)
 7 SYSTEMPATH\Boot.php(334): CodeIgniter\CodeIgniter->run()
 8 SYSTEMPATH\Boot.php(67): CodeIgniter\Boot::runCodeIgniter(Object(CodeIgniter\CodeIgniter))
 9 FCPATH\index.php(59): CodeIgniter\Boot::bootWeb(Object(Config\Paths))
WARNING - 2025-12-05 08:36:01 --> [DEPRECATED] Passing lowercase HTTP method "get" is deprecated. Use uppercase HTTP method like "GET". in SYSTEMPATH\Router\RouteCollection.php on line 1026.
 1 SYSTEMPATH\Router\RouteCollection.php(1026): trigger_error('Passing lowercase HTTP method "get" is deprecated. Use uppercase HTTP method like "GET".', 16384)
 2 APPPATH\Config\Routes.php(101): CodeIgniter\Router\RouteCollection->match([...], 'sms/gateway', 'SmsController::gateway')
 3 SYSTEMPATH\Router\RouteCollection.php(339): require('D:\\xampp\\htdocs\\FloodGuard\\app\\Config\\Routes.php')
 4 SYSTEMPATH\CodeIgniter.php(821): CodeIgniter\Router\RouteCollection->loadRoutes()
 5 SYSTEMPATH\CodeIgniter.php(455): CodeIgniter\CodeIgniter->tryToRouteIt(null)
 6 SYSTEMPATH\CodeIgniter.php(354): CodeIgniter\CodeIgniter->handleRequest(null, Object(Config\Cache), false)
 7 SYSTEMPATH\Boot.php(334): CodeIgniter\CodeIgniter->run()
 8 SYSTEMPATH\Boot.php(67): CodeIgniter\Boot::runCodeIgniter(Object(CodeIgniter\CodeIgniter))
 9 FCPATH\index.php(59): CodeIgniter\Boot::bootWeb(Object(Config\Paths))
WARNING - 2025-12-05 08:36:01 --> [DEPRECATED] Passing lowercase HTTP method "post" is deprecated. Use uppercase HTTP method like "POST". in SYSTEMPATH\Router\RouteCollection.php on line 1026.
 1 SYSTEMPATH\Router\RouteCollection.php(1026): trigger_error('Passing lowercase HTTP method "post" is deprecated. Use uppercase HTTP method like "POST".', 16384)
 2 APPPATH\Config\Routes.php(101): CodeIgniter\Router\RouteCollection->match([...], 'sms/gateway', 'SmsController::gateway')
 3 SYSTEMPATH\Router\RouteCollection.php(339): require('D:\\xampp\\htdocs\\FloodGuard\\app\\Config\\Routes.php')
 4 SYSTEMPATH\CodeIgniter.php(821): CodeIgniter\Router\RouteCollection->loadRoutes()
 5 SYSTEMPATH\CodeIgniter.php(455): CodeIgniter\CodeIgniter->tryToRouteIt(null)
 6 SYSTEMPATH\CodeIgniter.php(354): CodeIgniter\CodeIgniter->handleRequest(null, Object(Config\Cache), false)
 7 SYSTEMPATH\Boot.php(334): CodeIgniter\CodeIgniter->run()
 8 SYSTEMPATH\Boot.php(67): CodeIgniter\Boot::runCodeIgniter(Object(CodeIgniter\CodeIgniter))
 9 FCPATH\index.php(59): CodeIgniter\Boot::bootWeb(Object(Config\Paths))
DEBUG - 2025-12-05 08:36:02 --> Session: Class initialized using 'CodeIgniter\Session\Handlers\FileHandler' driver.
WARNING - 2025-12-05 08:36:02 --> [DEPRECATED] Passing lowercase HTTP method "get" is deprecated. Use uppercase HTTP method like "GET". in SYSTEMPATH\Router\RouteCollection.php on line 1026.
 1 SYSTEMPATH\Router\RouteCollection.php(1026): trigger_error('Passing lowercase HTTP method "get" is deprecated. Use uppercase HTTP method like "GET".', 16384)
 2 APPPATH\Config\Routes.php(101): CodeIgniter\Router\RouteCollection->match([...], 'sms/gateway', 'SmsController::gateway')
 3 SYSTEMPATH\Router\RouteCollection.php(339): require('D:\\xampp\\htdocs\\FloodGuard\\app\\Config\\Routes.php')
 4 SYSTEMPATH\CodeIgniter.php(821): CodeIgniter\Router\RouteCollection->loadRoutes()
 5 SYSTEMPATH\CodeIgniter.php(455): CodeIgniter\CodeIgniter->tryToRouteIt(null)
 6 SYSTEMPATH\CodeIgniter.php(354): CodeIgniter\CodeIgniter->handleRequest(null, Object(Config\Cache), false)
 7 SYSTEMPATH\Boot.php(334): CodeIgniter\CodeIgniter->run()
 8 SYSTEMPATH\Boot.php(67): CodeIgniter\Boot::runCodeIgniter(Object(CodeIgniter\CodeIgniter))
 9 FCPATH\index.php(59): CodeIgniter\Boot::bootWeb(Object(Config\Paths))
WARNING - 2025-12-05 08:36:02 --> [DEPRECATED] Passing lowercase HTTP method "post" is deprecated. Use uppercase HTTP method like "POST". in SYSTEMPATH\Router\RouteCollection.php on line 1026.
 1 SYSTEMPATH\Router\RouteCollection.php(1026): trigger_error('Passing lowercase HTTP method "post" is deprecated. Use uppercase HTTP method like "POST".', 16384)
 2 APPPATH\Config\Routes.php(101): CodeIgniter\Router\RouteCollection->match([...], 'sms/gateway', 'SmsController::gateway')
 3 SYSTEMPATH\Router\RouteCollection.php(339): require('D:\\xampp\\htdocs\\FloodGuard\\app\\Config\\Routes.php')
 4 SYSTEMPATH\CodeIgniter.php(821): CodeIgniter\Router\RouteCollection->loadRoutes()
 5 SYSTEMPATH\CodeIgniter.php(455): CodeIgniter\CodeIgniter->tryToRouteIt(null)
 6 SYSTEMPATH\CodeIgniter.php(354): CodeIgniter\CodeIgniter->handleRequest(null, Object(Config\Cache), false)
 7 SYSTEMPATH\Boot.php(334): CodeIgniter\CodeIgniter->run()
 8 SYSTEMPATH\Boot.php(67): CodeIgniter\Boot::runCodeIgniter(Object(CodeIgniter\CodeIgniter))
 9 FCPATH\index.php(59): CodeIgniter\Boot::bootWeb(Object(Config\Paths))
WARNING - 2025-12-05 08:36:12 --> [DEPRECATED] Passing lowercase HTTP method "get" is deprecated. Use uppercase HTTP method like "GET". in SYSTEMPATH\Router\RouteCollection.php on line 1026.
 1 SYSTEMPATH\Router\RouteCollection.php(1026): trigger_error('Passing lowercase HTTP method "get" is deprecated. Use uppercase HTTP method like "GET".', 16384)
 2 APPPATH\Config\Routes.php(101): CodeIgniter\Router\RouteCollection->match([...], 'sms/gateway', 'SmsController::gateway')
 3 SYSTEMPATH\Router\RouteCollection.php(339): require('D:\\xampp\\htdocs\\FloodGuard\\app\\Config\\Routes.php')
 4 SYSTEMPATH\CodeIgniter.php(821): CodeIgniter\Router\RouteCollection->loadRoutes()
 5 SYSTEMPATH\CodeIgniter.php(455): CodeIgniter\CodeIgniter->tryToRouteIt(null)
 6 SYSTEMPATH\CodeIgniter.php(354): CodeIgniter\CodeIgniter->handleRequest(null, Object(Config\Cache), false)
 7 SYSTEMPATH\Boot.php(334): CodeIgniter\CodeIgniter->run()
 8 SYSTEMPATH\Boot.php(67): CodeIgniter\Boot::runCodeIgniter(Object(CodeIgniter\CodeIgniter))
 9 FCPATH\index.php(59): CodeIgniter\Boot::bootWeb(Object(Config\Paths))
WARNING - 2025-12-05 08:36:12 --> [DEPRECATED] Passing lowercase HTTP method "post" is deprecated. Use uppercase HTTP method like "POST". in SYSTEMPATH\Router\RouteCollection.php on line 1026.
 1 SYSTEMPATH\Router\RouteCollection.php(1026): trigger_error('Passing lowercase HTTP method "post" is deprecated. Use uppercase HTTP method like "POST".', 16384)
 2 APPPATH\Config\Routes.php(101): CodeIgniter\Router\RouteCollection->match([...], 'sms/gateway', 'SmsController::gateway')
 3 SYSTEMPATH\Router\RouteCollection.php(339): require('D:\\xampp\\htdocs\\FloodGuard\\app\\Config\\Routes.php')
 4 SYSTEMPATH\CodeIgniter.php(821): CodeIgniter\Router\RouteCollection->loadRoutes()
 5 SYSTEMPATH\CodeIgniter.php(455): CodeIgniter\CodeIgniter->tryToRouteIt(null)
 6 SYSTEMPATH\CodeIgniter.php(354): CodeIgniter\CodeIgniter->handleRequest(null, Object(Config\Cache), false)
 7 SYSTEMPATH\Boot.php(334): CodeIgniter\CodeIgniter->run()
 8 SYSTEMPATH\Boot.php(67): CodeIgniter\Boot::runCodeIgniter(Object(CodeIgniter\CodeIgniter))
 9 FCPATH\index.php(59): CodeIgniter\Boot::bootWeb(Object(Config\Paths))
DEBUG - 2025-12-05 08:36:12 --> Session: Class initialized using 'CodeIgniter\Session\Handlers\FileHandler' driver.
WARNING - 2025-12-05 08:36:13 --> [DEPRECATED] Passing lowercase HTTP method "get" is deprecated. Use uppercase HTTP method like "GET". in SYSTEMPATH\Router\RouteCollection.php on line 1026.
 1 SYSTEMPATH\Router\RouteCollection.php(1026): trigger_error('Passing lowercase HTTP method "get" is deprecated. Use uppercase HTTP method like "GET".', 16384)
 2 APPPATH\Config\Routes.php(101): CodeIgniter\Router\RouteCollection->match([...], 'sms/gateway', 'SmsController::gateway')
 3 SYSTEMPATH\Router\RouteCollection.php(339): require('D:\\xampp\\htdocs\\FloodGuard\\app\\Config\\Routes.php')
 4 SYSTEMPATH\CodeIgniter.php(821): CodeIgniter\Router\RouteCollection->loadRoutes()
 5 SYSTEMPATH\CodeIgniter.php(455): CodeIgniter\CodeIgniter->tryToRouteIt(null)
 6 SYSTEMPATH\CodeIgniter.php(354): CodeIgniter\CodeIgniter->handleRequest(null, Object(Config\Cache), false)
 7 SYSTEMPATH\Boot.php(334): CodeIgniter\CodeIgniter->run()
 8 SYSTEMPATH\Boot.php(67): CodeIgniter\Boot::runCodeIgniter(Object(CodeIgniter\CodeIgniter))
 9 FCPATH\index.php(59): CodeIgniter\Boot::bootWeb(Object(Config\Paths))
WARNING - 2025-12-05 08:36:13 --> [DEPRECATED] Passing lowercase HTTP method "post" is deprecated. Use uppercase HTTP method like "POST". in SYSTEMPATH\Router\RouteCollection.php on line 1026.
 1 SYSTEMPATH\Router\RouteCollection.php(1026): trigger_error('Passing lowercase HTTP method "post" is deprecated. Use uppercase HTTP method like "POST".', 16384)
 2 APPPATH\Config\Routes.php(101): CodeIgniter\Router\RouteCollection->match([...], 'sms/gateway', 'SmsController::gateway')
 3 SYSTEMPATH\Router\RouteCollection.php(339): require('D:\\xampp\\htdocs\\FloodGuard\\app\\Config\\Routes.php')
 4 SYSTEMPATH\CodeIgniter.php(821): CodeIgniter\Router\RouteCollection->loadRoutes()
 5 SYSTEMPATH\CodeIgniter.php(455): CodeIgniter\CodeIgniter->tryToRouteIt(null)
 6 SYSTEMPATH\CodeIgniter.php(354): CodeIgniter\CodeIgniter->handleRequest(null, Object(Config\Cache), false)
 7 SYSTEMPATH\Boot.php(334): CodeIgniter\CodeIgniter->run()
 8 SYSTEMPATH\Boot.php(67): CodeIgniter\Boot::runCodeIgniter(Object(CodeIgniter\CodeIgniter))
 9 FCPATH\index.php(59): CodeIgniter\Boot::bootWeb(Object(Config\Paths))
WARNING - 2025-12-05 08:36:13 --> [DEPRECATED] Passing lowercase HTTP method "get" is deprecated. Use uppercase HTTP method like "GET". in SYSTEMPATH\Router\RouteCollection.php on line 1026.
 1 SYSTEMPATH\Router\RouteCollection.php(1026): trigger_error('Passing lowercase HTTP method "get" is deprecated. Use uppercase HTTP method like "GET".', 16384)
 2 APPPATH\Config\Routes.php(101): CodeIgniter\Router\RouteCollection->match([...], 'sms/gateway', 'SmsController::gateway')
 3 SYSTEMPATH\Router\RouteCollection.php(339): require('D:\\xampp\\htdocs\\FloodGuard\\app\\Config\\Routes.php')
 4 SYSTEMPATH\CodeIgniter.php(821): CodeIgniter\Router\RouteCollection->loadRoutes()
 5 SYSTEMPATH\CodeIgniter.php(455): CodeIgniter\CodeIgniter->tryToRouteIt(null)
 6 SYSTEMPATH\CodeIgniter.php(354): CodeIgniter\CodeIgniter->handleRequest(null, Object(Config\Cache), false)
 7 SYSTEMPATH\Boot.php(334): CodeIgniter\CodeIgniter->run()
 8 SYSTEMPATH\Boot.php(67): CodeIgniter\Boot::runCodeIgniter(Object(CodeIgniter\CodeIgniter))
 9 FCPATH\index.php(59): CodeIgniter\Boot::bootWeb(Object(Config\Paths))
WARNING - 2025-12-05 08:36:13 --> [DEPRECATED] Passing lowercase HTTP method "post" is deprecated. Use uppercase HTTP method like "POST". in SYSTEMPATH\Router\RouteCollection.php on line 1026.
 1 SYSTEMPATH\Router\RouteCollection.php(1026): trigger_error('Passing lowercase HTTP method "post" is deprecated. Use uppercase HTTP method like "POST".', 16384)
 2 APPPATH\Config\Routes.php(101): CodeIgniter\Router\RouteCollection->match([...], 'sms/gateway', 'SmsController::gateway')
 3 SYSTEMPATH\Router\RouteCollection.php(339): require('D:\\xampp\\htdocs\\FloodGuard\\app\\Config\\Routes.php')
 4 SYSTEMPATH\CodeIgniter.php(821): CodeIgniter\Router\RouteCollection->loadRoutes()
 5 SYSTEMPATH\CodeIgniter.php(455): CodeIgniter\CodeIgniter->tryToRouteIt(null)
 6 SYSTEMPATH\CodeIgniter.php(354): CodeIgniter\CodeIgniter->handleRequest(null, Object(Config\Cache), false)
 7 SYSTEMPATH\Boot.php(334): CodeIgniter\CodeIgniter->run()
 8 SYSTEMPATH\Boot.php(67): CodeIgniter\Boot::runCodeIgniter(Object(CodeIgniter\CodeIgniter))
 9 FCPATH\index.php(59): CodeIgniter\Boot::bootWeb(Object(Config\Paths))
WARNING - 2025-12-05 08:36:14 --> [DEPRECATED] Passing lowercase HTTP method "get" is deprecated. Use uppercase HTTP method like "GET". in SYSTEMPATH\Router\RouteCollection.php on line 1026.
 1 SYSTEMPATH\Router\RouteCollection.php(1026): trigger_error('Passing lowercase HTTP method "get" is deprecated. Use uppercase HTTP method like "GET".', 16384)
 2 APPPATH\Config\Routes.php(101): CodeIgniter\Router\RouteCollection->match([...], 'sms/gateway', 'SmsController::gateway')
 3 SYSTEMPATH\Router\RouteCollection.php(339): require('D:\\xampp\\htdocs\\FloodGuard\\app\\Config\\Routes.php')
 4 SYSTEMPATH\CodeIgniter.php(821): CodeIgniter\Router\RouteCollection->loadRoutes()
 5 SYSTEMPATH\CodeIgniter.php(455): CodeIgniter\CodeIgniter->tryToRouteIt(null)
 6 SYSTEMPATH\CodeIgniter.php(354): CodeIgniter\CodeIgniter->handleRequest(null, Object(Config\Cache), false)
 7 SYSTEMPATH\Boot.php(334): CodeIgniter\CodeIgniter->run()
 8 SYSTEMPATH\Boot.php(67): CodeIgniter\Boot::runCodeIgniter(Object(CodeIgniter\CodeIgniter))
 9 FCPATH\index.php(59): CodeIgniter\Boot::bootWeb(Object(Config\Paths))
WARNING - 2025-12-05 08:36:14 --> [DEPRECATED] Passing lowercase HTTP method "post" is deprecated. Use uppercase HTTP method like "POST". in SYSTEMPATH\Router\RouteCollection.php on line 1026.
 1 SYSTEMPATH\Router\RouteCollection.php(1026): trigger_error('Passing lowercase HTTP method "post" is deprecated. Use uppercase HTTP method like "POST".', 16384)
 2 APPPATH\Config\Routes.php(101): CodeIgniter\Router\RouteCollection->match([...], 'sms/gateway', 'SmsController::gateway')
 3 SYSTEMPATH\Router\RouteCollection.php(339): require('D:\\xampp\\htdocs\\FloodGuard\\app\\Config\\Routes.php')
 4 SYSTEMPATH\CodeIgniter.php(821): CodeIgniter\Router\RouteCollection->loadRoutes()
 5 SYSTEMPATH\CodeIgniter.php(455): CodeIgniter\CodeIgniter->tryToRouteIt(null)
 6 SYSTEMPATH\CodeIgniter.php(354): CodeIgniter\CodeIgniter->handleRequest(null, Object(Config\Cache), false)
 7 SYSTEMPATH\Boot.php(334): CodeIgniter\CodeIgniter->run()
 8 SYSTEMPATH\Boot.php(67): CodeIgniter\Boot::runCodeIgniter(Object(CodeIgniter\CodeIgniter))
 9 FCPATH\index.php(59): CodeIgniter\Boot::bootWeb(Object(Config\Paths))
WARNING - 2025-12-05 08:36:14 --> [DEPRECATED] Passing lowercase HTTP method "get" is deprecated. Use uppercase HTTP method like "GET". in SYSTEMPATH\Router\RouteCollection.php on line 1026.
 1 SYSTEMPATH\Router\RouteCollection.php(1026): trigger_error('Passing lowercase HTTP method "get" is deprecated. Use uppercase HTTP method like "GET".', 16384)
 2 APPPATH\Config\Routes.php(101): CodeIgniter\Router\RouteCollection->match([...], 'sms/gateway', 'SmsController::gateway')
 3 SYSTEMPATH\Router\RouteCollection.php(339): require('D:\\xampp\\htdocs\\FloodGuard\\app\\Config\\Routes.php')
 4 SYSTEMPATH\CodeIgniter.php(821): CodeIgniter\Router\RouteCollection->loadRoutes()
 5 SYSTEMPATH\CodeIgniter.php(455): CodeIgniter\CodeIgniter->tryToRouteIt(null)
 6 SYSTEMPATH\CodeIgniter.php(354): CodeIgniter\CodeIgniter->handleRequest(null, Object(Config\Cache), false)
 7 SYSTEMPATH\Boot.php(334): CodeIgniter\CodeIgniter->run()
 8 SYSTEMPATH\Boot.php(67): CodeIgniter\Boot::runCodeIgniter(Object(CodeIgniter\CodeIgniter))
 9 FCPATH\index.php(59): CodeIgniter\Boot::bootWeb(Object(Config\Paths))
WARNING - 2025-12-05 08:36:14 --> [DEPRECATED] Passing lowercase HTTP method "post" is deprecated. Use uppercase HTTP method like "POST". in SYSTEMPATH\Router\RouteCollection.php on line 1026.
 1 SYSTEMPATH\Router\RouteCollection.php(1026): trigger_error('Passing lowercase HTTP method "post" is deprecated. Use uppercase HTTP method like "POST".', 16384)
 2 APPPATH\Config\Routes.php(101): CodeIgniter\Router\RouteCollection->match([...], 'sms/gateway', 'SmsController::gateway')
 3 SYSTEMPATH\Router\RouteCollection.php(339): require('D:\\xampp\\htdocs\\FloodGuard\\app\\Config\\Routes.php')
 4 SYSTEMPATH\CodeIgniter.php(821): CodeIgniter\Router\RouteCollection->loadRoutes()
 5 SYSTEMPATH\CodeIgniter.php(455): CodeIgniter\CodeIgniter->tryToRouteIt(null)
 6 SYSTEMPATH\CodeIgniter.php(354): CodeIgniter\CodeIgniter->handleRequest(null, Object(Config\Cache), false)
 7 SYSTEMPATH\Boot.php(334): CodeIgniter\CodeIgniter->run()
 8 SYSTEMPATH\Boot.php(67): CodeIgniter\Boot::runCodeIgniter(Object(CodeIgniter\CodeIgniter))
 9 FCPATH\index.php(59): CodeIgniter\Boot::bootWeb(Object(Config\Paths))
WARNING - 2025-12-05 08:37:13 --> [DEPRECATED] Passing lowercase HTTP method "get" is deprecated. Use uppercase HTTP method like "GET". in SYSTEMPATH\Router\RouteCollection.php on line 1026.
 1 SYSTEMPATH\Router\RouteCollection.php(1026): trigger_error('Passing lowercase HTTP method "get" is deprecated. Use uppercase HTTP method like "GET".', 16384)
 2 APPPATH\Config\Routes.php(101): CodeIgniter\Router\RouteCollection->match([...], 'sms/gateway', 'SmsController::gateway')
 3 SYSTEMPATH\Router\RouteCollection.php(339): require('D:\\xampp\\htdocs\\FloodGuard\\app\\Config\\Routes.php')
 4 SYSTEMPATH\CodeIgniter.php(821): CodeIgniter\Router\RouteCollection->loadRoutes()
 5 SYSTEMPATH\CodeIgniter.php(455): CodeIgniter\CodeIgniter->tryToRouteIt(null)
 6 SYSTEMPATH\CodeIgniter.php(354): CodeIgniter\CodeIgniter->handleRequest(null, Object(Config\Cache), false)
 7 SYSTEMPATH\Boot.php(334): CodeIgniter\CodeIgniter->run()
 8 SYSTEMPATH\Boot.php(67): CodeIgniter\Boot::runCodeIgniter(Object(CodeIgniter\CodeIgniter))
 9 FCPATH\index.php(59): CodeIgniter\Boot::bootWeb(Object(Config\Paths))
WARNING - 2025-12-05 08:37:13 --> [DEPRECATED] Passing lowercase HTTP method "post" is deprecated. Use uppercase HTTP method like "POST". in SYSTEMPATH\Router\RouteCollection.php on line 1026.
 1 SYSTEMPATH\Router\RouteCollection.php(1026): trigger_error('Passing lowercase HTTP method "post" is deprecated. Use uppercase HTTP method like "POST".', 16384)
 2 APPPATH\Config\Routes.php(101): CodeIgniter\Router\RouteCollection->match([...], 'sms/gateway', 'SmsController::gateway')
 3 SYSTEMPATH\Router\RouteCollection.php(339): require('D:\\xampp\\htdocs\\FloodGuard\\app\\Config\\Routes.php')
 4 SYSTEMPATH\CodeIgniter.php(821): CodeIgniter\Router\RouteCollection->loadRoutes()
 5 SYSTEMPATH\CodeIgniter.php(455): CodeIgniter\CodeIgniter->tryToRouteIt(null)
 6 SYSTEMPATH\CodeIgniter.php(354): CodeIgniter\CodeIgniter->handleRequest(null, Object(Config\Cache), false)
 7 SYSTEMPATH\Boot.php(334): CodeIgniter\CodeIgniter->run()
 8 SYSTEMPATH\Boot.php(67): CodeIgniter\Boot::runCodeIgniter(Object(CodeIgniter\CodeIgniter))
 9 FCPATH\index.php(59): CodeIgniter\Boot::bootWeb(Object(Config\Paths))
DEBUG - 2025-12-05 08:37:13 --> Session: Class initialized using 'CodeIgniter\Session\Handlers\FileHandler' driver.
WARNING - 2025-12-05 08:37:14 --> [DEPRECATED] Passing lowercase HTTP method "get" is deprecated. Use uppercase HTTP method like "GET". in SYSTEMPATH\Router\RouteCollection.php on line 1026.
 1 SYSTEMPATH\Router\RouteCollection.php(1026): trigger_error('Passing lowercase HTTP method "get" is deprecated. Use uppercase HTTP method like "GET".', 16384)
 2 APPPATH\Config\Routes.php(101): CodeIgniter\Router\RouteCollection->match([...], 'sms/gateway', 'SmsController::gateway')
 3 SYSTEMPATH\Router\RouteCollection.php(339): require('D:\\xampp\\htdocs\\FloodGuard\\app\\Config\\Routes.php')
 4 SYSTEMPATH\CodeIgniter.php(821): CodeIgniter\Router\RouteCollection->loadRoutes()
 5 SYSTEMPATH\CodeIgniter.php(455): CodeIgniter\CodeIgniter->tryToRouteIt(null)
 6 SYSTEMPATH\CodeIgniter.php(354): CodeIgniter\CodeIgniter->handleRequest(null, Object(Config\Cache), false)
 7 SYSTEMPATH\Boot.php(334): CodeIgniter\CodeIgniter->run()
 8 SYSTEMPATH\Boot.php(67): CodeIgniter\Boot::runCodeIgniter(Object(CodeIgniter\CodeIgniter))
 9 FCPATH\index.php(59): CodeIgniter\Boot::bootWeb(Object(Config\Paths))
WARNING - 2025-12-05 08:37:14 --> [DEPRECATED] Passing lowercase HTTP method "post" is deprecated. Use uppercase HTTP method like "POST". in SYSTEMPATH\Router\RouteCollection.php on line 1026.
 1 SYSTEMPATH\Router\RouteCollection.php(1026): trigger_error('Passing lowercase HTTP method "post" is deprecated. Use uppercase HTTP method like "POST".', 16384)
 2 APPPATH\Config\Routes.php(101): CodeIgniter\Router\RouteCollection->match([...], 'sms/gateway', 'SmsController::gateway')
 3 SYSTEMPATH\Router\RouteCollection.php(339): require('D:\\xampp\\htdocs\\FloodGuard\\app\\Config\\Routes.php')
 4 SYSTEMPATH\CodeIgniter.php(821): CodeIgniter\Router\RouteCollection->loadRoutes()
 5 SYSTEMPATH\CodeIgniter.php(455): CodeIgniter\CodeIgniter->tryToRouteIt(null)
 6 SYSTEMPATH\CodeIgniter.php(354): CodeIgniter\CodeIgniter->handleRequest(null, Object(Config\Cache), false)
 7 SYSTEMPATH\Boot.php(334): CodeIgniter\CodeIgniter->run()
 8 SYSTEMPATH\Boot.php(67): CodeIgniter\Boot::runCodeIgniter(Object(CodeIgniter\CodeIgniter))
 9 FCPATH\index.php(59): CodeIgniter\Boot::bootWeb(Object(Config\Paths))
WARNING - 2025-12-05 08:37:14 --> [DEPRECATED] Passing lowercase HTTP method "get" is deprecated. Use uppercase HTTP method like "GET". in SYSTEMPATH\Router\RouteCollection.php on line 1026.
 1 SYSTEMPATH\Router\RouteCollection.php(1026): trigger_error('Passing lowercase HTTP method "get" is deprecated. Use uppercase HTTP method like "GET".', 16384)
 2 APPPATH\Config\Routes.php(101): CodeIgniter\Router\RouteCollection->match([...], 'sms/gateway', 'SmsController::gateway')
 3 SYSTEMPATH\Router\RouteCollection.php(339): require('D:\\xampp\\htdocs\\FloodGuard\\app\\Config\\Routes.php')
 4 SYSTEMPATH\CodeIgniter.php(821): CodeIgniter\Router\RouteCollection->loadRoutes()
 5 SYSTEMPATH\CodeIgniter.php(455): CodeIgniter\CodeIgniter->tryToRouteIt(null)
 6 SYSTEMPATH\CodeIgniter.php(354): CodeIgniter\CodeIgniter->handleRequest(null, Object(Config\Cache), false)
 7 SYSTEMPATH\Boot.php(334): CodeIgniter\CodeIgniter->run()
 8 SYSTEMPATH\Boot.php(67): CodeIgniter\Boot::runCodeIgniter(Object(CodeIgniter\CodeIgniter))
 9 FCPATH\index.php(59): CodeIgniter\Boot::bootWeb(Object(Config\Paths))
WARNING - 2025-12-05 08:37:14 --> [DEPRECATED] Passing lowercase HTTP method "post" is deprecated. Use uppercase HTTP method like "POST". in SYSTEMPATH\Router\RouteCollection.php on line 1026.
 1 SYSTEMPATH\Router\RouteCollection.php(1026): trigger_error('Passing lowercase HTTP method "post" is deprecated. Use uppercase HTTP method like "POST".', 16384)
 2 APPPATH\Config\Routes.php(101): CodeIgniter\Router\RouteCollection->match([...], 'sms/gateway', 'SmsController::gateway')
 3 SYSTEMPATH\Router\RouteCollection.php(339): require('D:\\xampp\\htdocs\\FloodGuard\\app\\Config\\Routes.php')
 4 SYSTEMPATH\CodeIgniter.php(821): CodeIgniter\Router\RouteCollection->loadRoutes()
 5 SYSTEMPATH\CodeIgniter.php(455): CodeIgniter\CodeIgniter->tryToRouteIt(null)
 6 SYSTEMPATH\CodeIgniter.php(354): CodeIgniter\CodeIgniter->handleRequest(null, Object(Config\Cache), false)
 7 SYSTEMPATH\Boot.php(334): CodeIgniter\CodeIgniter->run()
 8 SYSTEMPATH\Boot.php(67): CodeIgniter\Boot::runCodeIgniter(Object(CodeIgniter\CodeIgniter))
 9 FCPATH\index.php(59): CodeIgniter\Boot::bootWeb(Object(Config\Paths))
WARNING - 2025-12-05 08:37:14 --> [DEPRECATED] Passing lowercase HTTP method "get" is deprecated. Use uppercase HTTP method like "GET". in SYSTEMPATH\Router\RouteCollection.php on line 1026.
 1 SYSTEMPATH\Router\RouteCollection.php(1026): trigger_error('Passing lowercase HTTP method "get" is deprecated. Use uppercase HTTP method like "GET".', 16384)
 2 APPPATH\Config\Routes.php(101): CodeIgniter\Router\RouteCollection->match([...], 'sms/gateway', 'SmsController::gateway')
 3 SYSTEMPATH\Router\RouteCollection.php(339): require('D:\\xampp\\htdocs\\FloodGuard\\app\\Config\\Routes.php')
 4 SYSTEMPATH\CodeIgniter.php(821): CodeIgniter\Router\RouteCollection->loadRoutes()
 5 SYSTEMPATH\CodeIgniter.php(455): CodeIgniter\CodeIgniter->tryToRouteIt(null)
 6 SYSTEMPATH\CodeIgniter.php(354): CodeIgniter\CodeIgniter->handleRequest(null, Object(Config\Cache), false)
 7 SYSTEMPATH\Boot.php(334): CodeIgniter\CodeIgniter->run()
 8 SYSTEMPATH\Boot.php(67): CodeIgniter\Boot::runCodeIgniter(Object(CodeIgniter\CodeIgniter))
 9 FCPATH\index.php(59): CodeIgniter\Boot::bootWeb(Object(Config\Paths))
WARNING - 2025-12-05 08:37:14 --> [DEPRECATED] Passing lowercase HTTP method "get" is deprecated. Use uppercase HTTP method like "GET". in SYSTEMPATH\Router\RouteCollection.php on line 1026.
 1 SYSTEMPATH\Router\RouteCollection.php(1026): trigger_error('Passing lowercase HTTP method "get" is deprecated. Use uppercase HTTP method like "GET".', 16384)
 2 APPPATH\Config\Routes.php(101): CodeIgniter\Router\RouteCollection->match([...], 'sms/gateway', 'SmsController::gateway')
 3 SYSTEMPATH\Router\RouteCollection.php(339): require('D:\\xampp\\htdocs\\FloodGuard\\app\\Config\\Routes.php')
 4 SYSTEMPATH\CodeIgniter.php(821): CodeIgniter\Router\RouteCollection->loadRoutes()
 5 SYSTEMPATH\CodeIgniter.php(455): CodeIgniter\CodeIgniter->tryToRouteIt(null)
 6 SYSTEMPATH\CodeIgniter.php(354): CodeIgniter\CodeIgniter->handleRequest(null, Object(Config\Cache), false)
 7 SYSTEMPATH\Boot.php(334): CodeIgniter\CodeIgniter->run()
 8 SYSTEMPATH\Boot.php(67): CodeIgniter\Boot::runCodeIgniter(Object(CodeIgniter\CodeIgniter))
 9 FCPATH\index.php(59): CodeIgniter\Boot::bootWeb(Object(Config\Paths))
WARNING - 2025-12-05 08:37:14 --> [DEPRECATED] Passing lowercase HTTP method "post" is deprecated. Use uppercase HTTP method like "POST". in SYSTEMPATH\Router\RouteCollection.php on line 1026.
 1 SYSTEMPATH\Router\RouteCollection.php(1026): trigger_error('Passing lowercase HTTP method "post" is deprecated. Use uppercase HTTP method like "POST".', 16384)
 2 APPPATH\Config\Routes.php(101): CodeIgniter\Router\RouteCollection->match([...], 'sms/gateway', 'SmsController::gateway')
 3 SYSTEMPATH\Router\RouteCollection.php(339): require('D:\\xampp\\htdocs\\FloodGuard\\app\\Config\\Routes.php')
 4 SYSTEMPATH\CodeIgniter.php(821): CodeIgniter\Router\RouteCollection->loadRoutes()
 5 SYSTEMPATH\CodeIgniter.php(455): CodeIgniter\CodeIgniter->tryToRouteIt(null)
 6 SYSTEMPATH\CodeIgniter.php(354): CodeIgniter\CodeIgniter->handleRequest(null, Object(Config\Cache), false)
 7 SYSTEMPATH\Boot.php(334): CodeIgniter\CodeIgniter->run()
 8 SYSTEMPATH\Boot.php(67): CodeIgniter\Boot::runCodeIgniter(Object(CodeIgniter\CodeIgniter))
 9 FCPATH\index.php(59): CodeIgniter\Boot::bootWeb(Object(Config\Paths))
WARNING - 2025-12-05 08:37:14 --> [DEPRECATED] Passing lowercase HTTP method "post" is deprecated. Use uppercase HTTP method like "POST". in SYSTEMPATH\Router\RouteCollection.php on line 1026.
 1 SYSTEMPATH\Router\RouteCollection.php(1026): trigger_error('Passing lowercase HTTP method "post" is deprecated. Use uppercase HTTP method like "POST".', 16384)
 2 APPPATH\Config\Routes.php(101): CodeIgniter\Router\RouteCollection->match([...], 'sms/gateway', 'SmsController::gateway')
 3 SYSTEMPATH\Router\RouteCollection.php(339): require('D:\\xampp\\htdocs\\FloodGuard\\app\\Config\\Routes.php')
 4 SYSTEMPATH\CodeIgniter.php(821): CodeIgniter\Router\RouteCollection->loadRoutes()
 5 SYSTEMPATH\CodeIgniter.php(455): CodeIgniter\CodeIgniter->tryToRouteIt(null)
 6 SYSTEMPATH\CodeIgniter.php(354): CodeIgniter\CodeIgniter->handleRequest(null, Object(Config\Cache), false)
 7 SYSTEMPATH\Boot.php(334): CodeIgniter\CodeIgniter->run()
 8 SYSTEMPATH\Boot.php(67): CodeIgniter\Boot::runCodeIgniter(Object(CodeIgniter\CodeIgniter))
 9 FCPATH\index.php(59): CodeIgniter\Boot::bootWeb(Object(Config\Paths))
WARNING - 2025-12-05 08:37:33 --> [DEPRECATED] Passing lowercase HTTP method "get" is deprecated. Use uppercase HTTP method like "GET". in SYSTEMPATH\Router\RouteCollection.php on line 1026.
 1 SYSTEMPATH\Router\RouteCollection.php(1026): trigger_error('Passing lowercase HTTP method "get" is deprecated. Use uppercase HTTP method like "GET".', 16384)
 2 APPPATH\Config\Routes.php(101): CodeIgniter\Router\RouteCollection->match([...], 'sms/gateway', 'SmsController::gateway')
 3 SYSTEMPATH\Router\RouteCollection.php(339): require('D:\\xampp\\htdocs\\FloodGuard\\app\\Config\\Routes.php')
 4 SYSTEMPATH\CodeIgniter.php(821): CodeIgniter\Router\RouteCollection->loadRoutes()
 5 SYSTEMPATH\CodeIgniter.php(455): CodeIgniter\CodeIgniter->tryToRouteIt(null)
 6 SYSTEMPATH\CodeIgniter.php(354): CodeIgniter\CodeIgniter->handleRequest(null, Object(Config\Cache), false)
 7 SYSTEMPATH\Boot.php(334): CodeIgniter\CodeIgniter->run()
 8 SYSTEMPATH\Boot.php(67): CodeIgniter\Boot::runCodeIgniter(Object(CodeIgniter\CodeIgniter))
 9 FCPATH\index.php(59): CodeIgniter\Boot::bootWeb(Object(Config\Paths))
WARNING - 2025-12-05 08:37:33 --> [DEPRECATED] Passing lowercase HTTP method "post" is deprecated. Use uppercase HTTP method like "POST". in SYSTEMPATH\Router\RouteCollection.php on line 1026.
 1 SYSTEMPATH\Router\RouteCollection.php(1026): trigger_error('Passing lowercase HTTP method "post" is deprecated. Use uppercase HTTP method like "POST".', 16384)
 2 APPPATH\Config\Routes.php(101): CodeIgniter\Router\RouteCollection->match([...], 'sms/gateway', 'SmsController::gateway')
 3 SYSTEMPATH\Router\RouteCollection.php(339): require('D:\\xampp\\htdocs\\FloodGuard\\app\\Config\\Routes.php')
 4 SYSTEMPATH\CodeIgniter.php(821): CodeIgniter\Router\RouteCollection->loadRoutes()
 5 SYSTEMPATH\CodeIgniter.php(455): CodeIgniter\CodeIgniter->tryToRouteIt(null)
 6 SYSTEMPATH\CodeIgniter.php(354): CodeIgniter\CodeIgniter->handleRequest(null, Object(Config\Cache), false)
 7 SYSTEMPATH\Boot.php(334): CodeIgniter\CodeIgniter->run()
 8 SYSTEMPATH\Boot.php(67): CodeIgniter\Boot::runCodeIgniter(Object(CodeIgniter\CodeIgniter))
 9 FCPATH\index.php(59): CodeIgniter\Boot::bootWeb(Object(Config\Paths))
DEBUG - 2025-12-05 08:37:33 --> Session: Class initialized using 'CodeIgniter\Session\Handlers\FileHandler' driver.
WARNING - 2025-12-05 08:37:33 --> [DEPRECATED] Passing lowercase HTTP method "get" is deprecated. Use uppercase HTTP method like "GET". in SYSTEMPATH\Router\RouteCollection.php on line 1026.
 1 SYSTEMPATH\Router\RouteCollection.php(1026): trigger_error('Passing lowercase HTTP method "get" is deprecated. Use uppercase HTTP method like "GET".', 16384)
 2 APPPATH\Config\Routes.php(101): CodeIgniter\Router\RouteCollection->match([...], 'sms/gateway', 'SmsController::gateway')
 3 SYSTEMPATH\Router\RouteCollection.php(339): require('D:\\xampp\\htdocs\\FloodGuard\\app\\Config\\Routes.php')
 4 SYSTEMPATH\CodeIgniter.php(821): CodeIgniter\Router\RouteCollection->loadRoutes()
 5 SYSTEMPATH\CodeIgniter.php(455): CodeIgniter\CodeIgniter->tryToRouteIt(null)
 6 SYSTEMPATH\CodeIgniter.php(354): CodeIgniter\CodeIgniter->handleRequest(null, Object(Config\Cache), false)
 7 SYSTEMPATH\Boot.php(334): CodeIgniter\CodeIgniter->run()
 8 SYSTEMPATH\Boot.php(67): CodeIgniter\Boot::runCodeIgniter(Object(CodeIgniter\CodeIgniter))
 9 FCPATH\index.php(59): CodeIgniter\Boot::bootWeb(Object(Config\Paths))
WARNING - 2025-12-05 08:37:33 --> [DEPRECATED] Passing lowercase HTTP method "post" is deprecated. Use uppercase HTTP method like "POST". in SYSTEMPATH\Router\RouteCollection.php on line 1026.
 1 SYSTEMPATH\Router\RouteCollection.php(1026): trigger_error('Passing lowercase HTTP method "post" is deprecated. Use uppercase HTTP method like "POST".', 16384)
 2 APPPATH\Config\Routes.php(101): CodeIgniter\Router\RouteCollection->match([...], 'sms/gateway', 'SmsController::gateway')
 3 SYSTEMPATH\Router\RouteCollection.php(339): require('D:\\xampp\\htdocs\\FloodGuard\\app\\Config\\Routes.php')
 4 SYSTEMPATH\CodeIgniter.php(821): CodeIgniter\Router\RouteCollection->loadRoutes()
 5 SYSTEMPATH\CodeIgniter.php(455): CodeIgniter\CodeIgniter->tryToRouteIt(null)
 6 SYSTEMPATH\CodeIgniter.php(354): CodeIgniter\CodeIgniter->handleRequest(null, Object(Config\Cache), false)
 7 SYSTEMPATH\Boot.php(334): CodeIgniter\CodeIgniter->run()
 8 SYSTEMPATH\Boot.php(67): CodeIgniter\Boot::runCodeIgniter(Object(CodeIgniter\CodeIgniter))
 9 FCPATH\index.php(59): CodeIgniter\Boot::bootWeb(Object(Config\Paths))
WARNING - 2025-12-05 08:37:34 --> [DEPRECATED] Passing lowercase HTTP method "get" is deprecated. Use uppercase HTTP method like "GET". in SYSTEMPATH\Router\RouteCollection.php on line 1026.
 1 SYSTEMPATH\Router\RouteCollection.php(1026): trigger_error('Passing lowercase HTTP method "get" is deprecated. Use uppercase HTTP method like "GET".', 16384)
 2 APPPATH\Config\Routes.php(101): CodeIgniter\Router\RouteCollection->match([...], 'sms/gateway', 'SmsController::gateway')
 3 SYSTEMPATH\Router\RouteCollection.php(339): require('D:\\xampp\\htdocs\\FloodGuard\\app\\Config\\Routes.php')
 4 SYSTEMPATH\CodeIgniter.php(821): CodeIgniter\Router\RouteCollection->loadRoutes()
 5 SYSTEMPATH\CodeIgniter.php(455): CodeIgniter\CodeIgniter->tryToRouteIt(null)
 6 SYSTEMPATH\CodeIgniter.php(354): CodeIgniter\CodeIgniter->handleRequest(null, Object(Config\Cache), false)
 7 SYSTEMPATH\Boot.php(334): CodeIgniter\CodeIgniter->run()
 8 SYSTEMPATH\Boot.php(67): CodeIgniter\Boot::runCodeIgniter(Object(CodeIgniter\CodeIgniter))
 9 FCPATH\index.php(59): CodeIgniter\Boot::bootWeb(Object(Config\Paths))
WARNING - 2025-12-05 08:37:34 --> [DEPRECATED] Passing lowercase HTTP method "post" is deprecated. Use uppercase HTTP method like "POST". in SYSTEMPATH\Router\RouteCollection.php on line 1026.
 1 SYSTEMPATH\Router\RouteCollection.php(1026): trigger_error('Passing lowercase HTTP method "post" is deprecated. Use uppercase HTTP method like "POST".', 16384)
 2 APPPATH\Config\Routes.php(101): CodeIgniter\Router\RouteCollection->match([...], 'sms/gateway', 'SmsController::gateway')
 3 SYSTEMPATH\Router\RouteCollection.php(339): require('D:\\xampp\\htdocs\\FloodGuard\\app\\Config\\Routes.php')
 4 SYSTEMPATH\CodeIgniter.php(821): CodeIgniter\Router\RouteCollection->loadRoutes()
 5 SYSTEMPATH\CodeIgniter.php(455): CodeIgniter\CodeIgniter->tryToRouteIt(null)
 6 SYSTEMPATH\CodeIgniter.php(354): CodeIgniter\CodeIgniter->handleRequest(null, Object(Config\Cache), false)
 7 SYSTEMPATH\Boot.php(334): CodeIgniter\CodeIgniter->run()
 8 SYSTEMPATH\Boot.php(67): CodeIgniter\Boot::runCodeIgniter(Object(CodeIgniter\CodeIgniter))
 9 FCPATH\index.php(59): CodeIgniter\Boot::bootWeb(Object(Config\Paths))
WARNING - 2025-12-05 08:37:34 --> [DEPRECATED] Passing lowercase HTTP method "get" is deprecated. Use uppercase HTTP method like "GET". in SYSTEMPATH\Router\RouteCollection.php on line 1026.
 1 SYSTEMPATH\Router\RouteCollection.php(1026): trigger_error('Passing lowercase HTTP method "get" is deprecated. Use uppercase HTTP method like "GET".', 16384)
 2 APPPATH\Config\Routes.php(101): CodeIgniter\Router\RouteCollection->match([...], 'sms/gateway', 'SmsController::gateway')
 3 SYSTEMPATH\Router\RouteCollection.php(339): require('D:\\xampp\\htdocs\\FloodGuard\\app\\Config\\Routes.php')
 4 SYSTEMPATH\CodeIgniter.php(821): CodeIgniter\Router\RouteCollection->loadRoutes()
 5 SYSTEMPATH\CodeIgniter.php(455): CodeIgniter\CodeIgniter->tryToRouteIt(null)
 6 SYSTEMPATH\CodeIgniter.php(354): CodeIgniter\CodeIgniter->handleRequest(null, Object(Config\Cache), false)
 7 SYSTEMPATH\Boot.php(334): CodeIgniter\CodeIgniter->run()
 8 SYSTEMPATH\Boot.php(67): CodeIgniter\Boot::runCodeIgniter(Object(CodeIgniter\CodeIgniter))
 9 FCPATH\index.php(59): CodeIgniter\Boot::bootWeb(Object(Config\Paths))
WARNING - 2025-12-05 08:37:34 --> [DEPRECATED] Passing lowercase HTTP method "get" is deprecated. Use uppercase HTTP method like "GET". in SYSTEMPATH\Router\RouteCollection.php on line 1026.
 1 SYSTEMPATH\Router\RouteCollection.php(1026): trigger_error('Passing lowercase HTTP method "get" is deprecated. Use uppercase HTTP method like "GET".', 16384)
 2 APPPATH\Config\Routes.php(101): CodeIgniter\Router\RouteCollection->match([...], 'sms/gateway', 'SmsController::gateway')
 3 SYSTEMPATH\Router\RouteCollection.php(339): require('D:\\xampp\\htdocs\\FloodGuard\\app\\Config\\Routes.php')
 4 SYSTEMPATH\CodeIgniter.php(821): CodeIgniter\Router\RouteCollection->loadRoutes()
 5 SYSTEMPATH\CodeIgniter.php(455): CodeIgniter\CodeIgniter->tryToRouteIt(null)
 6 SYSTEMPATH\CodeIgniter.php(354): CodeIgniter\CodeIgniter->handleRequest(null, Object(Config\Cache), false)
 7 SYSTEMPATH\Boot.php(334): CodeIgniter\CodeIgniter->run()
 8 SYSTEMPATH\Boot.php(67): CodeIgniter\Boot::runCodeIgniter(Object(CodeIgniter\CodeIgniter))
 9 FCPATH\index.php(59): CodeIgniter\Boot::bootWeb(Object(Config\Paths))
WARNING - 2025-12-05 08:37:34 --> [DEPRECATED] Passing lowercase HTTP method "post" is deprecated. Use uppercase HTTP method like "POST". in SYSTEMPATH\Router\RouteCollection.php on line 1026.
 1 SYSTEMPATH\Router\RouteCollection.php(1026): trigger_error('Passing lowercase HTTP method "post" is deprecated. Use uppercase HTTP method like "POST".', 16384)
 2 APPPATH\Config\Routes.php(101): CodeIgniter\Router\RouteCollection->match([...], 'sms/gateway', 'SmsController::gateway')
 3 SYSTEMPATH\Router\RouteCollection.php(339): require('D:\\xampp\\htdocs\\FloodGuard\\app\\Config\\Routes.php')
 4 SYSTEMPATH\CodeIgniter.php(821): CodeIgniter\Router\RouteCollection->loadRoutes()
 5 SYSTEMPATH\CodeIgniter.php(455): CodeIgniter\CodeIgniter->tryToRouteIt(null)
 6 SYSTEMPATH\CodeIgniter.php(354): CodeIgniter\CodeIgniter->handleRequest(null, Object(Config\Cache), false)
 7 SYSTEMPATH\Boot.php(334): CodeIgniter\CodeIgniter->run()
 8 SYSTEMPATH\Boot.php(67): CodeIgniter\Boot::runCodeIgniter(Object(CodeIgniter\CodeIgniter))
 9 FCPATH\index.php(59): CodeIgniter\Boot::bootWeb(Object(Config\Paths))
WARNING - 2025-12-05 08:37:34 --> [DEPRECATED] Passing lowercase HTTP method "post" is deprecated. Use uppercase HTTP method like "POST". in SYSTEMPATH\Router\RouteCollection.php on line 1026.
 1 SYSTEMPATH\Router\RouteCollection.php(1026): trigger_error('Passing lowercase HTTP method "post" is deprecated. Use uppercase HTTP method like "POST".', 16384)
 2 APPPATH\Config\Routes.php(101): CodeIgniter\Router\RouteCollection->match([...], 'sms/gateway', 'SmsController::gateway')
 3 SYSTEMPATH\Router\RouteCollection.php(339): require('D:\\xampp\\htdocs\\FloodGuard\\app\\Config\\Routes.php')
 4 SYSTEMPATH\CodeIgniter.php(821): CodeIgniter\Router\RouteCollection->loadRoutes()
 5 SYSTEMPATH\CodeIgniter.php(455): CodeIgniter\CodeIgniter->tryToRouteIt(null)
 6 SYSTEMPATH\CodeIgniter.php(354): CodeIgniter\CodeIgniter->handleRequest(null, Object(Config\Cache), false)
 7 SYSTEMPATH\Boot.php(334): CodeIgniter\CodeIgniter->run()
 8 SYSTEMPATH\Boot.php(67): CodeIgniter\Boot::runCodeIgniter(Object(CodeIgniter\CodeIgniter))
 9 FCPATH\index.php(59): CodeIgniter\Boot::bootWeb(Object(Config\Paths))
WARNING - 2025-12-05 09:05:00 --> [DEPRECATED] Passing lowercase HTTP method "get" is deprecated. Use uppercase HTTP method like "GET". in SYSTEMPATH\Router\RouteCollection.php on line 1026.
 1 SYSTEMPATH\Router\RouteCollection.php(1026): trigger_error('Passing lowercase HTTP method "get" is deprecated. Use uppercase HTTP method like "GET".', 16384)
 2 APPPATH\Config\Routes.php(101): CodeIgniter\Router\RouteCollection->match([...], 'sms/gateway', 'SmsController::gateway')
 3 SYSTEMPATH\Router\RouteCollection.php(339): require('D:\\xampp\\htdocs\\FloodGuard\\app\\Config\\Routes.php')
 4 SYSTEMPATH\CodeIgniter.php(821): CodeIgniter\Router\RouteCollection->loadRoutes()
 5 SYSTEMPATH\CodeIgniter.php(455): CodeIgniter\CodeIgniter->tryToRouteIt(null)
 6 SYSTEMPATH\CodeIgniter.php(354): CodeIgniter\CodeIgniter->handleRequest(null, Object(Config\Cache), false)
 7 SYSTEMPATH\Boot.php(334): CodeIgniter\CodeIgniter->run()
 8 SYSTEMPATH\Boot.php(67): CodeIgniter\Boot::runCodeIgniter(Object(CodeIgniter\CodeIgniter))
 9 FCPATH\index.php(59): CodeIgniter\Boot::bootWeb(Object(Config\Paths))
WARNING - 2025-12-05 09:05:00 --> [DEPRECATED] Passing lowercase HTTP method "post" is deprecated. Use uppercase HTTP method like "POST". in SYSTEMPATH\Router\RouteCollection.php on line 1026.
 1 SYSTEMPATH\Router\RouteCollection.php(1026): trigger_error('Passing lowercase HTTP method "post" is deprecated. Use uppercase HTTP method like "POST".', 16384)
 2 APPPATH\Config\Routes.php(101): CodeIgniter\Router\RouteCollection->match([...], 'sms/gateway', 'SmsController::gateway')
 3 SYSTEMPATH\Router\RouteCollection.php(339): require('D:\\xampp\\htdocs\\FloodGuard\\app\\Config\\Routes.php')
 4 SYSTEMPATH\CodeIgniter.php(821): CodeIgniter\Router\RouteCollection->loadRoutes()
 5 SYSTEMPATH\CodeIgniter.php(455): CodeIgniter\CodeIgniter->tryToRouteIt(null)
 6 SYSTEMPATH\CodeIgniter.php(354): CodeIgniter\CodeIgniter->handleRequest(null, Object(Config\Cache), false)
 7 SYSTEMPATH\Boot.php(334): CodeIgniter\CodeIgniter->run()
 8 SYSTEMPATH\Boot.php(67): CodeIgniter\Boot::runCodeIgniter(Object(CodeIgniter\CodeIgniter))
 9 FCPATH\index.php(59): CodeIgniter\Boot::bootWeb(Object(Config\Paths))
